// Generated by Advanced Image2C++ Converter
// Display: ST7789 (240x280)
// Format: 16-bit RGB565
// Rotation: 0°
// Background: #ff4b23
#include <Arduino.h>
const uint16_t Axum[] PROGMEM = {
  0xfa44, 0xfa44, 0xfa44, 0xfa44, 0xfa44, 0xfa44, 0xfa44, 0xfa44,
  0xfa44, 0xfa44, 0xfa44, 0xfa44, 0xfa44, 0xfa44, 0xfa44, 0xfa44,
  0xfa44, 0xfa44, 0xfa44, 0xfa44, 0xfa44, 0xfa44, 0xfa44, 0xfa44,
  0xfa44, 0xfa44, 0xfa44, 0xfa44, 0xfa44, 0xfa44, 0xfa44, 0xfa44,
  0xfa44, 0xfa44, 0xfa44, 0xfa44, 0xfa44, 0xfa44, 0xfa44, 0xfa44,
  0xfa44, 0xfa44, 0xfa44, 0xfa44, 0xfa44, 0xfa44, 0xfa44, 0xfa44,
  0xfa44, 0xfa44, 0xfa44, 0xfa44, 0xfa44, 0xfa44, 0xfa44, 0xfa44,
  0xfa44, 0xfa44, 0xfa44, 0xfa44, 0xfa44, 0xfa44, 0xfa44, 0xfa44,
  0xfa44, 0xfa44, 0xfa44, 0xfa44, 0xfa44, 0xfa44, 0xfa44, 0xfa44,
  0xfa44, 0xfa44, 0xfa44, 0xfa44, 0xfa44, 0xfa44, 0xfa44, 0xfa44,
  0xfa44, 0xfa44, 0xfa44, 0xfa44, 0xfa44, 0xfa44, 0xfa44, 0xfa44,
  0xfa44, 0xfa44, 0xfa44, 0xfa44, 0xfa44, 0xfa44, 0xfa44, 0xfa44,
  0xfa44, 0xfa44, 0xfa44, 0xfa44, 0xfa44, 0xfa44, 0xfa44, 0xfa44,
  0xfa44, 0xfa44, 0xfa44, 0xfa44, 0xfa44, 0xfa44, 0xfa44, 0xfa44,
  0xfa44, 0xfa44, 0xfa44, 0xfa44, 0xfa44, 0xfa44, 0xfa44, 0xfa44,
  0xfa44, 0xfa44, 0xfa44, 0xfa44, 0xfa44, 0xfa44, 0xfa44, 0xfa44,
  0xfa44, 0xfa44, 0xfa44, 0xfa44, 0xfa44, 0xfa44, 0xfa44, 0xfa44,
  0xfa44, 0xfa44, 0xfa44, 0xfa44, 0xfa44, 0xfa44, 0xfa44, 0xfa44,
  0xfa44, 0xfa44, 0xfa44, 0xfa44, 0xfa44, 0xfa44, 0xfa44, 0xfa44,
  0xfa44, 0xfa44, 0xfa44, 0xfa44, 0xfa44, 0xfa44, 0xfa44, 0xfa44,
  0xfa44, 0xfa44, 0xfa44, 0xfa44, 0xfa44, 0xfa44, 0xfa44, 0xfa44,
  0xfa44, 0xfa44, 0xfa44, 0xfa44, 0xfa44, 0xfa44, 0xfa44, 0xfa44,
  0xfa44, 0xfa44, 0xfa44, 0xfa44, 0xfa44, 0xfa44, 0xfa44, 0xfa44,
  0xfa44, 0xfa44, 0xfa44, 0xfa44, 0xfa44, 0xfa44, 0xfa44, 0xfa44,
  0xfa44, 0xfa44, 0xfa44, 0xfa44, 0xfa44, 0xfa44, 0xfa44, 0xfa44,
  0xfa44, 0xfa44, 0xfa44, 0xfa44, 0xfa44, 0xfa44, 0xfa44, 0xfa44,
  0xfa44, 0xfa44, 0xfa44, 0xfa44, 0xfa44, 0xfa44, 0xfa44, 0xfa44,
  0xfa44, 0xfa44, 0xfa44, 0xfa44, 0xfa44, 0xfa44, 0xfa44, 0xfa44,
  0xfa44, 0xfa44, 0xfa44, 0xfa44, 0xfa44, 0xfa44, 0xfa44, 0xfa44,
  0xfa44, 0xfa44, 0xfa44, 0xfa44, 0xfa44, 0xfa44, 0xfa44, 0xfa44,
  0xfa44, 0xfa44, 0xfa44, 0xfa44, 0xfa44, 0xfa44, 0xfa44, 0xfa44,
  0xfa44, 0xfa44, 0xfa44, 0xfa44, 0xfa44, 0xfa44, 0xfa44, 0xfa44,
  0xfa44, 0xfa44, 0xfa44, 0xfa44, 0xfa44, 0xfa44, 0xfa44, 0xfa44,
  0xfa44, 0xfa44, 0xfa44, 0xfa44, 0xfa44, 0xfa44, 0xfa44, 0xfa44,
  0xfa44, 0xfa44, 0xfa44, 0xfa44, 0xfa44, 0xfa44, 0xfa44, 0xfa44,
  0xfa44, 0xfa44, 0xfa44, 0xfa44, 0xfa44, 0xfa44, 0xfa44, 0xfa44,
  0xfa44, 0xfa44, 0xfa44, 0xfa44, 0xfa44, 0xfa44, 0xfa44, 0xfa44,
  0xfa44, 0xfa44, 0xfa44, 0xfa44, 0xfa44, 0xfa44, 0xfa44, 0xfa44,
  0xfa44, 0xfa44, 0xfa44, 0xfa44, 0xfa44, 0xfa44, 0xfa44, 0xfa44,
  0xfa44, 0xfa44, 0xfa44, 0xfa44, 0xfa44, 0xfa44, 0xfa44, 0xfa44,
  0xfa44, 0xfa44, 0xfa44, 0xfa44, 0xfa44, 0xfa44, 0xfa44, 0xfa44,
  0xfa44, 0xfa44, 0xfa44, 0xfa44, 0xfa44, 0xfa44, 0xfa44, 0xfa44,
  0xfa44, 0xfa44, 0xfa44, 0xfa44, 0xfa44, 0xfa44, 0xfa44, 0xfa44,
  0xfa44, 0xfa44, 0xfa44, 0xfa44, 0xfa44, 0xfa44, 0xfa44, 0xfa44,
  0xfa44, 0xfa44, 0xfa44, 0xfa44, 0xfa44, 0xfa44, 0xfa44, 0xfa44,
  0xfa44, 0xfa44, 0xfa44, 0xfa44, 0xfa44, 0xfa44, 0xfa44, 0xfa44,
  0xfa44, 0xfa44, 0xfa44, 0xfa44, 0xfa44, 0xfa44, 0xfa44, 0xfa44,
  0xfa44, 0xfa44, 0xfa44, 0xfa44, 0xfa44, 0xfa44, 0xfa44, 0xfa44,
  0xfa44, 0xfa44, 0xfa44, 0xfa44, 0xfa44, 0xfa44, 0xfa44, 0xfa44,
  0xfa44, 0xfa44, 0xfa44, 0xfa44, 0xfa44, 0xfa44, 0xfa44, 0xfa44,
  0xfa44, 0xfa44, 0xfa44, 0xfa44, 0xfa44, 0xfa44, 0xfa44, 0xfa44,
  0xfa44, 0xfa44, 0xfa44, 0xfa44, 0xfa44, 0xfa44, 0xfa44, 0xfa44,
  0xfa44, 0xfa44, 0xfa44, 0xfa44, 0xfa44, 0xfa44, 0xfa44, 0xfa44,
  0xfa44, 0xfa44, 0xfa44, 0xfa44, 0xfa44, 0xfa44, 0xfa44, 0xfa44,
  0xfa44, 0xfa44, 0xfa44, 0xfa44, 0xfa44, 0xfa44, 0xfa44, 0xfa44,
  0xfa44, 0xfa44, 0xfa44, 0xfa44, 0xfa44, 0xfa44, 0xfa44, 0xfa44,
  0xfa44, 0xfa44, 0xfa44, 0xfa44, 0xfa44, 0xfa44, 0xfa44, 0xfa44,
  0xfa44, 0xfa44, 0xfa44, 0xfa44, 0xfa44, 0xfa44, 0xfa44, 0xfa44,
  0xfa44, 0xfa44, 0xfa44, 0xfa44, 0xfa44, 0xfa44, 0xfa44, 0xfa44,
  0xfa44, 0xfa44, 0xfa44, 0xfa44, 0xfa44, 0xfa44, 0xfa44, 0xfa44,
  0xfa44, 0xfa44, 0xfa44, 0xfa44, 0xfa44, 0xfa44, 0xfa44, 0xfa44,
  0xfa44, 0xfa44, 0xfa44, 0xfa44, 0xfa44, 0xfa44, 0xfa44, 0xfa44,
  0xfa44, 0xfa44, 0xfa44, 0xfa44, 0xfa44, 0xfa44, 0xfa44, 0xfa44,
  0xfa44, 0xfa44, 0xfa44, 0xfa44, 0xfa44, 0xfa44, 0xfa44, 0xfa44,
  0xfa44, 0xfa44, 0xfa44, 0xfa44, 0xfa44, 0xfa44, 0xfa44, 0xfa44,
  0xfa44, 0xfa44, 0xfa44, 0xfa44, 0xfa44, 0xfa44, 0xfa44, 0xfa44,
  0xfa44, 0xfa44, 0xfa44, 0xfa44, 0xfa44, 0xfa44, 0xfa44, 0xfa44,
  0xfa44, 0xfa44, 0xfa44, 0xfa44, 0xfa44, 0xfa44, 0xfa44, 0xfa44,
  0xfa44, 0xfa44, 0xfa44, 0xfa44, 0xfa44, 0xfa44, 0xfa44, 0xfa44,
  0xfa44, 0xfa44, 0xfa44, 0xfa44, 0xfa44, 0xfa44, 0xfa44, 0xfa44,
  0xfa44, 0xfa44, 0xfa44, 0xfa44, 0xfa44, 0xfa44, 0xfa44, 0xfa44,
  0xfa44, 0xfa44, 0xfa44, 0xfa44, 0xfa44, 0xfa44, 0xfa44, 0xfa44,
  0xfa44, 0xfa44, 0xfa44, 0xfa44, 0xfa44, 0xfa44, 0xfa44, 0xfa44,
  0xfa44, 0xfa44, 0xfa44, 0xfa44, 0xfa44, 0xfa44, 0xfa44, 0xfa44,
  0xfa44, 0xfa44, 0xfa44, 0xfa44, 0xfa44, 0xfa44, 0xfa44, 0xfa44,
  0xfa44, 0xfa44, 0xfa44, 0xfa44, 0xfa44, 0xfa44, 0xfa44, 0xfa44,
  0xfa44, 0xfa44, 0xfa44, 0xfa44, 0xfa44, 0xfa44, 0xfa44, 0xfa44,
  0xfa44, 0xfa44, 0xfa44, 0xfa44, 0xfa44, 0xfa44, 0xfa44, 0xfa44,
  0xfa44, 0xfa44, 0xfa44, 0xfa44, 0xfa44, 0xfa44, 0xfa44, 0xfa44,
  0xfa44, 0xfa44, 0xfa44, 0xfa44, 0xfa44, 0xfa44, 0xfa44, 0xfa44,
  0xfa44, 0xfa44, 0xfa44, 0xfa44, 0xfa44, 0xfa44, 0xfa44, 0xfa44,
  0xfa44, 0xfa44, 0xfa44, 0xfa44, 0xfa44, 0xfa44, 0xfa44, 0xfa44,
  0xfa44, 0xfa44, 0xfa44, 0xfa44, 0xfa44, 0xfa44, 0xfa44, 0xfa44,
  0xfa44, 0xfa44, 0xfa44, 0xfa44, 0xfa44, 0xfa44, 0xfa44, 0xfa44,
  0xfa44, 0xfa44, 0xfa44, 0xfa44, 0xfa44, 0xfa44, 0xfa44, 0xfa44,
  0xfa44, 0xfa44, 0xfa44, 0xfa44, 0xfa44, 0xfa44, 0xfa44, 0xfa44,
  0xfa44, 0xfa44, 0xfa44, 0xfa44, 0xfa44, 0xfa44, 0xfa44, 0xfa44,
  0xfa44, 0xfa44, 0xfa44, 0xfa44, 0xfa44, 0xfa44, 0xfa44, 0xfa44,
  0xfa44, 0xfa44, 0xfa44, 0xfa44, 0xfa44, 0xfa44, 0xfa44, 0xfa44,
  0xfa44, 0xfa44, 0xfa44, 0xfa44, 0xfa44, 0xfa44, 0xfa44, 0xfa44,
  0xfa44, 0xfa44, 0xfa44, 0xfa44, 0xfa44, 0xfa44, 0xfa44, 0xfa44,
  0xfa44, 0xfa44, 0xfa44, 0xfa44, 0xfa44, 0xfa44, 0xfa44, 0xfa44,
  0xfa44, 0xfa44, 0xfa44, 0xfa44, 0xfa44, 0xfa44, 0xfa44, 0xfa44,
  0xfa44, 0xfa44, 0xfa44, 0xfa44, 0xfa44, 0xfa44, 0xfa44, 0xfa44,
  0xfa44, 0xfa44, 0xfa44, 0xfa44, 0xfa44, 0xfa44, 0xfa44, 0xfa44,
  0xfa44, 0xfa44, 0xfa44, 0xfa44, 0xfa44, 0xfa44, 0xfa44, 0xfa44,
  0xfa44, 0xfa44, 0xfa44, 0xfa44, 0xfa44, 0xfa44, 0xfa44, 0xfa44,
  0xfa44, 0xfa44, 0xfa44, 0xfa44, 0xfa44, 0xfa44, 0xfa44, 0xfa44,
  0xfa44, 0xfa44, 0xfa44, 0xfa44, 0xfa44, 0xfa44, 0xfa44, 0xfa44,
  0xfa44, 0xfa44, 0xfa44, 0xfa44, 0xfa44, 0xfa44, 0xfa44, 0xfa44,
  0xfa44, 0xfa44, 0xfa44, 0xfa44, 0xfa44, 0xfa44, 0xfa44, 0xfa44,
  0xfa44, 0xfa44, 0xfa44, 0xfa44, 0xfa44, 0xfa44, 0xfa44, 0xfa44,
  0xfa44, 0xfa44, 0xfa44, 0xfa44, 0xfa44, 0xfa44, 0xfa44, 0xfa44,
  0xfa44, 0xfa44, 0xfa44, 0xfa44, 0xfa44, 0xfa44, 0xfa44, 0xfa44,
  0xfa44, 0xfa44, 0xfa44, 0xfa44, 0xfa44, 0xfa44, 0xfa44, 0xfa44,
  0xfa44, 0xfa44, 0xfa44, 0xfa44, 0xfa44, 0xfa44, 0xfa44, 0xfa44,
  0xfa44, 0xfa44, 0xfa44, 0xfa44, 0xfa44, 0xfa44, 0xfa44, 0xfa44,
  0xfa44, 0xfa44, 0xfa44, 0xfa44, 0xfa44, 0xfa44, 0xfa44, 0xfa44,
  0xfa44, 0xfa44, 0xfa44, 0xfa44, 0xfa44, 0xfa44, 0xfa44, 0xfa44,
  0xfa44, 0xfa44, 0xfa44, 0xfa44, 0xfa44, 0xfa44, 0xfa44, 0xfa44,
  0xfa44, 0xfa44, 0xfa44, 0xfa44, 0xfa44, 0xfa44, 0xfa44, 0xfa44,
  0xfa44, 0xfa44, 0xfa44, 0xfa44, 0xfa44, 0xfa44, 0xfa44, 0xfa44,
  0xfa44, 0xfa44, 0xfa44, 0xfa44, 0xfa44, 0xfa44, 0xfa44, 0xfa44,
  0xfa44, 0xfa44, 0xfa44, 0xfa44, 0xfa44, 0xfa44, 0xfa44, 0xfa44,
  0xfa44, 0xfa44, 0xfa44, 0xfa44, 0xfa44, 0xfa44, 0xfa44, 0xfa44,
  0xfa44, 0xfa44, 0xfa44, 0xfa44, 0xfa44, 0xfa44, 0xfa44, 0xfa44,
  0xfa44, 0xfa44, 0xfa44, 0xfa44, 0xfa44, 0xfa44, 0xfa44, 0xfa44,
  0xfa44, 0xfa44, 0xfa44, 0xfa44, 0xfa44, 0xfa44, 0xfa44, 0xfa44,
  0xfa44, 0xfa44, 0xfa44, 0xfa44, 0xfa44, 0xfa44, 0xfa44, 0xfa44,
  0xfa44, 0xfa44, 0xfa44, 0xfa44, 0xfa44, 0xfa44, 0xfa44, 0xfa44,
  0xfa44, 0xfa44, 0xfa44, 0xfa44, 0xfa44, 0xfa44, 0xfa44, 0xfa44,
  0xfa44, 0xfa44, 0xfa44, 0xfa44, 0xfa44, 0xfa44, 0xfa44, 0xfa44,
  0xfa44, 0xfa44, 0xfa44, 0xfa44, 0xfa44, 0xfa44, 0xfa44, 0xfa44,
  0xfa44, 0xfa44, 0xfa44, 0xfa44, 0xfa44, 0xfa44, 0xfa44, 0xfa44,
  0xfa44, 0xfa44, 0xfa44, 0xfa44, 0xfa44, 0xfa44, 0xfa44, 0xfa44,
  0xfa44, 0xfa44, 0xfa44, 0xfa44, 0xfa44, 0xfa44, 0xfa44, 0xfa44,
  0xfa44, 0xfa44, 0xfa44, 0xfa44, 0xfa44, 0xfa44, 0xfa44, 0xfa44,
  0xfa44, 0xfa44, 0xfa44, 0xfa44, 0xfa44, 0xfa44, 0xfa44, 0xfa44,
  0xfa44, 0xfa44, 0xfa44, 0xfa44, 0xfa44, 0xfa44, 0xfa44, 0xfa44,
  0xfa44, 0xfa44, 0xfa44, 0xfa44, 0xfa44, 0xfa44, 0xfa44, 0xfa44,
  0xfa44, 0xfa44, 0xfa44, 0xfa44, 0xfa44, 0xfa44, 0xfa44, 0xfa44,
  0xfa44, 0xfa44, 0xfa44, 0xfa44, 0xfa44, 0xfa44, 0xfa44, 0xfa44,
  0xfa44, 0xfa44, 0xfa44, 0xfa44, 0xfa44, 0xfa44, 0xfa44, 0xfa44,
  0xfa44, 0xfa44, 0xfa44, 0xfa44, 0xfa44, 0xfa44, 0xfa44, 0xfa44,
  0xfa44, 0xfa44, 0xfa44, 0xfa44, 0xfa44, 0xfa44, 0xfa44, 0xfa44,
  0xfa44, 0xfa44, 0xfa44, 0xfa44, 0xfa44, 0xfa44, 0xfa44, 0xfa44,
  0xfa44, 0xfa44, 0xfa44, 0xfa44, 0xfa44, 0xfa44, 0xfa44, 0xfa44,
  0xfa44, 0xfa44, 0xfa44, 0xfa44, 0xfa44, 0xfa44, 0xfa44, 0xfa44,
  0xfa44, 0xfa44, 0xfa44, 0xfa44, 0xfa44, 0xfa44, 0xfa44, 0xfa44,
  0xfa44, 0xfa44, 0xfa44, 0xfa44, 0xfa44, 0xfa44, 0xfa44, 0xfa44,
  0xfa44, 0xfa44, 0xfa44, 0xfa44, 0xfa44, 0xfa44, 0xfa44, 0xfa44,
  0xfa44, 0xfa44, 0xfa44, 0xfa44, 0xfa44, 0xfa44, 0xfa44, 0xfa44,
  0xfa44, 0xfa44, 0xfa44, 0xfa44, 0xfa44, 0xfa44, 0xfa44, 0xfa44,
  0xfa44, 0xfa44, 0xfa44, 0xfa44, 0xfa44, 0xfa44, 0xfa44, 0xfa44,
  0xfa44, 0xfa44, 0xfa44, 0xfa44, 0xfa44, 0xfa44, 0xfa44, 0xfa44,
  0xfa44, 0xfa44, 0xfa44, 0xfa44, 0xfa44, 0xfa44, 0xfa44, 0xfa44,
  0xfa44, 0xfa44, 0xfa44, 0xfa44, 0xfa44, 0xfa44, 0xfa44, 0xfa44,
  0xfa44, 0xfa44, 0xfa44, 0xfa44, 0xfa44, 0xfa44, 0xfa44, 0xfa44,
  0xfa44, 0xfa44, 0xfa44, 0xfa44, 0xfa44, 0xfa44, 0xfa44, 0xfa44,
  0xfa44, 0xfa44, 0xfa44, 0xfa44, 0xfa44, 0xfa44, 0xfa44, 0xfa44,
  0xfa44, 0xfa44, 0xfa44, 0xfa44, 0xfa44, 0xfa44, 0xfa44, 0xfa44,
  0xfa44, 0xfa44, 0xfa44, 0xfa44, 0xfa44, 0xfa44, 0xfa44, 0xfa44,
  0xfa44, 0xfa44, 0xfa44, 0xfa44, 0xfa44, 0xfa44, 0xfa44, 0xfa44,
  0xfa44, 0xfa44, 0xfa44, 0xfa44, 0xfa44, 0xfa44, 0xfa44, 0xfa44,
  0xfa44, 0xfa44, 0xfa44, 0xfa44, 0xfa44, 0xfa44, 0xfa44, 0xfa44,
  0xfa44, 0xfa44, 0xfa44, 0xfa44, 0xfa44, 0xfa44, 0xfa44, 0xfa44,
  0xfa44, 0xfa44, 0xfa44, 0xfa44, 0xfa44, 0xfa44, 0xfa44, 0xfa44,
  0xfa44, 0xfa44, 0xfa44, 0xfa44, 0xfa44, 0xfa44, 0xfa44, 0xfa44,
  0xfa44, 0xfa44, 0xfa44, 0xfa44, 0xfa44, 0xfa44, 0xfa44, 0xfa44,
  0xfa44, 0xfa44, 0xfa44, 0xfa44, 0xfa44, 0xfa44, 0xfa44, 0xfa44,
  0xfa44, 0xfa44, 0xfa44, 0xfa44, 0xfa44, 0xfa44, 0xfa44, 0xfa44,
  0xfa44, 0xfa44, 0xfa44, 0xfa44, 0xfa44, 0xfa44, 0xfa44, 0xfa44,
  0xfa44, 0xfa44, 0xfa44, 0xfa44, 0xfa44, 0xfa44, 0xfa44, 0xfa44,
  0xfa44, 0xfa44, 0xfa44, 0xfa44, 0xfa44, 0xfa44, 0xfa44, 0xfa44,
  0xfa44, 0xfa44, 0xfa44, 0xfa44, 0xfa44, 0xfa44, 0xfa44, 0xfa44,
  0xfa44, 0xfa44, 0xfa44, 0xfa44, 0xfa44, 0xfa44, 0xfa44, 0xfa44,
  0xfa44, 0xfa44, 0xfa44, 0xfa44, 0xfa44, 0xfa44, 0xfa44, 0xfa44,
  0xfa44, 0xfa44, 0xfa44, 0xfa44, 0xfa44, 0xfa44, 0xfa44, 0xfa44,
  0xfa44, 0xfa44, 0xfa44, 0xfa44, 0xfa44, 0xfa44, 0xfa44, 0xfa44,
  0xfa44, 0xfa44, 0xfa44, 0xfa44, 0xfa44, 0xfa44, 0xfa44, 0xfa44,
  0xfa44, 0xfa44, 0xfa44, 0xfa44, 0xfa44, 0xfa44, 0xfa44, 0xfa44,
  0xfa44, 0xfa44, 0xfa44, 0xfa44, 0xfa44, 0xfa44, 0xfa44, 0xfa44,
  0xfa44, 0xfa44, 0xfa44, 0xfa44, 0xfa44, 0xfa44, 0xfa44, 0xfa44,
  0xfa44, 0xfa44, 0xfa44, 0xfa44, 0xfa44, 0xfa44, 0xfa44, 0xfa44,
  0xfa44, 0xfa44, 0xfa44, 0xfa44, 0xfa44, 0xfa44, 0xfa44, 0xfa44,
  0xfa44, 0xfa44, 0xfa44, 0xfa44, 0xfa44, 0xfa44, 0xfa44, 0xfa44,
  0xfa44, 0xfa44, 0xfa44, 0xfa44, 0xfa44, 0xfa44, 0xfa44, 0xfa44,
  0xfa44, 0xfa44, 0xfa44, 0xfa44, 0xfa44, 0xfa44, 0xfa44, 0xfa44,
  0xfa44, 0xfa44, 0xfa44, 0xfa44, 0xfa44, 0xfa44, 0xfa44, 0xfa44,
  0xfa44, 0xfa44, 0xfa44, 0xfa44, 0xfa44, 0xfa44, 0xfa44, 0xfa44,
  0xfa44, 0xfa44, 0xfa44, 0xfa44, 0xfa44, 0xfa44, 0xfa44, 0xfa44,
  0xfa44, 0xfa44, 0xfa44, 0xfa44, 0xfa44, 0xfa44, 0xfa44, 0xfa44,
  0xfa44, 0xfa44, 0xfa44, 0xfa44, 0xfa44, 0xfa44, 0xfa44, 0xfa44,
  0xfa44, 0xfa44, 0xfa44, 0xfa44, 0xfa44, 0xfa44, 0xfa44, 0xfa44,
  0xfa44, 0xfa44, 0xfa44, 0xfa44, 0xfa44, 0xfa44, 0xfa44, 0xfa44,
  0xfa44, 0xfa44, 0xfa44, 0xfa44, 0xfa44, 0xfa44, 0xfa44, 0xfa44,
  0xfa44, 0xfa44, 0xfa44, 0xfa44, 0xfa44, 0xfa44, 0xfa44, 0xfa44,
  0xfa44, 0xfa44, 0xfa44, 0xfa44, 0xfa44, 0xfa44, 0xfa44, 0xfa44,
  0xfa44, 0xfa44, 0xfa44, 0xfa44, 0xfa44, 0xfa44, 0xfa44, 0xfa44,
  0xfa44, 0xfa44, 0xfa44, 0xfa44, 0xfa44, 0xfa44, 0xfa44, 0xfa44,
  0xfa44, 0xfa44, 0xfa44, 0xfa44, 0xfa44, 0xfa44, 0xfa44, 0xfa44,
  0xfa44, 0xfa44, 0xfa44, 0xfa44, 0xfa44, 0xfa44, 0xfa44, 0xfa44,
  0xfa44, 0xfa44, 0xfa44, 0xfa44, 0xfa44, 0xfa44, 0xfa44, 0xfa44,
  0xfa44, 0xfa44, 0xfa44, 0xfa44, 0xfa44, 0xfa44, 0xfa44, 0xfa44,
  0xfa44, 0xfa44, 0xfa44, 0xfa44, 0xfa44, 0xfa44, 0xfa44, 0xfa44,
  0xfa44, 0xfa44, 0xfa44, 0xfa44, 0xfa44, 0xfa44, 0xfa44, 0xfa44,
  0xfa44, 0xfa44, 0xfa44, 0xfa44, 0xfa44, 0xfa44, 0xfa44, 0xfa44,
  0xfa44, 0xfa44, 0xfa44, 0xfa44, 0xfa44, 0xfa44, 0xfa44, 0xfa44,
  0xfa44, 0xfa44, 0xfa44, 0xfa44, 0xfa44, 0xfa44, 0xfa44, 0xfa44,
  0xfa44, 0xfa44, 0xfa44, 0xfa44, 0xfa44, 0xfa44, 0xfa44, 0xfa44,
  0xfa44, 0xfa44, 0xfa44, 0xfa44, 0xfa44, 0xfa44, 0xfa44, 0xfa44,
  0xfa44, 0xfa44, 0xfa44, 0xfa44, 0xfa44, 0xfa44, 0xfa44, 0xfa44,
  0xfa44, 0xfa44, 0xfa44, 0xfa44, 0xfa44, 0xfa44, 0xfa44, 0xfa44,
  0xfa44, 0xfa44, 0xfa44, 0xfa44, 0xfa44, 0xfa44, 0xfa44, 0xfa44,
  0xfa44, 0xfa44, 0xfa44, 0xfa44, 0xfa44, 0xfa44, 0xfa44, 0xfa44,
  0xfa44, 0xfa44, 0xfa44, 0xfa44, 0xfa44, 0xfa44, 0xfa44, 0xfa44,
  0xfa44, 0xfa44, 0xfa44, 0xfa44, 0xfa44, 0xfa44, 0xfa44, 0xfa44,
  0xfa44, 0xfa44, 0xfa44, 0xfa44, 0xfa44, 0xfa44, 0xfa44, 0xfa44,
  0xfa44, 0xfa44, 0xfa44, 0xfa44, 0xfa44, 0xfa44, 0xfa44, 0xfa44,
  0xfa44, 0xfa44, 0xfa44, 0xfa44, 0xfa44, 0xfa44, 0xfa44, 0xfa44,
  0xfa44, 0xfa44, 0xfa44, 0xfa44, 0xfa44, 0xfa44, 0xfa44, 0xfa44,
  0xfa44, 0xfa44, 0xfa44, 0xfa44, 0xfa44, 0xfa44, 0xfa44, 0xfa44,
  0xfa44, 0xfa44, 0xfa44, 0xfa44, 0xfa44, 0xfa44, 0xfa44, 0xfa44,
  0xfa44, 0xfa44, 0xfa44, 0xfa44, 0xfa44, 0xfa44, 0xfa44, 0xfa44,
  0xfa44, 0xfa44, 0xfa44, 0xfa44, 0xfa44, 0xfa44, 0xfa44, 0xfa44,
  0xfa44, 0xfa44, 0xfa44, 0xfa44, 0xfa44, 0xfa44, 0xfa44, 0xfa44,
  0xfa44, 0xfa44, 0xfa44, 0xfa44, 0xfa44, 0xfa44, 0xfa44, 0xfa44,
  0xfa44, 0xfa44, 0xfa44, 0xfa44, 0xfa44, 0xfa44, 0xfa44, 0xfa44,
  0xfa44, 0xfa44, 0xfa44, 0xfa44, 0xfa44, 0xfa44, 0xfa44, 0xfa44,
  0xfa44, 0xfa44, 0xfa44, 0xfa44, 0xfa44, 0xfa44, 0xfa44, 0xfa44,
  0xfa44, 0xfa44, 0xfa44, 0xfa44, 0xfa44, 0xfa44, 0xfa44, 0xfa44,
  0xfa44, 0xfa44, 0xfa44, 0xfa44, 0xfa44, 0xfa44, 0xfa44, 0xfa44,
  0xfa44, 0xfa44, 0xfa44, 0xfa44, 0xfa44, 0xfa44, 0xfa44, 0xfa44,
  0xfa44, 0xfa44, 0xfa44, 0xfa44, 0xfa44, 0xfa44, 0xfa44, 0xfa44,
  0xfa44, 0xfa44, 0xfa44, 0xfa44, 0xfa44, 0xfa44, 0xfa44, 0xfa44,
  0xfa44, 0xfa44, 0xfa44, 0xfa44, 0xfa44, 0xfa44, 0xfa44, 0xfa44,
  0xfa44, 0xfa44, 0xfa44, 0xfa44, 0xfa44, 0xfa44, 0xfa44, 0xfa44,
  0xfa44, 0xfa44, 0xfa44, 0xfa44, 0xfa44, 0xfa44, 0xfa44, 0xfa44,
  0xfa44, 0xfa44, 0xfa44, 0xfa44, 0xfa44, 0xfa44, 0xfa44, 0xfa44,
  0xfa44, 0xfa44, 0xfa44, 0xfa44, 0xfa44, 0xfa44, 0xfa44, 0xfa44,
  0xfa44, 0xfa44, 0xfa44, 0xfa44, 0xfa44, 0xfa44, 0xfa44, 0xfa44,
  0xfa44, 0xfa44, 0xfa44, 0xfa44, 0xfa44, 0xfa44, 0xfa44, 0xfa44,
  0xfa44, 0xfa44, 0xfa44, 0xfa44, 0xfa44, 0xfa44, 0xfa44, 0xfa44,
  0xfa44, 0xfa44, 0xfa44, 0xfa44, 0xfa44, 0xfa44, 0xfa44, 0xfa44,
  0xfa44, 0xfa44, 0xfa44, 0xfa44, 0xfa44, 0xfa44, 0xfa44, 0xfa44,
  0xfa44, 0xfa44, 0xfa44, 0xfa44, 0xfa44, 0xfa44, 0xfa44, 0xfa44,
  0xfa44, 0xfa44, 0xfa44, 0xfa44, 0xfa44, 0xfa44, 0xfa44, 0xfa44,
  0xfa44, 0xfa44, 0xfa44, 0xfa44, 0xfa44, 0xfa44, 0xfa44, 0xfa44,
  0xfa44, 0xfa44, 0xfa44, 0xfa44, 0xfa44, 0xfa44, 0xfa44, 0xfa44,
  0xfa44, 0xfa44, 0xfa44, 0xfa44, 0xfa44, 0xfa44, 0xfa44, 0xfa44,
  0xfa44, 0xfa44, 0xfa44, 0xfa44, 0xfa44, 0xfa44, 0xfa44, 0xfa44,
  0xfa44, 0xfa44, 0xfa44, 0xfa44, 0xfa44, 0xfa44, 0xfa44, 0xfa44,
  0xfa44, 0xfa44, 0xfa44, 0xfa44, 0xfa44, 0xfa44, 0xfa44, 0xfa44,
  0xfa44, 0xfa44, 0xfa44, 0xfa44, 0xfa44, 0xfa44, 0xfa44, 0xfa44,
  0xfa44, 0xfa44, 0xfa44, 0xfa44, 0xfa44, 0xfa44, 0xfa44, 0xfa44,
  0xfa44, 0xfa44, 0xfa44, 0xfa44, 0xfa44, 0xfa44, 0xfa44, 0xfa44,
  0xfa44, 0xfa44, 0xfa44, 0xfa44, 0xfa44, 0xfa44, 0xfa44, 0xfa44,
  0xfa44, 0xfa44, 0xfa44, 0xfa44, 0xfa44, 0xfa44, 0xfa44, 0xfa44,
  0xfa44, 0xfa44, 0xfa44, 0xfa44, 0xfa44, 0xfa44, 0xfa44, 0xfa44,
  0xfa44, 0xfa44, 0xfa44, 0xfa44, 0xfa44, 0xfa44, 0xfa44, 0xfa44,
  0xfa44, 0xfa44, 0xfa44, 0xfa44, 0xfa44, 0xfa44, 0xfa44, 0xfa44,
  0xfa44, 0xfa44, 0xfa44, 0xfa44, 0xfa44, 0xfa44, 0xfa44, 0xfa44,
  0xfa44, 0xfa44, 0xfa44, 0xfa44, 0xfa44, 0xfa44, 0xfa44, 0xfa44,
  0xfa44, 0xfa44, 0xfa44, 0xfa44, 0xfa44, 0xfa44, 0xfa44, 0xfa44,
  0xfa44, 0xfa44, 0xfa44, 0xfa44, 0xfa44, 0xfa44, 0xfa44, 0xfa44,
  0xfa44, 0xfa44, 0xfa44, 0xfa44, 0xfa44, 0xfa44, 0xfa44, 0xfa44,
  0xfa44, 0xfa44, 0xfa44, 0xfa44, 0xfa44, 0xfa44, 0xfa44, 0xfa44,
  0xfa44, 0xfa44, 0xfa44, 0xfa44, 0xfa44, 0xfa44, 0xfa44, 0xfa44,
  0xfa44, 0xfa44, 0xfa44, 0xfa44, 0xfa44, 0xfa44, 0xfa44, 0xfa44,
  0xfa44, 0xfa44, 0xfa44, 0xfa44, 0xfa44, 0xfa44, 0xfa44, 0xfa44,
  0xfa44, 0xfa44, 0xfa44, 0xfa44, 0xfa44, 0xfa44, 0xfa44, 0xfa44,
  0xfa44, 0xfa44, 0xfa44, 0xfa44, 0xfa44, 0xfa44, 0xfa44, 0xfa44,
  0xfa44, 0xfa44, 0xfa44, 0xfa44, 0xfa44, 0xfa44, 0xfa44, 0xfa44,
  0xfa44, 0xfa44, 0xfa44, 0xfa44, 0xfa44, 0xfa44, 0xfa44, 0xfa44,
  0xfa44, 0xfa44, 0xfa44, 0xfa44, 0xfa44, 0xfa44, 0xfa44, 0xfa44,
  0xfa44, 0xfa44, 0xfa44, 0xfa44, 0xfa44, 0xfa44, 0xfa44, 0xfa44,
  0xfa44, 0xfa44, 0xfa44, 0xfa44, 0xfa44, 0xfa44, 0xfa44, 0xfa44,
  0xfa44, 0xfa44, 0xfa44, 0xfa44, 0xfa44, 0xfa44, 0xfa44, 0xfa44,
  0xfa44, 0xfa44, 0xfa44, 0xfa44, 0xfa44, 0xfa44, 0xfa44, 0xfa44,
  0xfa44, 0xfa44, 0xfa44, 0xfa44, 0xfa44, 0xfa44, 0xfa44, 0xfa44,
  0xfa44, 0xfa44, 0xfa44, 0xfa44, 0xfa44, 0xfa44, 0xfa44, 0xfa44,
  0xfa44, 0xfa44, 0xfa44, 0xfa44, 0xfa44, 0xfa44, 0xfa44, 0xfa44,
  0xfa44, 0xfa44, 0xfa44, 0xfa44, 0xfa44, 0xfa44, 0xfa44, 0xfa44,
  0xfa44, 0xfa44, 0xfa44, 0xfa44, 0xfa44, 0xfa44, 0xfa44, 0xfa44,
  0xfa44, 0xfa44, 0xfa44, 0xfa44, 0xfa44, 0xfa44, 0xfa44, 0xfa44,
  0xfa44, 0xfa44, 0xfa44, 0xfa44, 0xfa44, 0xfa44, 0xfa44, 0xfa44,
  0xfa44, 0xfa44, 0xfa44, 0xfa44, 0xfa44, 0xfa44, 0xfa44, 0xfa44,
  0xfa44, 0xfa44, 0xfa44, 0xfa44, 0xfa44, 0xfa44, 0xfa44, 0xfa44,
  0xfa44, 0xfa44, 0xfa44, 0xfa44, 0xfa44, 0xfa44, 0xfa44, 0xfa44,
  0xfa44, 0xfa44, 0xfa44, 0xfa44, 0xfa44, 0xfa44, 0xfa44, 0xfa44,
  0xfa44, 0xfa44, 0xfa44, 0xfa44, 0xfa44, 0xfa44, 0xfa44, 0xfa44,
  0xfa44, 0xfa44, 0xfa44, 0xfa44, 0xfa44, 0xfa44, 0xfa44, 0xfa44,
  0xfa44, 0xfa44, 0xfa44, 0xfa44, 0xfa44, 0xfa44, 0xfa44, 0xfa44,
  0xfa44, 0xfa44, 0xfa44, 0xfa44, 0xfa44, 0xfa44, 0xfa44, 0xfa44,
  0xfa44, 0xfa44, 0xfa44, 0xfa44, 0xfa44, 0xfa44, 0xfa44, 0xfa44,
  0xfa44, 0xfa44, 0xfa44, 0xfa44, 0xfa44, 0xfa44, 0xfa44, 0xfa44,
  0xfa44, 0xfa44, 0xfa44, 0xfa44, 0xfa44, 0xfa44, 0xfa44, 0xfa44,
  0xfa44, 0xfa44, 0xfa44, 0xfa44, 0xfa44, 0xfa44, 0xfa44, 0xfa44,
  0xfa44, 0xfa44, 0xfa44, 0xfa44, 0xfa44, 0xfa44, 0xfa44, 0xfa44,
  0xfa44, 0xfa44, 0xfa44, 0xfa44, 0xfa44, 0xfa44, 0xfa44, 0xfa44,
  0xfa44, 0xfa44, 0xfa44, 0xfa44, 0xfa44, 0xfa44, 0xfa44, 0xfa44,
  0xfa44, 0xfa44, 0xfa44, 0xfa44, 0xfa44, 0xfa44, 0xfa44, 0xfa44,
  0xfa44, 0xfa44, 0xfa44, 0xfa44, 0xfa44, 0xfa44, 0xfa44, 0xfa44,
  0xfa44, 0xfa44, 0xfa44, 0xfa44, 0xfa44, 0xfa44, 0xfa44, 0xfa44,
  0xfa44, 0xfa44, 0xfa44, 0xfa44, 0xfa44, 0xfa44, 0xfa44, 0xfa44,
  0xfa44, 0xfa44, 0xfa44, 0xfa44, 0xfa44, 0xfa44, 0xfa44, 0xfa44,
  0xfa44, 0xfa44, 0xfa44, 0xfa44, 0xfa44, 0xfa44, 0xfa44, 0xfa44,
  0xfa44, 0xfa44, 0xfa44, 0xfa44, 0xfa44, 0xfa44, 0xfa44, 0xfa44,
  0xfa44, 0xfa44, 0xfa44, 0xfa44, 0xfa44, 0xfa44, 0xfa44, 0xfa44,
  0xfa44, 0xfa44, 0xfa44, 0xfa44, 0xfa44, 0xfa44, 0xfa44, 0xfa44,
  0xfa44, 0xfa44, 0xfa44, 0xfa44, 0xfa44, 0xfa44, 0xfa44, 0xfa44,
  0xfa44, 0xfa44, 0xfa44, 0xfa44, 0xfa44, 0xfa44, 0xfa44, 0xfa44,
  0xfa44, 0xfa44, 0xfa44, 0xfa44, 0xfa44, 0xfa44, 0xfa44, 0xfa44,
  0xfa44, 0xfa44, 0xfa44, 0xfa44, 0xfa44, 0xfa44, 0xfa44, 0xfa44,
  0xfa44, 0xfa44, 0xfa44, 0xfa44, 0xfa44, 0xfa44, 0xfa44, 0xfa44,
  0xfa44, 0xfa44, 0xfa44, 0xfa44, 0xfa44, 0xfa44, 0xfa44, 0xfa44,
  0xfa44, 0xfa44, 0xfa44, 0xfa44, 0xfa44, 0xfa44, 0xfa44, 0xfa44,
  0xfa44, 0xfa44, 0xfa44, 0xfa44, 0xfa44, 0xfa44, 0xfa44, 0xfa44,
  0xfa44, 0xfa44, 0xfa44, 0xfa44, 0xfa44, 0xfa44, 0xfa44, 0xfa44,
  0xfa44, 0xfa44, 0xfa44, 0xfa44, 0xfa44, 0xfa44, 0xfa44, 0xfa44,
  0xfa44, 0xfa44, 0xfa44, 0xfa44, 0xfa44, 0xfa44, 0xfa44, 0xfa44,
  0xfa44, 0xfa44, 0xfa44, 0xfa44, 0xfa44, 0xfa44, 0xfa44, 0xfa44,
  0xfa44, 0xfa44, 0xfa44, 0xfa44, 0xfa44, 0xfa44, 0xfa44, 0xfa44,
  0xfa44, 0xfa44, 0xfa44, 0xfa44, 0xfa44, 0xfa44, 0xfa44, 0xfa44,
  0xfa44, 0xfa44, 0xfa44, 0xfa44, 0xfa44, 0xfa44, 0xfa44, 0xfa44,
  0xfa44, 0xfa44, 0xfa44, 0xfa44, 0xfa44, 0xfa44, 0xfa44, 0xfa44,
  0xfa44, 0xfa44, 0xfa44, 0xfa44, 0xfa44, 0xfa44, 0xfa44, 0xfa44,
  0xfa44, 0xfa44, 0xfa44, 0xfa44, 0xfa44, 0xfa44, 0xfa44, 0xfa44,
  0xfa44, 0xfa44, 0xfa44, 0xfa44, 0xfa44, 0xfa44, 0xfa44, 0xfa44,
  0xfa44, 0xfa44, 0xfa44, 0xfa44, 0xfa44, 0xfa44, 0xfa44, 0xfa44,
  0xfa44, 0xfa44, 0xfa44, 0xfa44, 0xfa44, 0xfa44, 0xfa44, 0xfa44,
  0xfa44, 0xfa44, 0xfa44, 0xfa44, 0xfa44, 0xfa44, 0xfa44, 0xfa44,
  0xfa44, 0xfa44, 0xfa44, 0xfa44, 0xfa44, 0xfa44, 0xfa44, 0xfa44,
  0xfa44, 0xfa44, 0xfa44, 0xfa44, 0xfa44, 0xfa44, 0xfa44, 0xfa44,
  0xfa44, 0xfa44, 0xfa44, 0xfa44, 0xfa44, 0xfa44, 0xfa44, 0xfa44,
  0xfa44, 0xfa44, 0xfa44, 0xfa44, 0xfa44, 0xfa44, 0xfa44, 0xfa44,
  0xfa44, 0xfa44, 0xfa44, 0xfa44, 0xfa44, 0xfa44, 0xfa44, 0xfa44,
  0xfa44, 0xfa44, 0xfa44, 0xfa44, 0xfa44, 0xfa44, 0xfa44, 0xfa44,
  0xfa44, 0xfa44, 0xfa44, 0xfa44, 0xfa44, 0xfa44, 0xfa44, 0xfa44,
  0xfa44, 0xfa44, 0xfa44, 0xfa44, 0xfa44, 0xfa44, 0xfa44, 0xfa44,
  0xfa44, 0xfa44, 0xfa44, 0xfa44, 0xfa44, 0xfa44, 0xfa44, 0xfa44,
  0xfa44, 0xfa44, 0xfa44, 0xfa44, 0xfa44, 0xfa44, 0xfa44, 0xfa44,
  0xfa44, 0xfa44, 0xfa44, 0xfa44, 0xfa44, 0xfa44, 0xfa44, 0xfa44,
  0xfa44, 0xfa44, 0xfa44, 0xfa44, 0xfa44, 0xfa44, 0xfa44, 0xfa44,
  0xfa44, 0xfa44, 0xfa44, 0xfa44, 0xfa44, 0xfa44, 0xfa44, 0xfa44,
  0xfa44, 0xfa44, 0xfa44, 0xfa44, 0xfa44, 0xfa44, 0xfa44, 0xfa44,
  0xfa44, 0xfa44, 0xfa44, 0xfa44, 0xfa44, 0xfa44, 0xfa44, 0xfa44,
  0xfa44, 0xfa44, 0xfa44, 0xfa44, 0xfa44, 0xfa44, 0xfa44, 0xfa44,
  0xfa44, 0xfa44, 0xfa44, 0xfa44, 0xfa44, 0xfa44, 0xfa44, 0xfa44,
  0xfa44, 0xfa44, 0xfa44, 0xfa44, 0xfa44, 0xfa44, 0xfa44, 0xfa44,
  0xfa44, 0xfa44, 0xfa44, 0xfa44, 0xfa44, 0xfa44, 0xfa44, 0xfa44,
  0xfa44, 0xfa44, 0xfa44, 0xfa44, 0xfa44, 0xfa44, 0xfa44, 0xfa44,
  0xfa44, 0xfa44, 0xfa44, 0xfa44, 0xfa44, 0xfa44, 0xfa44, 0xfa44,
  0xfa44, 0xfa44, 0xfa44, 0xfa44, 0xfa44, 0xfa44, 0xfa44, 0xfa44,
  0xfa44, 0xfa44, 0xfa44, 0xfa44, 0xfa44, 0xfa44, 0xfa44, 0xfa44,
  0xfa44, 0xfa44, 0xfa44, 0xfa44, 0xfa44, 0xfa44, 0xfa44, 0xfa44,
  0xfa44, 0xfa44, 0xfa44, 0xfa44, 0xfa44, 0xfa44, 0xfa44, 0xfa44,
  0xfa44, 0xfa44, 0xfa44, 0xfa44, 0xfa44, 0xfa44, 0xfa44, 0xfa44,
  0xfa44, 0xfa44, 0xfa44, 0xfa44, 0xfa44, 0xfa44, 0xfa44, 0xfa44,
  0xfa44, 0xfa44, 0xfa44, 0xfa44, 0xfa44, 0xfa44, 0xfa44, 0xfa44,
  0xfa44, 0xfa44, 0xfa44, 0xfa44, 0xfa44, 0xfa44, 0xfa44, 0xfa44,
  0xfa44, 0xfa44, 0xfa44, 0xfa44, 0xfa44, 0xfa44, 0xfa44, 0xfa44,
  0xfa44, 0xfa44, 0xfa44, 0xfa44, 0xfa44, 0xfa44, 0xfa44, 0xfa44,
  0xfa44, 0xfa44, 0xfa44, 0xfa44, 0xfa44, 0xfa44, 0xfa44, 0xfa44,
  0xfa44, 0xfa44, 0xfa44, 0xfa44, 0xfa44, 0xfa44, 0xfa44, 0xfa44,
  0xfa44, 0xfa44, 0xfa44, 0xfa44, 0xfa44, 0xfa44, 0xfa44, 0xfa44,
  0xfa44, 0xfa44, 0xfa44, 0xfa44, 0xfa44, 0xfa44, 0xfa44, 0xfa44,
  0xfa44, 0xfa44, 0xfa44, 0xfa44, 0xfa44, 0xfa44, 0xfa44, 0xfa44,
  0xfa44, 0xfa44, 0xfa44, 0xfa44, 0xfa44, 0xfa44, 0xfa44, 0xfa44,
  0xfa44, 0xfa44, 0xfa44, 0xfa44, 0xfa44, 0xfa44, 0xfa44, 0xfa44,
  0xfa44, 0xfa44, 0xfa44, 0xfa44, 0xfa44, 0xfa44, 0xfa44, 0xfa44,
  0xfa44, 0xfa44, 0xfa44, 0xfa44, 0xfa44, 0xfa44, 0xfa44, 0xfa44,
  0xfa44, 0xfa44, 0xfa44, 0xfa44, 0xfa44, 0xfa44, 0xfa44, 0xfa44,
  0xfa44, 0xfa44, 0xfa44, 0xfa44, 0xfa44, 0xfa44, 0xfa44, 0xfa44,
  0xfa44, 0xfa44, 0xfa44, 0xfa44, 0xfa44, 0xfa44, 0xfa44, 0xfa44,
  0xfa44, 0xfa44, 0xfa44, 0xfa44, 0xfa44, 0xfa44, 0xfa44, 0xfa44,
  0xfa44, 0xfa44, 0xfa44, 0xfa44, 0xfa44, 0xfa44, 0xfa44, 0xfa44,
  0xfa44, 0xfa44, 0xfa44, 0xfa44, 0xfa44, 0xfa44, 0xfa44, 0xfa44,
  0xfa44, 0xfa44, 0xfa44, 0xfa44, 0xfa44, 0xfa44, 0xfa44, 0xfa44,
  0xfa44, 0xfa44, 0xfa44, 0xfa44, 0xfa44, 0xfa44, 0xfa44, 0xfa44,
  0xfa44, 0xfa44, 0xfa44, 0xfa44, 0xfa44, 0xfa44, 0xfa44, 0xfa44,
  0xfa44, 0xfa44, 0xfa44, 0xfa44, 0xfa44, 0xfa44, 0xfa44, 0xfa44,
  0xfa44, 0xfa44, 0xfa44, 0xfa44, 0xfa44, 0xfa44, 0xfa44, 0xfa44,
  0xfa44, 0xfa44, 0xfa44, 0xfa44, 0xfa44, 0xfa44, 0xfa44, 0xfa44,
  0xfa44, 0xfa44, 0xfa44, 0xfa44, 0xfa44, 0xfa44, 0xfa44, 0xfa44,
  0xfa44, 0xfa44, 0xfa44, 0xfa44, 0xfa44, 0xfa44, 0xfa44, 0xfa44,
  0xfa44, 0xfa44, 0xfa44, 0xfa44, 0xfa44, 0xfa44, 0xfa44, 0xfa44,
  0xfa44, 0xfa44, 0xfa44, 0xfa44, 0xfa44, 0xfa44, 0xfa44, 0xfa44,
  0xfa44, 0xfa44, 0xfa44, 0xfa44, 0xfa44, 0xfa44, 0xfa44, 0xfa44,
  0xfa44, 0xfa44, 0xfa44, 0xfa44, 0xfa44, 0xfa44, 0xfa44, 0xfa44,
  0xfa44, 0xfa44, 0xfa44, 0xfa44, 0xfa44, 0xfa44, 0xfa44, 0xfa44,
  0xfa44, 0xfa44, 0xfa44, 0xfa44, 0xfa44, 0xfa44, 0xfa44, 0xfa44,
  0xfa44, 0xfa44, 0xfa44, 0xfa44, 0xfa44, 0xfa44, 0xfa44, 0xfa44,
  0xfa44, 0xfa44, 0xfa44, 0xfa44, 0xfa44, 0xfa44, 0xfa44, 0xfa44,
  0xfa44, 0xfa44, 0xfa44, 0xfa44, 0xfa44, 0xfa44, 0xfa44, 0xfa44,
  0xfa44, 0xfa44, 0xfa44, 0xfa44, 0xfa44, 0xfa44, 0xfa44, 0xfa44,
  0xfa44, 0xfa44, 0xfa44, 0xfa44, 0xfa44, 0xfa44, 0xfa44, 0xfa44,
  0xfa44, 0xfa44, 0xfa44, 0xfa44, 0xfa44, 0xfa44, 0xfa44, 0xfa44,
  0xfa44, 0xfa44, 0xfa44, 0xfa44, 0xfa44, 0xfa44, 0xfa44, 0xfa44,
  0xfa44, 0xfa44, 0xfa44, 0xfa44, 0xfa44, 0xfa44, 0xfa44, 0xfa44,
  0xfa44, 0xfa44, 0xfa44, 0xfa44, 0xfa44, 0xfa44, 0xfa44, 0xfa44,
  0xfa44, 0xfa44, 0xfa44, 0xfa44, 0xfa44, 0xfa44, 0xfa44, 0xfa44,
  0xfa44, 0xfa44, 0xfa44, 0xfa44, 0xfa44, 0xfa44, 0xfa44, 0xfa44,
  0xfa44, 0xfa44, 0xfa44, 0xfa44, 0xfa44, 0xfa44, 0xfa44, 0xfa44,
  0xfa44, 0xfa44, 0xfa44, 0xfa44, 0xfa44, 0xfa44, 0xfa44, 0xfa44,
  0xfa44, 0xfa44, 0xfa44, 0xfa44, 0xfa44, 0xfa44, 0xfa44, 0xfa44,
  0xfa44, 0xfa44, 0xfa44, 0xfa44, 0xfa44, 0xfa44, 0xfa44, 0xfa44,
  0xfa44, 0xfa44, 0xfa44, 0xfa44, 0xfa44, 0xfa44, 0xfa44, 0xfa44,
  0xfa44, 0xfa44, 0xfa44, 0xfa44, 0xfa44, 0xfa44, 0xfa44, 0xfa44,
  0xfa44, 0xfa44, 0xfa44, 0xfa44, 0xfa44, 0xfa44, 0xfa44, 0xfa44,
  0xfa44, 0xfa44, 0xfa44, 0xfa44, 0xfa44, 0xfa44, 0xfa44, 0xfa44,
  0xfa44, 0xfa44, 0xfa44, 0xfa44, 0xfa44, 0xfa44, 0xfa44, 0xfa44,
  0xfa44, 0xfa44, 0xfa44, 0xfa44, 0xfa44, 0xfa44, 0xfa44, 0xfa44,
  0xfa44, 0xfa44, 0xfa44, 0xfa44, 0xfa44, 0xfa44, 0xfa44, 0xfa44,
  0xfa44, 0xfa44, 0xfa44, 0xfa44, 0xfa44, 0xfa44, 0xfa44, 0xfa44,
  0xfa44, 0xfa44, 0xfa44, 0xfa44, 0xfa44, 0xfa44, 0xfa44, 0xfa44,
  0xfa44, 0xfa44, 0xfa44, 0xfa44, 0xfa44, 0xfa44, 0xfa44, 0xfa44,
  0xfa44, 0xfa44, 0xfa44, 0xfa44, 0xfa44, 0xfa44, 0xfa44, 0xfa44,
  0xfa44, 0xfa44, 0xfa44, 0xfa44, 0xfa44, 0xfa44, 0xfa44, 0xfa44,
  0xfa44, 0xfa44, 0xfa44, 0xfa44, 0xfa44, 0xfa44, 0xfa44, 0xfa44,
  0xfa44, 0xfa44, 0xfa44, 0xfa44, 0xfa44, 0xfa44, 0xfa44, 0xfa44,
  0xfa44, 0xfa44, 0xfa44, 0xfa44, 0xfa44, 0xfa44, 0xfa44, 0xfa44,
  0xfa44, 0xfa44, 0xfa44, 0xfa44, 0xfa44, 0xfa44, 0xfa44, 0xfa44,
  0xfa44, 0xfa44, 0xfa44, 0xfa44, 0xfa44, 0xfa44, 0xfa44, 0xfa44,
  0xfa44, 0xfa44, 0xfa44, 0xfa44, 0xfa44, 0xfa44, 0xfa44, 0xfa44,
  0xfa44, 0xfa44, 0xfa44, 0xfa44, 0xfa44, 0xfa44, 0xfa44, 0xfa44,
  0xfa44, 0xfa44, 0xfa44, 0xfa44, 0xfa44, 0xfa44, 0xfa44, 0xfa44,
  0xfa44, 0xfa44, 0xfa44, 0xfa44, 0xfa44, 0xfa44, 0xfa44, 0xfa44,
  0xfa44, 0xfa44, 0xfa44, 0xfa44, 0xfa44, 0xfa44, 0xfa44, 0xfa44,
  0xfa44, 0xfa44, 0xfa44, 0xfa44, 0xfa44, 0xfa44, 0xfa44, 0xfa44,
  0xfa44, 0xfa44, 0xfa44, 0xfa44, 0xfa44, 0xfa44, 0xfa44, 0xfa44,
  0xfa44, 0xfa44, 0xfa44, 0xfa44, 0xfa44, 0xfa44, 0xfa44, 0xfa44,
  0xfa44, 0xfa44, 0xfa44, 0xfa44, 0xfa44, 0xfa44, 0xfa44, 0xfa44,
  0xfa44, 0xfa44, 0xfa44, 0xfa44, 0xfa44, 0xfa44, 0xfa44, 0xfa44,
  0xfa44, 0xfa44, 0xfa44, 0xfa44, 0xfa44, 0xfa44, 0xfa44, 0xfa44,
  0xfa44, 0xfa44, 0xfa44, 0xfa44, 0xfa44, 0xfa44, 0xfa44, 0xfa44,
  0xfa44, 0xfa44, 0xfa44, 0xfa44, 0xfa44, 0xfa44, 0xfa44, 0xfa44,
  0xfa44, 0xfa44, 0xfa44, 0xfa44, 0xfa44, 0xfa44, 0xfa44, 0xfa44,
  0xfa44, 0xfa44, 0xfa44, 0xfa44, 0xfa44, 0xfa44, 0xfa44, 0xfa44,
  0xfa44, 0xfa44, 0xfa44, 0xfa44, 0xfa44, 0xfa44, 0xfa44, 0xfa44,
  0xfa44, 0xfa44, 0xfa44, 0xfa44, 0xfa44, 0xfa44, 0xfa44, 0xfa44,
  0xfa44, 0xfa44, 0xfa44, 0xfa44, 0xfa44, 0xfa44, 0xfa44, 0xfa44,
  0xfa44, 0xfa44, 0xfa44, 0xfa44, 0xfa44, 0xfa44, 0xfa44, 0xfa44,
  0xfa44, 0xfa44, 0xfa44, 0xfa44, 0xfa44, 0xfa44, 0xfa44, 0xfa44,
  0xfa44, 0xfa44, 0xfa44, 0xfa44, 0xfa44, 0xfa44, 0xfa44, 0xfa44,
  0xfa44, 0xfa44, 0xfa44, 0xfa44, 0xfa44, 0xfa44, 0xfa44, 0xfa44,
  0xfa44, 0xfa44, 0xfa44, 0xfa44, 0xfa44, 0xfa44, 0xfa44, 0xfa44,
  0xfa44, 0xfa44, 0xfa44, 0xfa44, 0xfa44, 0xfa44, 0xfa44, 0xfa44,
  0xfa44, 0xfa44, 0xfa44, 0xfa44, 0xfa44, 0xfa44, 0xfa44, 0xfa44,
  0xfa44, 0xfa44, 0xfa44, 0xfa44, 0xfa44, 0xfa44, 0xfa44, 0xfa44,
  0xfa44, 0xfa44, 0xfa44, 0xfa44, 0xfa44, 0xfa44, 0xfa44, 0xfa44,
  0xfa44, 0xfa44, 0xfa44, 0xfa44, 0xfa44, 0xfa44, 0xfa44, 0xfa44,
  0xfa44, 0xfa44, 0xfa44, 0xfa44, 0xfa44, 0xfa44, 0xfa44, 0xfa44,
  0xfa44, 0xfa44, 0xfa44, 0xfa44, 0xfa44, 0xfa44, 0xfa44, 0xfa44,
  0xfa44, 0xfa44, 0xfa44, 0xfa44, 0xfa44, 0xfa44, 0xfa44, 0xfa44,
  0xfa44, 0xfa44, 0xfa44, 0xfa44, 0xfa44, 0xfa44, 0xfa44, 0xfa44,
  0xfa44, 0xfa44, 0xfa44, 0xfa44, 0xfa44, 0xfa44, 0xfa44, 0xfa44,
  0xfa44, 0xfa44, 0xfa44, 0xfa44, 0xfa44, 0xfa44, 0xfa44, 0xfa44,
  0xfa44, 0xfa44, 0xfa44, 0xfa44, 0xfa44, 0xfa44, 0xfa44, 0xfa44,
  0xfa44, 0xfa44, 0xfa44, 0xfa44, 0xfa44, 0xfa44, 0xfa44, 0xfa44,
  0xfa44, 0xfa44, 0xfa44, 0xfa44, 0xfa44, 0xfa44, 0xfa44, 0xfa44,
  0xfa44, 0xfa44, 0xfa44, 0xfa44, 0xfa44, 0xfa44, 0xfa44, 0xfa44,
  0xfa44, 0xfa44, 0xfa44, 0xfa44, 0xfa44, 0xfa44, 0xfa44, 0xfa44,
  0xfa44, 0xfa44, 0xfa44, 0xfa44, 0xfa44, 0xfa44, 0xfa44, 0xfa44,
  0xfa44, 0xfa44, 0xfa44, 0xfa44, 0xfa44, 0xfa44, 0xfa44, 0xfa44,
  0xfa44, 0xfa44, 0xfa44, 0xfa44, 0xfa44, 0xfa44, 0xfa44, 0xfa44,
  0xfa44, 0xfa44, 0xfa44, 0xfa44, 0xfa44, 0xfa44, 0xfa44, 0xfa44,
  0xfa44, 0xfa44, 0xfa44, 0xfa44, 0xfa44, 0xfa44, 0xfa44, 0xfa44,
  0xfa44, 0xfa44, 0xfa44, 0xfa44, 0xfa44, 0xfa44, 0xfa44, 0xfa44,
  0xfa44, 0xfa44, 0xfa44, 0xfa44, 0xfa44, 0xfa44, 0xfa44, 0xfa44,
  0xfa44, 0xfa44, 0xfa44, 0xfa44, 0xfa44, 0xfa44, 0xfa44, 0xfa44,
  0xfa44, 0xfa44, 0xfa44, 0xfa44, 0xfa44, 0xfa44, 0xfa44, 0xfa44,
  0xfa44, 0xfa44, 0xfa44, 0xfa44, 0xfa44, 0xfa44, 0xfa44, 0xfa44,
  0xfa44, 0xfa44, 0xfa44, 0xfa44, 0xfa44, 0xfa44, 0xfa44, 0xfa44,
  0xfa44, 0xfa44, 0xfa44, 0xfa44, 0xfa44, 0xfa44, 0xfa44, 0xfa44,
  0xfa44, 0xfa44, 0xfa44, 0xfa44, 0xfa44, 0xfa44, 0xfa44, 0xfa44,
  0xfa44, 0xfa44, 0xfa44, 0xfa44, 0xfa44, 0xfa44, 0xfa44, 0xfa44,
  0xfa44, 0xfa44, 0xfa44, 0xfa44, 0xfa44, 0xfa44, 0xfa44, 0xfa44,
  0xfa44, 0xfa44, 0xfa44, 0xfa44, 0xfa44, 0xfa44, 0xfa44, 0xfa44,
  0xfa44, 0xfa44, 0xfa44, 0xfa44, 0xfa44, 0xfa44, 0xfa44, 0xfa44,
  0xfa44, 0xfa44, 0xfa44, 0xfa44, 0xfa44, 0xfa44, 0xfa44, 0xfa44,
  0xfa44, 0xfa44, 0xfa44, 0xfa44, 0xfa44, 0xfa44, 0xfa44, 0xfa44,
  0xfa44, 0xfa44, 0xfa44, 0xfa44, 0xfa44, 0xfa44, 0xfa44, 0xfa44,
  0xfa44, 0xfa44, 0xfa44, 0xfa44, 0xfa44, 0xfa44, 0xfa44, 0xfa44,
  0xfa44, 0xfa44, 0xfa44, 0xfa44, 0xfa44, 0xfa44, 0xfa44, 0xfa44,
  0xfa44, 0xfa44, 0xfa44, 0xfa44, 0xfa44, 0xfa44, 0xfa44, 0xfa44,
  0xfa44, 0xfa44, 0xfa44, 0xfa44, 0xfa44, 0xfa44, 0xfa44, 0xfa44,
  0xfa44, 0xfa44, 0xfa44, 0xfa44, 0xfa44, 0xfa44, 0xfa44, 0xfa44,
  0xfa44, 0xfa44, 0xfa44, 0xfa44, 0xfa44, 0xfa44, 0xfa44, 0xfa44,
  0xfa44, 0xfa44, 0xfa44, 0xfa44, 0xfa44, 0xfa44, 0xfa44, 0xfa44,
  0xfa44, 0xfa44, 0xfa44, 0xfa44, 0xfa44, 0xfa44, 0xfa44, 0xfa44,
  0xfa44, 0xfa44, 0xfa44, 0xfa44, 0xfa44, 0xfa44, 0xfa44, 0xfa44,
  0xfa44, 0xfa44, 0xfa44, 0xfa44, 0xfa44, 0xfa44, 0xfa44, 0xfa44,
  0xfa44, 0xfa44, 0xfa44, 0xfa44, 0xfa44, 0xfa44, 0xfa44, 0xfa44,
  0xfa44, 0xfa44, 0xfa44, 0xfa44, 0xfa44, 0xfa44, 0xfa44, 0xfa44,
  0xfa44, 0xfa44, 0xfa44, 0xfa44, 0xfa44, 0xfa44, 0xfa44, 0xfa44,
  0xfa44, 0xfa44, 0xfa44, 0xfa44, 0xfa44, 0xfa44, 0xfa44, 0xfa44,
  0xfa44, 0xfa44, 0xfa44, 0xfa44, 0xfa44, 0xfa44, 0xfa44, 0xfa44,
  0xfa44, 0xfa44, 0xfa44, 0xfa44, 0xfa44, 0xfa44, 0xfa44, 0xfa44,
  0xfa44, 0xfa44, 0xfa44, 0xfa44, 0xfa44, 0xfa44, 0xfa44, 0xfa44,
  0xfa44, 0xfa44, 0xfa44, 0xfa44, 0xfa44, 0xfa44, 0xfa44, 0xfa44,
  0xfa44, 0xfa44, 0xfa44, 0xfa44, 0xfa44, 0xfa44, 0xfa44, 0xfa44,
  0xfa44, 0xfa44, 0xfa44, 0xfa44, 0xfa44, 0xfa44, 0xfa44, 0xfa44,
  0xfa44, 0xfa44, 0xfa44, 0xfa44, 0xfa44, 0xfa44, 0xfa44, 0xfa44,
  0xfa44, 0xfa44, 0xfa44, 0xfa44, 0xfa44, 0xfa44, 0xfa44, 0xfa44,
  0xfa44, 0xfa44, 0xfa44, 0xfa44, 0xfa44, 0xfa44, 0xfa44, 0xfa44,
  0xfa44, 0xfa44, 0xfa44, 0xfa44, 0xfa44, 0xfa44, 0xfa44, 0xfa44,
  0xfa44, 0xfa44, 0xfa44, 0xfa44, 0xfa44, 0xfa44, 0xfa44, 0xfa44,
  0xfa44, 0xfa44, 0xfa44, 0xfa44, 0xfa44, 0xfa44, 0xfa44, 0xfa44,
  0xfa44, 0xfa44, 0xfa44, 0xfa44, 0xfa44, 0xfa44, 0xfa44, 0xfa44,
  0xfa44, 0xfa44, 0xfa44, 0xfa44, 0xfa44, 0xfa44, 0xfa44, 0xfa44,
  0xfa44, 0xfa44, 0xfa44, 0xfa44, 0xfa44, 0xfa44, 0xfa44, 0xfa44,
  0xfa44, 0xfa44, 0xfa44, 0xfa44, 0xfa44, 0xfa44, 0xfa44, 0xfa44,
  0xfa44, 0xfa44, 0xfa44, 0xfa44, 0xfa44, 0xfa44, 0xfa44, 0xfa44,
  0xfa44, 0xfa44, 0xfa44, 0xfa44, 0xfa44, 0xfa44, 0xfa44, 0xfa44,
  0xfa44, 0xfa44, 0xfa44, 0xfa44, 0xfa44, 0xfa44, 0xfa44, 0xfa44,
  0xfa44, 0xfa44, 0xfa44, 0xfa44, 0xfa44, 0xfa44, 0xfa44, 0xfa44,
  0xfa44, 0xfa44, 0xfa44, 0xfa44, 0xfa44, 0xfa44, 0xfa44, 0xfa44,
  0xfa44, 0xfa44, 0xfa44, 0xfa44, 0xfa44, 0xfa44, 0xfa44, 0xfa44,
  0xfa44, 0xfa44, 0xfa44, 0xfa44, 0xfa44, 0xfa44, 0xfa44, 0xfa44,
  0xfa44, 0xfa44, 0xfa44, 0xfa44, 0xfa44, 0xfa44, 0xfa44, 0xfa44,
  0xfa44, 0xfa44, 0xfa44, 0xfa44, 0xfa44, 0xfa44, 0xfa44, 0xfa44,
  0xfa44, 0xfa44, 0xfa44, 0xfa44, 0xfa44, 0xfa44, 0xfa44, 0xfa44,
  0xfa44, 0xfa44, 0xfa44, 0xfa44, 0xfa44, 0xfa44, 0xfa44, 0xfa44,
  0xfa44, 0xfa44, 0xfa44, 0xfa44, 0xfa44, 0xfa44, 0xfa44, 0xfa44,
  0xfa44, 0xfa44, 0xfa44, 0xfa44, 0xfa44, 0xfa44, 0xfa44, 0xfa44,
  0xfa44, 0xfa44, 0xfa44, 0xfa44, 0xfa44, 0xfa44, 0xfa44, 0xfa44,
  0xfa44, 0xfa44, 0xfa44, 0xfa44, 0xfa44, 0xfa44, 0xfa44, 0xfa44,
  0xfa44, 0xfa44, 0xfa44, 0xfa44, 0xfa44, 0xfa44, 0xfa44, 0xfa44,
  0xfa44, 0xfa44, 0xfa44, 0xfa44, 0xfa44, 0xfa44, 0xfa44, 0xfa44,
  0xfa44, 0xfa44, 0xfa44, 0xfa44, 0xfa44, 0xfa44, 0xfa44, 0xfa44,
  0xfa44, 0xfa44, 0xfa44, 0xfa44, 0xfa44, 0xfa44, 0xfa44, 0xfa44,
  0xfa44, 0xfa44, 0xfa44, 0xfa44, 0xfa44, 0xfa44, 0xfa44, 0xfa44,
  0xfa44, 0xfa44, 0xfa44, 0xfa44, 0xfa44, 0xfa44, 0xfa44, 0xfa44,
  0xfa44, 0xfa44, 0xfa44, 0xfa44, 0xfa44, 0xfa44, 0xfa44, 0xfa44,
  0xfa44, 0xfa44, 0xfa44, 0xfa44, 0xfa44, 0xfa44, 0xfa44, 0xfa44,
  0xfa44, 0xfa44, 0xfa44, 0xfa44, 0xfa44, 0xfa44, 0xfa44, 0xfa44,
  0xfa44, 0xfa44, 0xfa44, 0xfa44, 0xfa44, 0xfa44, 0xfa44, 0xfa44,
  0xfa44, 0xfa44, 0xfa44, 0xfa44, 0xfa44, 0xfa44, 0xfa44, 0xfa44,
  0xfa44, 0xfa44, 0xfa44, 0xfa44, 0xfa44, 0xfa44, 0xfa44, 0xfa44,
  0xfa44, 0xfa44, 0xfa44, 0xfa44, 0xfa44, 0xfa44, 0xfa44, 0xfa44,
  0xfa44, 0xfa44, 0xfa44, 0xfa44, 0xfa44, 0xfa44, 0xfa44, 0xfa44,
  0xfa44, 0xfa44, 0xfa44, 0xfa44, 0xfa44, 0xfa44, 0xfa44, 0xfa44,
  0xfa44, 0xfa44, 0xfa44, 0xfa44, 0xfa44, 0xfa44, 0xfa44, 0xfa44,
  0xfa44, 0xfa44, 0xfa44, 0xfa44, 0xfa44, 0xfa44, 0xfa44, 0xfa44,
  0xfa44, 0xfa44, 0xfa44, 0xfa44, 0xfa44, 0xfa44, 0xfa44, 0xfa44,
  0xfa44, 0xfa44, 0xfa44, 0xfa44, 0xfa44, 0xfa44, 0xfa44, 0xfa44,
  0xfa44, 0xfa44, 0xfa44, 0xfa44, 0xfa44, 0xfa44, 0xfa44, 0xfa44,
  0xfa44, 0xfa44, 0xfa44, 0xfa44, 0xfa44, 0xfa44, 0xfa44, 0xfa44,
  0xfa44, 0xfa44, 0xfa44, 0xfa44, 0xfa44, 0xfa44, 0xfa44, 0xfa44,
  0xfa44, 0xfa44, 0xfa44, 0xfa44, 0xfa44, 0xfa44, 0xfa44, 0xfa44,
  0xfa44, 0xfa44, 0xfa44, 0xfa44, 0xfa44, 0xfa44, 0xfa44, 0xfa44,
  0xfa44, 0xfa44, 0xfa44, 0xfa44, 0xfa44, 0xfa44, 0xfa44, 0xfa44,
  0xfa44, 0xfa44, 0xfa44, 0xfa44, 0xfa44, 0xfa44, 0xfa44, 0xfa44,
  0xfa44, 0xfa44, 0xfa44, 0xfa44, 0xfa44, 0xfa44, 0xfa44, 0xfa44,
  0xfa44, 0xfa44, 0xfa44, 0xfa44, 0xfa44, 0xfa44, 0xfa44, 0xfa44,
  0xfa44, 0xfa44, 0xfa44, 0xfa44, 0xfa44, 0xfa44, 0xfa44, 0xfa44,
  0xfa44, 0xfa44, 0xfa44, 0xfa44, 0xfa44, 0xfa44, 0xfa44, 0xfa44,
  0xfa44, 0xfa44, 0xfa44, 0xfa44, 0xfa44, 0xfa44, 0xfa44, 0xfa44,
  0xfa44, 0xfa44, 0xfa44, 0xfa44, 0xfa44, 0xfa44, 0xfa44, 0xfa44,
  0xfa44, 0xfa44, 0xfa44, 0xfa44, 0xfa44, 0xfa44, 0xfa44, 0xfa44,
  0xfa44, 0xfa44, 0xfa44, 0xfa44, 0xfa44, 0xfa44, 0xfa44, 0xfa44,
  0xfa44, 0xfa44, 0xfa44, 0xfa44, 0xfa44, 0xfa44, 0xfa44, 0xfa44,
  0xfa44, 0xfa44, 0xfa44, 0xfa44, 0xfa44, 0xfa44, 0xfa44, 0xfa44,
  0xfa44, 0xfa44, 0xfa44, 0xfa44, 0xfa44, 0xfa44, 0xfa44, 0xfa44,
  0xfa44, 0xfa44, 0xfa44, 0xfa44, 0xfa44, 0xfa44, 0xfa44, 0xfa44,
  0xfa44, 0xfa44, 0xfa44, 0xfa44, 0xfa44, 0xfa44, 0xfa44, 0xfa44,
  0xfa44, 0xfa44, 0xfa44, 0xfa44, 0xfa44, 0xfa44, 0xfa44, 0xfa44,
  0xfa44, 0xfa44, 0xfa44, 0xfa44, 0xfa44, 0xfa44, 0xfa44, 0xfa44,
  0xfa44, 0xfa44, 0xfa44, 0xfa44, 0xfa44, 0xfa44, 0xfa44, 0xfa44,
  0xfa44, 0xfa44, 0xfa44, 0xfa44, 0xfa44, 0xfa44, 0xfa44, 0xfa44,
  0xfa44, 0xfa44, 0xfa44, 0xfa44, 0xfa44, 0xfa44, 0xfa44, 0xfa44,
  0xfa44, 0xfa44, 0xfa44, 0xfa44, 0xfa44, 0xfa44, 0xfa44, 0xfa44,
  0xfa44, 0xfa44, 0xfa44, 0xfa44, 0xfa44, 0xfa44, 0xfa44, 0xfa44,
  0xfa44, 0xfa44, 0xfa44, 0xfa44, 0xfa44, 0xfa44, 0xfa44, 0xfa44,
  0xfa44, 0xfa44, 0xfa44, 0xfa44, 0xfa44, 0xfa44, 0xfa44, 0xfa44,
  0xfa44, 0xfa44, 0xfa44, 0xfa44, 0xfa44, 0xfa44, 0xfa44, 0xfa44,
  0xfa44, 0xfa44, 0xfa44, 0xfa44, 0xfa44, 0xfa44, 0xfa44, 0xfa44,
  0xfa44, 0xfa44, 0xfa44, 0xfa44, 0xfa44, 0xfa44, 0xfa44, 0xfa44,
  0xfa44, 0xfa44, 0xfa44, 0xfa44, 0xfa44, 0xfa44, 0xfa44, 0xfa44,
  0xfa44, 0xfa44, 0xfa44, 0xfa44, 0xfa44, 0xfa44, 0xfa44, 0xfa44,
  0xfa44, 0xfa44, 0xfa44, 0xfa44, 0xfa44, 0xfa44, 0xfa44, 0xfa44,
  0xfa44, 0xfa44, 0xfa44, 0xfa44, 0xfa44, 0xfa44, 0xfa44, 0xfa44,
  0xfa44, 0xfa44, 0xfa44, 0xfa44, 0xfa44, 0xfa44, 0xfa44, 0xfa44,
  0xfa44, 0xfa44, 0xfa44, 0xfa44, 0xfa44, 0xfa44, 0xfa44, 0xfa44,
  0xfa44, 0xfa44, 0xfa44, 0xfa44, 0xfa44, 0xfa44, 0xfa44, 0xfa44,
  0xfa44, 0xfa44, 0xfa44, 0xfa44, 0xfa44, 0xfa44, 0xfa44, 0xfa44,
  0xfa44, 0xfa44, 0xfa44, 0xfa44, 0xfa44, 0xfa44, 0xfa44, 0xfa44,
  0xfa44, 0xfa44, 0xfa44, 0xfa44, 0xfa44, 0xfa44, 0xfa44, 0xfa44,
  0xfa44, 0xfa44, 0xfa44, 0xfa44, 0xfa44, 0xfa44, 0xfa44, 0xfa44,
  0xfa44, 0xfa44, 0xfa44, 0xfa44, 0xfa44, 0xfa44, 0xfa44, 0xfa44,
  0xfa44, 0xfa44, 0xfa44, 0xfa44, 0xfa44, 0xfa44, 0xfa44, 0xfa44,
  0xfa44, 0xfa44, 0xfa44, 0xfa44, 0xfa44, 0xfa44, 0xfa44, 0xfa44,
  0xfa44, 0xfa44, 0xfa44, 0xfa44, 0xfa44, 0xfa44, 0xfa44, 0xfa44,
  0xfa44, 0xfa44, 0xfa44, 0xfa44, 0xfa44, 0xfa44, 0xfa44, 0xfa44,
  0xfa44, 0xfa44, 0xfa44, 0xfa44, 0xfa44, 0xfa44, 0xfa44, 0xfa44,
  0xfa44, 0xfa44, 0xfa44, 0xfa44, 0xfa44, 0xfa44, 0xfa44, 0xfa44,
  0xfa44, 0xfa44, 0xfa44, 0xfa44, 0xfa44, 0xfa44, 0xfa44, 0xfa44,
  0xfa44, 0xfa44, 0xfa44, 0xfa44, 0xfa44, 0xfa44, 0xfa44, 0xfa44,
  0xfa44, 0xfa44, 0xfa44, 0xfa44, 0xfa44, 0xfa44, 0xfa44, 0xfa44,
  0xfa44, 0xfa44, 0xfa44, 0xfa44, 0xfa44, 0xfa44, 0xfa44, 0xfa44,
  0xfa44, 0xfa44, 0xfa44, 0xfa44, 0xfa44, 0xfa44, 0xfa44, 0xfa44,
  0xfa44, 0xfa44, 0xfa44, 0xfa44, 0xfa44, 0xfa44, 0xfa44, 0xfa44,
  0xfa44, 0xfa44, 0xfa44, 0xfa44, 0xfa44, 0xfa44, 0xfa44, 0xfa44,
  0xfa44, 0xfa44, 0xfa44, 0xfa44, 0xfa44, 0xfa44, 0xfa44, 0xfa44,
  0xfa44, 0xfa44, 0xfa44, 0xfa44, 0xfa44, 0xfa44, 0xfa44, 0xfa44,
  0xfa44, 0xfa44, 0xfa44, 0xfa44, 0xfa44, 0xfa44, 0xfa44, 0xfa44,
  0xfa44, 0xfa44, 0xfa44, 0xfa44, 0xfa44, 0xfa44, 0xfa44, 0xfa44,
  0xfa44, 0xfa44, 0xfa44, 0xfa44, 0xfa44, 0xfa44, 0xfa44, 0xfa44,
  0xfa44, 0xfa44, 0xfa44, 0xfa44, 0xfa44, 0xfa44, 0xfa44, 0xfa44,
  0xfa44, 0xfa44, 0xfa44, 0xfa44, 0xfa44, 0xfa44, 0xfa44, 0xfa44,
  0xfa44, 0xfa44, 0xfa44, 0xfa44, 0xfa44, 0xfa44, 0xfa44, 0xfa44,
  0xfa44, 0xfa44, 0xfa44, 0xfa44, 0xfa44, 0xfa44, 0xfa44, 0xfa44,
  0xfa44, 0xfa44, 0xfa44, 0xfa44, 0xfa44, 0xfa44, 0xfa44, 0xfa44,
  0xfa44, 0xfa44, 0xfa44, 0xfa44, 0xfa44, 0xfa44, 0xfa44, 0xfa44,
  0xfa44, 0xfa44, 0xfa44, 0xfa44, 0xfa44, 0xfa44, 0xfa44, 0xfa44,
  0xfa44, 0xfa44, 0xfa44, 0xfa44, 0xfa44, 0xfa44, 0xfa44, 0xfa44,
  0xfa44, 0xfa44, 0xfa44, 0xfa44, 0xfa44, 0xfa44, 0xfa44, 0xfa44,
  0xfa44, 0xfa44, 0xfa44, 0xfa44, 0xfa44, 0xfa44, 0xfa44, 0xfa44,
  0xfa44, 0xfa44, 0xfa44, 0xfa44, 0xfa44, 0xfa44, 0xfa44, 0xfa44,
  0xfa44, 0xfa44, 0xfa44, 0xfa44, 0xfa44, 0xfa44, 0xfa44, 0xfa44,
  0xfa44, 0xfa44, 0xfa44, 0xfa44, 0xfa44, 0xfa44, 0xfa44, 0xfa44,
  0xfa44, 0xfa44, 0xfa44, 0xfa44, 0xfa44, 0xfa44, 0xfa44, 0xfa44,
  0xfa44, 0xfa44, 0xfa44, 0xfa44, 0xfa44, 0xfa44, 0xfa44, 0xfa44,
  0xfa44, 0xfa44, 0xfa44, 0xfa44, 0xfa44, 0xfa44, 0xfa44, 0xfa44,
  0xfa44, 0xfa44, 0xfa44, 0xfa44, 0xfa44, 0xfa44, 0xfa44, 0xfa44,
  0xfa44, 0xfa44, 0xfa44, 0xfa44, 0xfa44, 0xfa44, 0xfa44, 0xfa44,
  0xfa44, 0xfa44, 0xfa44, 0xfa44, 0xfa44, 0xfa44, 0xfa44, 0xfa44,
  0xfa44, 0xfa44, 0xfa44, 0xfa44, 0xfa44, 0xfa44, 0xfa44, 0xfa44,
  0xfa44, 0xfa44, 0xfa44, 0xfa44, 0xfa44, 0xfa44, 0xfa44, 0xfa44,
  0xfa44, 0xfa44, 0xfa44, 0xfa44, 0xfa44, 0xfa44, 0xfa44, 0xfa44,
  0xfa44, 0xfa44, 0xfa44, 0xfa44, 0xfa44, 0xfa44, 0xfa44, 0xfa44,
  0xfa44, 0xfa44, 0xfa44, 0xfa44, 0xfa44, 0xfa44, 0xfa44, 0xfa44,
  0xfa44, 0xfa44, 0xfa44, 0xfa44, 0xfa44, 0xfa44, 0xfa44, 0xfa44,
  0xfa44, 0xfa44, 0xfa44, 0xfa44, 0xfa44, 0xfa44, 0xfa44, 0xfa44,
  0xfa44, 0xfa44, 0xfa44, 0xfa44, 0xfa44, 0xfa44, 0xfa44, 0xfa44,
  0xfa44, 0xfa44, 0xfa44, 0xfa44, 0xfa44, 0xfa44, 0xfa44, 0xfa44,
  0xfa44, 0xfa44, 0xfa44, 0xfa44, 0xfa44, 0xfa44, 0xfa44, 0xfa44,
  0xfa44, 0xfa44, 0xfa44, 0xfa44, 0xfa44, 0xfa44, 0xfa44, 0xfa44,
  0xfa44, 0xfa44, 0xfa44, 0xfa44, 0xfa44, 0xfa44, 0xfa44, 0xfa44,
  0xfa44, 0xfa44, 0xfa44, 0xfa44, 0xfa44, 0xfa44, 0xfa44, 0xfa44,
  0xfa44, 0xfa44, 0xfa44, 0xfa44, 0xfa44, 0xfa44, 0xfa44, 0xfa44,
  0xfa44, 0xfa44, 0xfa44, 0xfa44, 0xfa44, 0xfa44, 0xfa44, 0xfa44,
  0xfa44, 0xfa44, 0xfa44, 0xfa44, 0xfa44, 0xfa44, 0xfa44, 0xfa44,
  0xfa44, 0xfa44, 0xfa44, 0xfa44, 0xfa44, 0xfa44, 0xfa44, 0xfa44,
  0xfa44, 0xfa44, 0xfa44, 0xfa44, 0xfa44, 0xfa44, 0xfa44, 0xfa44,
  0xfa44, 0xfa44, 0xfa44, 0xfa44, 0xfa44, 0xfa44, 0xfa44, 0xfa44,
  0xfa44, 0xfa44, 0xfa44, 0xfa44, 0xfa44, 0xfa44, 0xfa44, 0xfa44,
  0xfa44, 0xfa44, 0xfa44, 0xfa44, 0xfa44, 0xfa44, 0xfa44, 0xfa44,
  0xfa44, 0xfa44, 0xfa44, 0xfa44, 0xfa44, 0xfa44, 0xfa44, 0xfa44,
  0xfa44, 0xfa44, 0xfa44, 0xfa44, 0xfa44, 0xfa44, 0xfa44, 0xfa44,
  0xfa44, 0xfa44, 0xfa44, 0xfa44, 0xfa44, 0xfa44, 0xfa44, 0xfa44,
  0xfa44, 0xfa44, 0xfa44, 0xfa44, 0xfa44, 0xfa44, 0xfa44, 0xfa44,
  0xfa44, 0xfa44, 0xfa44, 0xfa44, 0xfa44, 0xfa44, 0xfa44, 0xfa44,
  0xfa44, 0xfa44, 0xfa44, 0xfa44, 0xfa44, 0xfa44, 0xfa44, 0xfa44,
  0xfa44, 0xfa44, 0xfa44, 0xfa44, 0xfa44, 0xfa44, 0xfa44, 0xfa44,
  0xfa44, 0xfa44, 0xfa44, 0xfa44, 0xfa44, 0xfa44, 0xfa44, 0xfa44,
  0xfa44, 0xfa44, 0xfa44, 0xfa44, 0xfa44, 0xfa44, 0xfa44, 0xfa44,
  0xfa44, 0xfa44, 0xfa44, 0xfa44, 0xfa44, 0xfa44, 0xfa44, 0xfa44,
  0xfa44, 0xfa44, 0xfa44, 0xfa44, 0xfa44, 0xfa44, 0xfa44, 0xfa44,
  0xfa44, 0xfa44, 0xfa44, 0xfa44, 0xfa44, 0xfa44, 0xfa44, 0xfa44,
  0xfa44, 0xfa44, 0xfa44, 0xfa44, 0xfa44, 0xfa44, 0xfa44, 0xfa44,
  0xfa44, 0xfa44, 0xfa44, 0xfa44, 0xfa44, 0xfa44, 0xfa44, 0xfa44,
  0xfa44, 0xfa44, 0xfa44, 0xfa44, 0xfa44, 0xfa44, 0xfa44, 0xfa44,
  0xfa44, 0xfa44, 0xfa44, 0xfa44, 0xfa44, 0xfa44, 0xfa44, 0xfa44,
  0xfa44, 0xfa44, 0xfa44, 0xfa44, 0xfa44, 0xfa44, 0xfa44, 0xfa44,
  0xfa44, 0xfa44, 0xfa44, 0xfa44, 0xfa44, 0xfa44, 0xfa44, 0xfa44,
  0xfa44, 0xfa44, 0xfa44, 0xfa44, 0xfa44, 0xfa44, 0xfa44, 0xfa44,
  0xfa44, 0xfa44, 0xfa44, 0xfa44, 0xfa44, 0xfa44, 0xfa44, 0xfa44,
  0xfa44, 0xfa44, 0xfa44, 0xfa44, 0xfa44, 0xfa44, 0xfa44, 0xfa44,
  0xfa44, 0xfa44, 0xfa44, 0xfa44, 0xfa44, 0xfa44, 0xfa44, 0xfa44,
  0xfa44, 0xfa44, 0xfa44, 0xfa44, 0xfa44, 0xfa44, 0xfa44, 0xfa44,
  0xfa44, 0xfa44, 0xfa44, 0xfa44, 0xfa44, 0xfa44, 0xfa44, 0xfa44,
  0xfa44, 0xfa44, 0xfa44, 0xfa44, 0xfa44, 0xfa44, 0xfa44, 0xfa44,
  0xfa44, 0xfa44, 0xfa44, 0xfa44, 0xfa44, 0xfa44, 0xfa44, 0xfa44,
  0xfa44, 0xfa44, 0xfa44, 0xfa44, 0xfa44, 0xfa44, 0xfa44, 0xfa44,
  0xfa44, 0xfa44, 0xfa44, 0xfa44, 0xfa44, 0xfa44, 0xfa44, 0xfa44,
  0xfa44, 0xfa44, 0xfa44, 0xfa44, 0xfa44, 0xfa44, 0xfa44, 0xfa44,
  0xfa44, 0xfa44, 0xfa44, 0xfa44, 0xfa44, 0xfa44, 0xfa44, 0xfa44,
  0xfa44, 0xfa44, 0xfa44, 0xfa44, 0xfa44, 0xfa44, 0xfa44, 0xfa44,
  0xfa44, 0xfa44, 0xfa44, 0xfa44, 0xfa44, 0xfa44, 0xfa44, 0xfa44,
  0xfa44, 0xfa44, 0xfa44, 0xfa44, 0xfa44, 0xfa44, 0xfa44, 0xfa44,
  0xfa44, 0xfa44, 0xfa44, 0xfa44, 0xfa44, 0xfa44, 0xfa44, 0xfa44,
  0xfa44, 0xfa44, 0xfa44, 0xfa44, 0xfa44, 0xfa44, 0xfa44, 0xfa44,
  0xfa44, 0xfa44, 0xfa44, 0xfa44, 0xfa44, 0xfa44, 0xfa44, 0xfa44,
  0xfa44, 0xfa44, 0xfa44, 0xfa44, 0xfa44, 0xfa44, 0xfa44, 0xfa44,
  0xfa44, 0xfa44, 0xfa44, 0xfa44, 0xfa44, 0xfa44, 0xfa44, 0xfa44,
  0xfa44, 0xfa44, 0xfa44, 0xfa44, 0xfa44, 0xfa44, 0xfa44, 0xfa44,
  0xfa44, 0xfa44, 0xfa44, 0xfa44, 0xfa44, 0xfa44, 0xfa44, 0xfa44,
  0xfa44, 0xfa44, 0xfa44, 0xfa44, 0xfa44, 0xfa44, 0xfa44, 0xfa44,
  0xfa44, 0xfa44, 0xfa44, 0xfa44, 0xfa44, 0xfa44, 0xfa44, 0xfa44,
  0xfa44, 0xfa44, 0xfa44, 0xfa44, 0xfa44, 0xfa44, 0xfa44, 0xfa44,
  0xfa44, 0xfa44, 0xfa44, 0xfa44, 0xfa44, 0xfa44, 0xfa44, 0xfa44,
  0xfa44, 0xfa44, 0xfa44, 0xfa44, 0xfa44, 0xfa44, 0xfa44, 0xfa44,
  0xfa44, 0xfa44, 0xfa44, 0xfa44, 0xfa44, 0xfa44, 0xfa44, 0xfa44,
  0xfa44, 0xfa44, 0xfa44, 0xfa44, 0xfa44, 0xfa44, 0xfa44, 0xfa44,
  0xfa44, 0xfa44, 0xfa44, 0xfa44, 0xfa44, 0xfa44, 0xfa44, 0xfa44,
  0xfa44, 0xfa44, 0xfa44, 0xfa44, 0xfa44, 0xfa44, 0xfa44, 0xfa44,
  0xfa44, 0xfa44, 0xfa44, 0xfa44, 0xfa44, 0xfa44, 0xfa44, 0xfa44,
  0xfa44, 0xfa44, 0xfa44, 0xfa44, 0xfa44, 0xfa44, 0xfa44, 0xfa44,
  0xfa44, 0xfa44, 0xfa44, 0xfa44, 0xfa44, 0xfa44, 0xfa44, 0xfa44,
  0xfa44, 0xfa44, 0xfa44, 0xfa44, 0xfa44, 0xfa44, 0xfa44, 0xfa44,
  0xfa44, 0xfa44, 0xfa44, 0xfa44, 0xfa44, 0xfa44, 0xfa44, 0xfa44,
  0xfa44, 0xfa44, 0xfa44, 0xfa44, 0xfa44, 0xfa44, 0xfa44, 0xfa44,
  0xfa44, 0xfa44, 0xfa44, 0xfa44, 0xfa44, 0xfa44, 0xfa44, 0xfa44,
  0xfa44, 0xfa44, 0xfa44, 0xfa44, 0xfa44, 0xfa44, 0xfa44, 0xfa44,
  0xfa44, 0xfa44, 0xfa44, 0xfa44, 0xfa44, 0xfa44, 0xfa44, 0xfa44,
  0xfa44, 0xfa44, 0xfa44, 0xfa44, 0xfa44, 0xfa44, 0xfa44, 0xfa44,
  0xfa44, 0xfa44, 0xfa44, 0xfa44, 0xfa44, 0xfa44, 0xfa44, 0xfa44,
  0xfa44, 0xfa44, 0xfa44, 0xfa44, 0xfa44, 0xfa44, 0xfa44, 0xfa44,
  0xfa44, 0xfa44, 0xfa44, 0xfa44, 0xfa44, 0xfa44, 0xfa44, 0xfa44,
  0xfa44, 0xfa44, 0xfa44, 0xfa44, 0xfa44, 0xfa44, 0xfa44, 0xfa44,
  0xfa44, 0xfa44, 0xfa44, 0xfa44, 0xfa44, 0xfa44, 0xfa44, 0xfa44,
  0xfa44, 0xfa44, 0xfa44, 0xfa44, 0xfa44, 0xfa44, 0xfa44, 0xfa44,
  0xfa44, 0xfa44, 0xfa44, 0xfa44, 0xfa44, 0xfa44, 0xfa44, 0xfa44,
  0xfa44, 0xfa44, 0xfa44, 0xfa44, 0xfa44, 0xfa44, 0xfa44, 0xfa44,
  0xfa44, 0xfa44, 0xfa44, 0xfa44, 0xfa44, 0xfa44, 0xfa44, 0xfa44,
  0xfa44, 0xfa44, 0xfa44, 0xfa44, 0xfa44, 0xfa44, 0xfa44, 0xfa44,
  0xfa44, 0xfa44, 0xfa44, 0xfa44, 0xfa44, 0xfa44, 0xfa44, 0xfa44,
  0xfa44, 0xfa44, 0xfa44, 0xfa44, 0xfa44, 0xfa44, 0xfa44, 0xfa44,
  0xfa44, 0xfa44, 0xfa44, 0xfa44, 0xfa44, 0xfa44, 0xfa44, 0xfa44,
  0xfa44, 0xfa44, 0xfa44, 0xfa44, 0xfa44, 0xfa44, 0xfa44, 0xfa44,
  0xfa44, 0xfa44, 0xfa44, 0xfa44, 0xfa44, 0xfa44, 0xfa44, 0xfa44,
  0xfa44, 0xfa44, 0xfa44, 0xfa44, 0xfa44, 0xfa44, 0xfa44, 0xfa44,
  0xfa44, 0xfa44, 0xfa44, 0xfa44, 0xfa44, 0xfa44, 0xfa44, 0xfa44,
  0xfa44, 0xfa44, 0xfa44, 0xfa44, 0xfa44, 0xfa44, 0xfa44, 0xfa44,
  0xfa44, 0xfa44, 0xfa44, 0xfa44, 0xfa44, 0xfa44, 0xfa44, 0xfa44,
  0xfa44, 0xfa44, 0xfa44, 0xfa44, 0xfa44, 0xfa44, 0xfa44, 0xfa44,
  0xfa44, 0xfa44, 0xfa44, 0xfa44, 0xfa44, 0xfa44, 0xfa44, 0xfa44,
  0xfa44, 0xfa44, 0xfa44, 0xfa44, 0xfa44, 0xfa44, 0xfa44, 0xfa44,
  0xfa44, 0xfa44, 0xfa44, 0xfa44, 0xfa44, 0xfa44, 0xfa44, 0xfa44,
  0xfa44, 0xfa44, 0xfa44, 0xfa44, 0xfa44, 0xfa44, 0xfa44, 0xfa44,
  0xfa44, 0xfa44, 0xfa44, 0xfa44, 0xfa44, 0xfa44, 0xfa44, 0xfa44,
  0xfa44, 0xfa44, 0xfa44, 0xfa44, 0xfa44, 0xfa44, 0xfa44, 0xfa44,
  0xfa44, 0xfa44, 0xfa44, 0xfa44, 0xfa44, 0xfa44, 0xfa44, 0xfa44,
  0xfa44, 0xfa44, 0xfa44, 0xfa44, 0xfa44, 0xfa44, 0xfa44, 0xfa44,
  0xfa44, 0xfa44, 0xfa44, 0xfa44, 0xfa44, 0xfa44, 0xfa44, 0xfa44,
  0xfa44, 0xfa44, 0xfa44, 0xfa44, 0xfa44, 0xfa44, 0xfa44, 0xfa44,
  0xfa44, 0xfa44, 0xfa44, 0xfa44, 0xfa44, 0xfa44, 0xfa44, 0xfa44,
  0xfa44, 0xfa44, 0xfa44, 0xfa44, 0xfa44, 0xfa44, 0xfa44, 0xfa44,
  0xfa44, 0xfa44, 0xfa44, 0xfa44, 0xfa44, 0xfa44, 0xfa44, 0xfa44,
  0xfa44, 0xfa44, 0xfa44, 0xfa44, 0xfa44, 0xfa44, 0xfa44, 0xfa44,
  0xfa44, 0xfa44, 0xfa44, 0xfa44, 0xfa44, 0xfa44, 0xfa44, 0xfa44,
  0xfa44, 0xfa44, 0xfa44, 0xfa44, 0xfa44, 0xfa44, 0xfa44, 0xfa44,
  0xfa44, 0xfa44, 0xfa44, 0xfa44, 0xfa44, 0xfa44, 0xfa44, 0xfa44,
  0xfa44, 0xfa44, 0xfa44, 0xfa44, 0xfa44, 0xfa44, 0xfa44, 0xfa44,
  0xfa44, 0xfa44, 0xfa44, 0xfa44, 0xfa44, 0xfa44, 0xfa44, 0xfa44,
  0xfa44, 0xfa44, 0xfa44, 0xfa44, 0xfa44, 0xfa44, 0xfa44, 0xfa44,
  0xfa44, 0xfa44, 0xfa44, 0xfa44, 0xfa44, 0xfa44, 0xfa44, 0xfa44,
  0xfa44, 0xfa44, 0xfa44, 0xfa44, 0xfa44, 0xfa44, 0xfa44, 0xfa44,
  0xfa44, 0xfa44, 0xfa44, 0xfa44, 0xfa44, 0xfa44, 0xfa44, 0xfa44,
  0xfa44, 0xfa44, 0xfa44, 0xfa44, 0xfa44, 0xfa44, 0xfa44, 0xfa44,
  0xfa44, 0xfa44, 0xfa44, 0xfa44, 0xfa44, 0xfa44, 0xfa44, 0xfa44,
  0xfa44, 0xfa44, 0xfa44, 0xfa44, 0xfa44, 0xfa44, 0xfa44, 0xfa44,
  0xfa44, 0xfa44, 0xfa44, 0xfa44, 0xfa44, 0xfa44, 0xfa44, 0xfa44,
  0xfa44, 0xfa44, 0xfa44, 0xfa44, 0xfa44, 0xfa44, 0xfa44, 0xfa44,
  0xfa44, 0xfa44, 0xfa44, 0xfa44, 0xfa44, 0xfa44, 0xfa44, 0xfa44,
  0xfa44, 0xfa44, 0xfa44, 0xfa44, 0xfa44, 0xfa44, 0xfa44, 0xfa44,
  0xfa44, 0xfa44, 0xfa44, 0xfa44, 0xfa44, 0xfa44, 0xfa44, 0xfa44,
  0xfa44, 0xfa44, 0xfa44, 0xfa44, 0xfa44, 0xfa44, 0xfa44, 0xfa44,
  0xfa44, 0xfa44, 0xfa44, 0xfa44, 0xfa44, 0xfa44, 0xfa44, 0xfa44,
  0xfa44, 0xfa44, 0xfa44, 0xfa44, 0xfa44, 0xfa44, 0xfa44, 0xfa44,
  0xfa44, 0xfa44, 0xfa44, 0xfa44, 0xfa44, 0xfa44, 0xfa44, 0xfa44,
  0xfa44, 0xfa44, 0xfa44, 0xfa44, 0xfa44, 0xfa44, 0xfa44, 0xfa44,
  0xfa44, 0xfa44, 0xfa44, 0xfa44, 0xfa44, 0xfa44, 0xfa44, 0xfa44,
  0xfa44, 0xfa44, 0xfa44, 0xfa44, 0xfa44, 0xfa44, 0xfa44, 0xfa44,
  0xfa44, 0xfa44, 0xfa44, 0xfa44, 0xfa44, 0xfa44, 0xfa44, 0xfa44,
  0xfa44, 0xfa44, 0xfa44, 0xfa44, 0xfa44, 0xfa44, 0xfa44, 0xfa44,
  0xfa44, 0xfa44, 0xfa44, 0xfa44, 0xfa44, 0xfa44, 0xfa44, 0xfa44,
  0xfa44, 0xfa44, 0xfa44, 0xfa44, 0xfa44, 0xfa44, 0xfa44, 0xfa44,
  0xfa44, 0xfa44, 0xfa44, 0xfa44, 0xfa44, 0xfa44, 0xfa44, 0xfa44,
  0xfa44, 0xfa44, 0xfa44, 0xfa44, 0xfa44, 0xfa44, 0xfa44, 0xfa44,
  0xfa44, 0xfa44, 0xfa44, 0xfa44, 0xfa44, 0xfa44, 0xfa44, 0xfa44,
  0xfa44, 0xfa44, 0xfa44, 0xfa44, 0xfa44, 0xfa44, 0xfa44, 0xfa44,
  0xfa44, 0xfa44, 0xfa44, 0xfa44, 0xfa44, 0xfa44, 0xfa44, 0xfa44,
  0xfa44, 0xfa44, 0xfa44, 0xfa44, 0xfa44, 0xfa44, 0xfa44, 0xfa44,
  0xfa44, 0xfa44, 0xfa44, 0xfa44, 0xfa44, 0xfa44, 0xfa44, 0xfa44,
  0xfa44, 0xfa44, 0xfa44, 0xfa44, 0xfa44, 0xfa44, 0xfa44, 0xfa44,
  0xfa44, 0xfa44, 0xfa44, 0xfa44, 0xfa44, 0xfa44, 0xfa44, 0xfa44,
  0xfa44, 0xfa44, 0xfa44, 0xfa44, 0xfa44, 0xfa44, 0xfa44, 0xfa44,
  0xfa44, 0xfa44, 0xfa44, 0xfa44, 0xfa44, 0xfa44, 0xfa44, 0xfa44,
  0xfa44, 0xfa44, 0xfa44, 0xfa44, 0xfa44, 0xfa44, 0xfa44, 0xfa44,
  0xfa44, 0xfa44, 0xfa44, 0xfa44, 0xfa44, 0xfa44, 0xfa44, 0xfa44,
  0xfa44, 0xfa44, 0xfa44, 0xfa44, 0xfa44, 0xfa44, 0xfa44, 0xfa44,
  0xfa44, 0xfa44, 0xfa44, 0xfa44, 0xfa44, 0xfa44, 0xfa44, 0xfa44,
  0xfa44, 0xfa44, 0xfa44, 0xfa44, 0xfa44, 0xfa44, 0xfa44, 0xfa44,
  0xfa44, 0xfa44, 0xfa44, 0xfa44, 0xfa44, 0xfa44, 0xfa44, 0xfa44,
  0xfa44, 0xfa44, 0xfa44, 0xfa44, 0xfa44, 0xfa44, 0xfa44, 0xfa44,
  0xfa44, 0xfa44, 0xfa44, 0xfa44, 0xfa44, 0xfa44, 0xfa44, 0xfa44,
  0xfa44, 0xfa44, 0xfa44, 0xfa44, 0xfa44, 0xfa44, 0xfa44, 0xfa44,
  0xfa44, 0xfa44, 0xfa44, 0xfa44, 0xfa44, 0xfa44, 0xfa44, 0xfa44,
  0xfa44, 0xfa44, 0xfa44, 0xfa44, 0xfa44, 0xfa44, 0xfa44, 0xfa44,
  0xfa44, 0xfa44, 0xfa44, 0xfa44, 0xfa44, 0xfa44, 0xfa44, 0xfa44,
  0xfa44, 0xfa44, 0xfa44, 0xfa44, 0xfa44, 0xfa44, 0xfa44, 0xfa44,
  0xfa44, 0xfa44, 0xfa44, 0xfa44, 0xfa44, 0xfa44, 0xfa44, 0xfa44,
  0xfa44, 0xfa44, 0xfa44, 0xfa44, 0xfa44, 0xfa44, 0xfa44, 0xfa44,
  0xfa44, 0xfa44, 0xfa44, 0xfa44, 0xfa44, 0xfa44, 0xfa44, 0xfa44,
  0xfa44, 0xfa44, 0xfa44, 0xfa44, 0xfa44, 0xfa44, 0xfa44, 0xfa44,
  0xfa44, 0xfa44, 0xfa44, 0xfa44, 0xfa44, 0xfa44, 0xfa44, 0xfa44,
  0xfa44, 0xfa44, 0xfa44, 0xfa44, 0xfa44, 0xfa44, 0xfa44, 0xfa44,
  0xfa44, 0xfa44, 0xfa44, 0xfa44, 0xfa44, 0xfa44, 0xfa44, 0xfa44,
  0xfa44, 0xfa44, 0xfa44, 0xfa44, 0xfa44, 0xfa44, 0xfa44, 0xfa44,
  0xfa44, 0xfa44, 0xfa44, 0xfa44, 0xfa44, 0xfa44, 0xfa44, 0xfa44,
  0xfa44, 0xfa44, 0xfa44, 0xfa44, 0xfa44, 0xfa44, 0xfa44, 0xfa44,
  0xfa44, 0xfa44, 0xfa44, 0xfa44, 0xfa44, 0xfa44, 0xfa44, 0xfa44,
  0xfa44, 0xfa44, 0xfa44, 0xfa44, 0xfa44, 0xfa44, 0xfa44, 0xfa44,
  0xfa44, 0xfa44, 0xfa44, 0xfa44, 0xfa44, 0xfa44, 0xfa44, 0xfa44,
  0xfa44, 0xfa44, 0xfa44, 0xfa44, 0xfa44, 0xfa44, 0xfa44, 0xfa44,
  0xfa44, 0xfa44, 0xfa44, 0xfa44, 0xfa44, 0xfa44, 0xfa44, 0xfa44,
  0xfa44, 0xfa44, 0xfa44, 0xfa44, 0xfa44, 0xfa44, 0xfa44, 0xfa44,
  0xfa44, 0xfa44, 0xfa44, 0xfa44, 0xfa44, 0xfa44, 0xfa44, 0xfa44,
  0xfa44, 0xfa44, 0xfa44, 0xfa44, 0xfa44, 0xfa44, 0xfa44, 0xfa44,
  0xfa44, 0xfa44, 0xfa44, 0xfa44, 0xfa44, 0xfa44, 0xfa44, 0xfa44,
  0xfa44, 0xfa44, 0xfa44, 0xfa44, 0xfa44, 0xfa44, 0xfa44, 0xfa44,
  0xfa44, 0xfa44, 0xfa44, 0xfa44, 0xfa44, 0xfa44, 0xfa44, 0xfa44,
  0xfa44, 0xfa44, 0xfa44, 0xfa44, 0xfa44, 0xfa44, 0xfa44, 0xfa44,
  0xfa44, 0xfa44, 0xfa44, 0xfa44, 0xfa44, 0xfa44, 0xfa44, 0xfa44,
  0xfa44, 0xfa44, 0xfa44, 0xfa44, 0xfa44, 0xfa44, 0xfa44, 0xfa44,
  0xfa44, 0xfa44, 0xfa44, 0xfa44, 0xfa44, 0xfa44, 0xfa44, 0xfa44,
  0xfa44, 0xfa44, 0xfa44, 0xfa44, 0xfa44, 0xfa44, 0xfa44, 0xfa44,
  0xfa44, 0xfa44, 0xfa44, 0xfa44, 0xfa44, 0xfa44, 0xfa44, 0xfa44,
  0xfa44, 0xfa44, 0xfa44, 0xfa44, 0xfa44, 0xfa44, 0xfa44, 0xfa44,
  0xfa44, 0xfa44, 0xfa44, 0xfa44, 0xfa44, 0xfa44, 0xfa44, 0xfa44,
  0xfa44, 0xfa44, 0xfa44, 0xfa44, 0xfa44, 0xfa44, 0xfa44, 0xfa44,
  0xfa44, 0xfa44, 0xfa44, 0xfa44, 0xfa44, 0xfa44, 0xfa44, 0xfa44,
  0xfa44, 0xfa44, 0xfa44, 0xfa44, 0xfa44, 0xfa44, 0xfa44, 0xfa44,
  0xfa44, 0xfa44, 0xfa44, 0xfa44, 0xfa44, 0xfa44, 0xfa44, 0xfa44,
  0xfa44, 0xfa44, 0xfa44, 0xfa44, 0xfa44, 0xfa44, 0xfa44, 0xfa44,
  0xfa44, 0xfa44, 0xfa44, 0xfa44, 0xfa44, 0xfa44, 0xfa44, 0xfa44,
  0xfa44, 0xfa44, 0xfa44, 0xfa44, 0xfa44, 0xfa44, 0xfa44, 0xfa44,
  0xfa44, 0xfa44, 0xfa44, 0xfa44, 0xfa44, 0xfa44, 0xfa44, 0xfa44,
  0xfa44, 0xfa44, 0xfa44, 0xfa44, 0xfa44, 0xfa44, 0xfa44, 0xfa44,
  0xfa44, 0xfa44, 0xfa44, 0xfa44, 0xfa44, 0xfa44, 0xfa44, 0xfa44,
  0xfa44, 0xfa44, 0xfa44, 0xfa44, 0xfa44, 0xfa44, 0xfa44, 0xfa44,
  0xfa44, 0xfa44, 0xfa44, 0xfa44, 0xfa44, 0xfa44, 0xfa44, 0xfa44,
  0xfa44, 0xfa44, 0xfa44, 0xfa44, 0xfa44, 0xfa44, 0xfa44, 0xfa44,
  0xfa44, 0xfa44, 0xfa44, 0xfa44, 0xfa44, 0xfa44, 0xfa44, 0xfa44,
  0xfa44, 0xfa44, 0xfa44, 0xfa44, 0xfa44, 0xfa44, 0xfa44, 0xfa44,
  0xfa44, 0xfa44, 0xfa44, 0xfa44, 0xfa44, 0xfa44, 0xfa44, 0xfa44,
  0xfa44, 0xfa44, 0xfa44, 0xfa44, 0xfa44, 0xfa44, 0xfa44, 0xfa44,
  0xfa44, 0xfa44, 0xfa44, 0xfa44, 0xfa44, 0xfa44, 0xfa44, 0xfa44,
  0xfa44, 0xfa44, 0xfa44, 0xfa44, 0xfa44, 0xfa44, 0xfa44, 0xfa44,
  0xfa44, 0xfa44, 0xfa44, 0xfa44, 0xfa44, 0xfa44, 0xfa44, 0xfa44,
  0xfa44, 0xfa44, 0xfa44, 0xfa44, 0xfa44, 0xfa44, 0xfa44, 0xfa44,
  0xfa44, 0xfa44, 0xfa44, 0xfa44, 0xfa44, 0xfa44, 0xfa44, 0xfa44,
  0xfa44, 0xfa44, 0xfa44, 0xfa44, 0xfa44, 0xfa44, 0xfa44, 0xfa44,
  0xfa44, 0xfa44, 0xfa44, 0xfa44, 0xfa44, 0xfa44, 0xfa44, 0xfa44,
  0xfa44, 0xfa44, 0xfa44, 0xfa44, 0xfa44, 0xfa44, 0xfa44, 0xfa44,
  0xfa44, 0xfa44, 0xfa44, 0xfa44, 0xfa44, 0xfa44, 0xfa44, 0xfa44,
  0xfa44, 0xfa44, 0xfa44, 0xfa44, 0xfa44, 0xfa44, 0xfa44, 0xfa44,
  0xfa44, 0xfa44, 0xfa44, 0xfa44, 0xfa44, 0xfa44, 0xfa44, 0xfa44,
  0xfa44, 0xfa44, 0xfa44, 0xfa44, 0xfa44, 0xfa44, 0xfa44, 0xfa44,
  0xfa44, 0xfa44, 0xfa44, 0xfa44, 0xfa44, 0xfa44, 0xfa44, 0xfa44,
  0xfa44, 0xfa44, 0xfa44, 0xfa44, 0xfa44, 0xfa44, 0xfa44, 0xfa44,
  0xfa44, 0xfa44, 0xfa44, 0xfa44, 0xfa44, 0xfa44, 0xfa44, 0xfa44,
  0xfa44, 0xfa44, 0xfa44, 0xfa44, 0xfa44, 0xfa44, 0xfa44, 0xfa44,
  0xfa44, 0xfa44, 0xfa44, 0xfa44, 0xfa44, 0xfa44, 0xfa44, 0xfa44,
  0xfa44, 0xfa44, 0xfa44, 0xfa44, 0xfa44, 0xfa44, 0xfa44, 0xfa44,
  0xfa44, 0xfa44, 0xfa44, 0xfa44, 0xfa44, 0xfa44, 0xfa44, 0xfa44,
  0xfa44, 0xfa44, 0xfa44, 0xfa44, 0xfa44, 0xfa44, 0xfa44, 0xfa44,
  0xfa44, 0xfa44, 0xfa44, 0xfa44, 0xfa44, 0xfa44, 0xfa44, 0xfa44,
  0xfa44, 0xfa44, 0xfa44, 0xfa44, 0xfa44, 0xfa44, 0xfa44, 0xfa44,
  0xfa44, 0xfa44, 0xfa44, 0xfa44, 0xfa44, 0xfa44, 0xfa44, 0xfa44,
  0xfa44, 0xfa44, 0xfa44, 0xfa44, 0xfa44, 0xfa44, 0xfa44, 0xfa44,
  0xfa44, 0xfa44, 0xfa44, 0xfa44, 0xfa44, 0xfa44, 0xfa44, 0xfa44,
  0xfa44, 0xfa44, 0xfa44, 0xfa44, 0xfa44, 0xfa44, 0xfa44, 0xfa44,
  0xfa44, 0xfa44, 0xfa44, 0xfa44, 0xfa44, 0xfa44, 0xfa44, 0xfa44,
  0xfa44, 0xfa44, 0xfa44, 0xfa44, 0xfa44, 0xfa44, 0xfa44, 0xfa44,
  0xfa44, 0xfa44, 0xfa44, 0xfa44, 0xfa44, 0xfa44, 0xfa44, 0xfa44,
  0xfa44, 0xfa44, 0xfa44, 0xfa44, 0xfa44, 0xfa44, 0xfa44, 0xfa44,
  0xfa44, 0xfa44, 0xfa44, 0xfa44, 0xfa44, 0xfa44, 0xfa44, 0xfa44,
  0xfa44, 0xfa44, 0xfa44, 0xfa44, 0xfa44, 0xfa44, 0xfa44, 0xfa44,
  0xfa44, 0xfa44, 0xfa44, 0xfa44, 0xfa44, 0xfa44, 0xfa44, 0xfa44,
  0xfa44, 0xfa44, 0xfa44, 0xfa44, 0xfa44, 0xfa44, 0xfa44, 0xfa44,
  0xfa44, 0xfa44, 0xfa44, 0xfa44, 0xfa44, 0xfa44, 0xfa44, 0xfa44,
  0xfa44, 0xfa44, 0xfa44, 0xfa44, 0xfa44, 0xfa44, 0xfa44, 0xfa44,
  0xfa44, 0xfa44, 0xfa44, 0xfa44, 0xfa44, 0xfa44, 0xfa44, 0xfa44,
  0xfa44, 0xfa44, 0xfa44, 0xfa44, 0xfa44, 0xfa44, 0xfa44, 0xfa44,
  0xfa44, 0xfa44, 0xfa44, 0xfa44, 0xfa44, 0xfa44, 0xfa44, 0xfa44,
  0xfa44, 0xfa44, 0xfa44, 0xfa44, 0xfa44, 0xfa44, 0xfa44, 0xfa44,
  0xfa44, 0xfa44, 0xfa44, 0xfa44, 0xfa44, 0xfa44, 0xfa44, 0xfa44,
  0xfa44, 0xfa44, 0xfa44, 0xfa44, 0xfa44, 0xfa44, 0xfa44, 0xfa44,
  0xfa44, 0xfa44, 0xfa44, 0xfa44, 0xfa44, 0xfa44, 0xfa44, 0xfa44,
  0xfa44, 0xfa44, 0xfa44, 0xfa44, 0xfa44, 0xfa44, 0xfa44, 0xfa44,
  0xfa44, 0xfa44, 0xfa44, 0xfa44, 0xfa44, 0xfa44, 0xfa44, 0xfa44,
  0xfa44, 0xfa44, 0xfa44, 0xfa44, 0xfa44, 0xfa44, 0xfa44, 0xfa44,
  0xfa44, 0xfa44, 0xfa44, 0xfa44, 0xfa44, 0xfa44, 0xfa44, 0xfa44,
  0xfa44, 0xfa44, 0xfa44, 0xfa44, 0xfa44, 0xfa44, 0xfa44, 0xfa44,
  0xfa44, 0xfa44, 0xfa44, 0xfa44, 0xfa44, 0xfa44, 0xfa44, 0xfa44,
  0xfa44, 0xfa44, 0xfa44, 0xfa44, 0xfa44, 0xfa44, 0xfa44, 0xfa44,
  0xfa44, 0xfa44, 0xfa44, 0xfa44, 0xfa44, 0xfa44, 0xfa44, 0xfa44,
  0xfa44, 0xfa44, 0xfa44, 0xfa44, 0xfa44, 0xfa44, 0xfa44, 0xfa44,
  0xfa44, 0xfa44, 0xfa44, 0xfa44, 0xfa44, 0xfa44, 0xfa44, 0xfa44,
  0xfa44, 0xfa44, 0xfa44, 0xfa44, 0xfa44, 0xfa44, 0xfa44, 0xfa44,
  0xfa44, 0xfa44, 0xfa44, 0xfa44, 0xfa44, 0xfa44, 0xfa44, 0xfa44,
  0xfa44, 0xfa44, 0xfa44, 0xfa44, 0xfa44, 0xfa44, 0xfa44, 0xfa44,
  0xfa44, 0xfa44, 0xfa44, 0xfa44, 0xfa44, 0xfa44, 0xfa44, 0xfa44,
  0xfa44, 0xfa44, 0xfa44, 0xfa44, 0xfa44, 0xfa44, 0xfa44, 0xfa44,
  0xfa44, 0xfa44, 0xfa44, 0xfa44, 0xfa44, 0xfa44, 0xfa44, 0xfa44,
  0xfa44, 0xfa44, 0xfa44, 0xfa44, 0xfa44, 0xfa44, 0xfa44, 0xfa44,
  0xfa44, 0xfa44, 0xfa44, 0xfa44, 0xfa44, 0xfa44, 0xfa44, 0xfa44,
  0xfa44, 0xfa44, 0xfa44, 0xfa44, 0xfa44, 0xfa44, 0xfa44, 0xfa44,
  0xfa44, 0xfa44, 0xfa44, 0xfa44, 0xfa44, 0xfa44, 0xfa44, 0xfa44,
  0xfa44, 0xfa44, 0xfa44, 0xfa44, 0xfa44, 0xfa44, 0xfa44, 0xfa44,
  0xfa44, 0xfa44, 0xfa44, 0xfa44, 0xfa44, 0xfa44, 0xfa44, 0xfa44,
  0xfa44, 0xfa44, 0xfa44, 0xfa44, 0xfa44, 0xfa44, 0xfa44, 0xfa44,
  0xfa44, 0xfa44, 0xfa44, 0xfa44, 0xfa44, 0xfa44, 0xfa44, 0xfa44,
  0xfa44, 0xfa44, 0xfa44, 0xfa44, 0xfa44, 0xfa44, 0xfa44, 0xfa44,
  0xfa44, 0xfa44, 0xfa44, 0xfa44, 0xfa44, 0xfa44, 0xfa44, 0xfa44,
  0xfa44, 0xfa44, 0xfa44, 0xfa44, 0xfa44, 0xfa44, 0xfa44, 0xfa44,
  0xfa44, 0xfa44, 0xfa44, 0xfa44, 0xfa44, 0xfa44, 0xfa44, 0xfa44,
  0xfa44, 0xfa44, 0xfa44, 0xfa44, 0xfa44, 0xfa44, 0xfa44, 0xfa44,
  0xfa44, 0xfa44, 0xfa44, 0xfa44, 0xfa44, 0xfa44, 0xfa44, 0xfa44,
  0xfa44, 0xfa44, 0xfa44, 0xfa44, 0xfa44, 0xfa44, 0xfa44, 0xfa44,
  0xfa44, 0xfa44, 0xfa44, 0xfa44, 0xfa44, 0xfa44, 0xfa44, 0xfa44,
  0xfa44, 0xfa44, 0xfa44, 0xfa44, 0xfa44, 0xfa44, 0xfa44, 0xfa44,
  0xfa44, 0xfa44, 0xfa44, 0xfa44, 0xfa44, 0xfa44, 0xfa44, 0xfa44,
  0xfa44, 0xfa44, 0xfa44, 0xfa44, 0xfa44, 0xfa44, 0xfa44, 0xfa44,
  0xfa44, 0xfa44, 0xfa44, 0xfa44, 0xfa44, 0xfa44, 0xfa44, 0xfa44,
  0xfa44, 0xfa44, 0xfa44, 0xfa44, 0xfa44, 0xfa44, 0xfa44, 0xfa44,
  0xfa44, 0xfa44, 0xfa44, 0xfa44, 0xfa44, 0xfa44, 0xfa44, 0xfa44,
  0xfa44, 0xfa44, 0xfa44, 0xfa44, 0xfa44, 0xfa44, 0xfa44, 0xfa44,
  0xfa44, 0xfa44, 0xfa44, 0xfa44, 0xfa44, 0xfa44, 0xfa44, 0xfa44,
  0xfa44, 0xfa44, 0xfa44, 0xfa44, 0xfa44, 0xfa44, 0xfa44, 0xfa44,
  0xfa44, 0xfa44, 0xfa44, 0xfa44, 0xfa44, 0xfa44, 0xfa44, 0xfa44,
  0xfa44, 0xfa44, 0xfa44, 0xfa44, 0xfa44, 0xfa44, 0xfa44, 0xfa44,
  0xfa44, 0xfa44, 0xfa44, 0xfa44, 0xfa44, 0xfa44, 0xfa44, 0xfa44,
  0xfa44, 0xfa44, 0xfa44, 0xfa44, 0xfa44, 0xfa44, 0xfa44, 0xfa44,
  0xfa44, 0xfa44, 0xfa44, 0xfa44, 0xfa44, 0xfa44, 0xfa44, 0xfa44,
  0xfa44, 0xfa44, 0xfa44, 0xfa44, 0xfa44, 0xfa44, 0xfa44, 0xfa44,
  0xfa44, 0xfa44, 0xfa44, 0xfa44, 0xfa44, 0xfa44, 0xfa44, 0xfa44,
  0xfa44, 0xfa44, 0xfa44, 0xfa44, 0xfa44, 0xfa44, 0xfa44, 0xfa44,
  0xfa44, 0xfa44, 0xfa44, 0xfa44, 0xfa44, 0xfa44, 0xfa44, 0xfa44,
  0xfa44, 0xfa44, 0xfa44, 0xfa44, 0xfa44, 0xfa44, 0xfa44, 0xfa44,
  0xfa44, 0xfa44, 0xfa44, 0xfa44, 0xfa44, 0xfa44, 0xfa44, 0xfa44,
  0xfa44, 0xfa44, 0xfa44, 0xfa44, 0xfa44, 0xfa44, 0xfa44, 0xfa44,
  0xfa44, 0xfa44, 0xfa44, 0xfa44, 0xfa44, 0xfa44, 0xfa44, 0xfa44,
  0xfa44, 0xfa44, 0xfa44, 0xfa44, 0xfa44, 0xfa44, 0xfa44, 0xfa44,
  0xfa44, 0xfa44, 0xfa44, 0xfa44, 0xfa44, 0xfa44, 0xfa44, 0xfa44,
  0xfa44, 0xfa44, 0xfa44, 0xfa44, 0xfa44, 0xfa44, 0xfa44, 0xfa44,
  0xfa44, 0xfa44, 0xfa44, 0xfa44, 0xfa44, 0xfa44, 0xfa44, 0xfa44,
  0xfa44, 0xfa44, 0xfa44, 0xfa44, 0xfa44, 0xfa44, 0xfa44, 0xfa44,
  0xfa44, 0xfa44, 0xfa44, 0xfa44, 0xfa44, 0xfa44, 0xfa44, 0xfa44,
  0xfa44, 0xfa44, 0xfa44, 0xfa44, 0xfa44, 0xfa44, 0xfa44, 0xfa44,
  0xfa44, 0xfa44, 0xfa44, 0xfa44, 0xfa44, 0xfa44, 0xfa44, 0xfa44,
  0xfa44, 0xfa44, 0xfa44, 0xfa44, 0xfa44, 0xfa44, 0xfa44, 0xfa44,
  0xfa44, 0xfa44, 0xfa44, 0xfa44, 0xfa44, 0xfa44, 0xfa44, 0xfa44,
  0xfa44, 0xfa44, 0xfa44, 0xfa44, 0xfa44, 0xfa44, 0xfa44, 0xfa44,
  0xfa44, 0xfa44, 0xfa44, 0xfa44, 0xfa44, 0xfa44, 0xfa44, 0xfa44,
  0xfa44, 0xfa44, 0xfa44, 0xfa44, 0xfa44, 0xfa44, 0xfa44, 0xfa44,
  0xfa44, 0xfa44, 0xfa44, 0xfa44, 0xfa44, 0xfa44, 0xfa44, 0xfa44,
  0xfa44, 0xfa44, 0xfa44, 0xfa44, 0xfa44, 0xfa44, 0xfa44, 0xfa44,
  0xfa44, 0xfa44, 0xfa44, 0xfa44, 0xfa44, 0xfa44, 0xfa44, 0xfa44,
  0xfa44, 0xfa44, 0xfa44, 0xfa44, 0xfa44, 0xfa44, 0xfa44, 0xfa44,
  0xfa44, 0xfa44, 0xfa44, 0xfa44, 0xfa44, 0xfa44, 0xfa44, 0xfa44,
  0xfa44, 0xfa44, 0xfa44, 0xfa44, 0xfa44, 0xfa44, 0xfa44, 0xfa44,
  0xfa44, 0xfa44, 0xfa44, 0xfa44, 0xfa44, 0xfa44, 0xfa44, 0xfa44,
  0xfa44, 0xfa44, 0xfa44, 0xfa44, 0xfa44, 0xfa44, 0xfa44, 0xfa44,
  0xfa44, 0xfa44, 0xfa44, 0xfa44, 0xfa44, 0xfa44, 0xfa44, 0xfa44,
  0xfa44, 0xfa44, 0xfa44, 0xfa44, 0xfa44, 0xfa44, 0xfa44, 0xfa44,
  0xfa44, 0xfa44, 0xfa44, 0xfa44, 0xfa44, 0xfa44, 0xfa44, 0xfa44,
  0xfa44, 0xfa44, 0xfa44, 0xfa44, 0xfa44, 0xfa44, 0xfa44, 0xfa44,
  0xfa44, 0xfa44, 0xfa44, 0xfa44, 0xfa44, 0xfa44, 0xfa44, 0xfa44,
  0xfa44, 0xfa44, 0xfa44, 0xfa44, 0xfa44, 0xfa44, 0xfa44, 0xfa44,
  0xfa44, 0xfa44, 0xfa44, 0xfa44, 0xfa44, 0xfa44, 0xfa44, 0xfa44,
  0xfa44, 0xfa44, 0xfa44, 0xfa44, 0xfa44, 0xfa44, 0xfa44, 0xfa44,
  0xfa44, 0xfa44, 0xfa44, 0xfa44, 0xfa44, 0xfa44, 0xfa44, 0xfa44,
  0xfa44, 0xfa44, 0xfa44, 0xfa44, 0xfa44, 0xfa44, 0xfa44, 0xfa44,
  0xfa44, 0xfa44, 0xfa44, 0xfa44, 0xfa44, 0xfa44, 0xfa44, 0xfa44,
  0xfa44, 0xfa44, 0xfa44, 0xfa44, 0xfa44, 0xfa44, 0xfa44, 0xfa44,
  0xfa44, 0xfa44, 0xfa44, 0xfa44, 0xfa44, 0xfa44, 0xfa44, 0xfa44,
  0xfa44, 0xfa44, 0xfa44, 0xfa44, 0xfa44, 0xfa44, 0xfa44, 0xfa44,
  0xfa44, 0xfa44, 0xfa44, 0xfa44, 0xfa44, 0xfa44, 0xfa44, 0xfa44,
  0xfa44, 0xfa44, 0xfa44, 0xfa44, 0xfa44, 0xfa44, 0xfa44, 0xfa44,
  0xfa44, 0xfa44, 0xfa44, 0xfa44, 0xfa44, 0xfa44, 0xfa44, 0xfa44,
  0xfa44, 0xfa44, 0xfa44, 0xfa44, 0xfa44, 0xfa44, 0xfa44, 0xfa44,
  0xfa44, 0xfa44, 0xfa44, 0xfa44, 0xfa44, 0xfa44, 0xfa44, 0xfa44,
  0xfa44, 0xfa44, 0xfa44, 0xfa44, 0xfa44, 0xfa44, 0xfa44, 0xfa44,
  0xfa44, 0xfa44, 0xfa44, 0xfa44, 0xfa44, 0xfa44, 0xfa44, 0xfa44,
  0xfa44, 0xfa44, 0xfa44, 0xfa44, 0xfa44, 0xfa44, 0xfa44, 0xfa44,
  0xfa44, 0xfa44, 0xfa44, 0xfa44, 0xfa44, 0xfa44, 0xfa44, 0xfa44,
  0xfa44, 0xfa44, 0xfa44, 0xfa44, 0xfa44, 0xfa44, 0xfa44, 0xfa44,
  0xfa44, 0xfa44, 0xfa44, 0xfa44, 0xfa44, 0xfa44, 0xfa44, 0xfa44,
  0xfa44, 0xfa44, 0xfa44, 0xfa44, 0xfa44, 0xfa44, 0xfa44, 0xfa44,
  0xfa44, 0xfa44, 0xfa44, 0xfa44, 0xfa44, 0xfa44, 0xfa44, 0xfa44,
  0xfa44, 0xfa44, 0xfa44, 0xfa44, 0xfa44, 0xfa44, 0xfa44, 0xfa44,
  0xfa44, 0xfa44, 0xfa44, 0xfa44, 0xfa44, 0xfa44, 0xfa44, 0xfa44,
  0xfa44, 0xfa44, 0xfa44, 0xfa44, 0xfa44, 0xfa44, 0xfa44, 0xfa44,
  0xfa44, 0xfa44, 0xfa44, 0xfa44, 0xfa44, 0xfa44, 0xfa44, 0xfa44,
  0xfa44, 0xfa44, 0xfa44, 0xfa44, 0xfa44, 0xfa44, 0xfa44, 0xfa44,
  0xfa44, 0xfa44, 0xfa44, 0xfa44, 0xfa44, 0xfa44, 0xfa44, 0xfa44,
  0xfa44, 0xfa44, 0xfa44, 0xfa44, 0xfa44, 0xfa44, 0xfa44, 0xfa44,
  0xfa44, 0xfa44, 0xfa44, 0xfa44, 0xfa44, 0xfa44, 0xfa44, 0xfa44,
  0xfa44, 0xfa44, 0xfa44, 0xfa44, 0xfa44, 0xfa44, 0xfa44, 0xfa44,
  0xfa44, 0xfa44, 0xfa44, 0xfa44, 0xfa44, 0xfa44, 0xfa44, 0xfa44,
  0xfa44, 0xfa44, 0xfa44, 0xfa44, 0xfa44, 0xfa44, 0xfa44, 0xfa44,
  0xfa44, 0xfa44, 0xfa44, 0xfa44, 0xfa44, 0xfa44, 0xfa44, 0xfa44,
  0xfa44, 0xfa44, 0xfa44, 0xfa44, 0xfa44, 0xfa44, 0xfa44, 0xfa44,
  0xfa44, 0xfa44, 0xfa44, 0xfa44, 0xfa44, 0xfa44, 0xfa44, 0xfa44,
  0xfa44, 0xfa44, 0xfa44, 0xfa44, 0xfa44, 0xfa44, 0xfa44, 0xfa44,
  0xfa44, 0xfa44, 0xfa44, 0xfa44, 0xfa44, 0xfa44, 0xfa44, 0xfa44,
  0xfa44, 0xfa44, 0xfa44, 0xfa44, 0xfa44, 0xfa44, 0xfa44, 0xfa44,
  0xfa44, 0xfa44, 0xfa44, 0xfa44, 0xfa44, 0xfa44, 0xfa44, 0xfa44,
  0xfa44, 0xfa44, 0xfa44, 0xfa44, 0xfa44, 0xfa44, 0xfa44, 0xfa44,
  0xfa44, 0xfa44, 0xfa44, 0xfa44, 0xfa44, 0xfa44, 0xfa44, 0xfa44,
  0xfa44, 0xfa44, 0xfa44, 0xfa44, 0xfa44, 0xfa44, 0xfa44, 0xfa44,
  0xfa44, 0xfa44, 0xfa44, 0xfa44, 0xfa44, 0xfa44, 0xfa44, 0xfa44,
  0xfa44, 0xfa44, 0xfa44, 0xfa44, 0xfa44, 0xfa44, 0xfa44, 0xfa44,
  0xfa44, 0xfa44, 0xfa44, 0xfa44, 0xfa44, 0xfa44, 0xfa44, 0xfa44,
  0xfa44, 0xfa44, 0xfa44, 0xfa44, 0xfa44, 0xfa44, 0xfa44, 0xfa44,
  0xfa44, 0xfa44, 0xfa44, 0xfa44, 0xfa44, 0xfa44, 0xfa44, 0xfa44,
  0xfa44, 0xfa44, 0xfa44, 0xfa44, 0xfa44, 0xfa44, 0xfa44, 0xfa44,
  0xfa44, 0xfa44, 0xfa44, 0xfa44, 0xfa44, 0xfa44, 0xfa44, 0xfa44,
  0xfa44, 0xfa44, 0xfa44, 0xfa44, 0xfa44, 0xfa44, 0xfa44, 0xfa44,
  0xfa44, 0xfa44, 0xfa44, 0xfa44, 0xfa44, 0xfa44, 0xfa44, 0xfa44,
  0xfa44, 0xfa44, 0xfa44, 0xfa44, 0xfa44, 0xfa44, 0xfa44, 0xfa44,
  0xfa44, 0xfa44, 0xfa44, 0xfa44, 0xfa44, 0xfa44, 0xfa44, 0xfa44,
  0xfa44, 0xfa44, 0xfa44, 0xfa44, 0xfa44, 0xfa44, 0xfa44, 0xfa44,
  0xfa44, 0xfa44, 0xfa44, 0xfa44, 0xfa44, 0xfa44, 0xfa44, 0xfa44,
  0xfa44, 0xfa44, 0xfa44, 0xfa44, 0xfa44, 0xfa44, 0xfa44, 0xfa44,
  0xfa44, 0xfa44, 0xfa44, 0xfa44, 0xfa44, 0xfa44, 0xfa44, 0xfa44,
  0xfa44, 0xfa44, 0xfa44, 0xfa44, 0xfa44, 0xfa44, 0xfa44, 0xfa44,
  0xfa44, 0xfa44, 0xfa44, 0xfa44, 0xfa44, 0xfa44, 0xfa44, 0xfa44,
  0xfa44, 0xfa44, 0xfa44, 0xfa44, 0xfa44, 0xfa44, 0xfa44, 0xfa44,
  0xfa44, 0xfa44, 0xfa44, 0xfa44, 0xfa44, 0xfa44, 0xfa44, 0xfa44,
  0xfa44, 0xfa44, 0xfa44, 0xfa44, 0xfa44, 0xfa44, 0xfa44, 0xfa44,
  0xfa44, 0xfa44, 0xfa44, 0xfa44, 0xfa44, 0xfa44, 0xfa44, 0xfa44,
  0xfa44, 0xfa44, 0xfa44, 0xfa44, 0xfa44, 0xfa44, 0xfa44, 0xfa44,
  0xfa44, 0xfa44, 0xfa44, 0xfa44, 0xfa44, 0xfa44, 0xfa44, 0xfa44,
  0xfa44, 0xfa44, 0xfa44, 0xfa44, 0xfa44, 0xfa44, 0xfa44, 0xfa44,
  0xfa44, 0xfa44, 0xfa44, 0xfa44, 0xfa44, 0xfa44, 0xfa44, 0xfa44,
  0xfa44, 0xfa44, 0xfa44, 0xfa44, 0xfa44, 0xfa44, 0xfa44, 0xfa44,
  0xfa44, 0xfa44, 0xfa44, 0xfa44, 0xfa44, 0xfa44, 0xfa44, 0xfa44,
  0xfa44, 0xfa44, 0xfa44, 0xfa44, 0xfa44, 0xfa44, 0xfa44, 0xfa44,
  0xfa44, 0xfa44, 0xfa44, 0xfa44, 0xfa44, 0xfa44, 0xfa44, 0xfa44,
  0xfa44, 0xfa44, 0xfa44, 0xfa44, 0xfa44, 0xfa44, 0xfa44, 0xfa44,
  0xfa44, 0xfa44, 0xfa44, 0xfa44, 0xfa44, 0xfa44, 0xfa44, 0xfa44,
  0xfa44, 0xfa44, 0xfa44, 0xfa44, 0xfa44, 0xfa44, 0xfa44, 0xfa44,
  0xfa44, 0xfa44, 0xfa44, 0xfa44, 0xfa44, 0xfa44, 0xfa44, 0xfa44,
  0xfa44, 0xfa44, 0xfa44, 0xfa44, 0xfa44, 0xfa44, 0xfa44, 0xfa44,
  0xfa44, 0xfa44, 0xfa44, 0xfa44, 0xfa44, 0xfa44, 0xfa44, 0xfa44,
  0xfa44, 0xfa44, 0xfa44, 0xfa44, 0xfa44, 0xfa44, 0xfa44, 0xfa44,
  0xfa44, 0xfa44, 0xfa44, 0xfa44, 0xfa44, 0xfa44, 0xfa44, 0xfa44,
  0xfa44, 0xfa44, 0xfa44, 0xfa44, 0xfa44, 0xfa44, 0xfa44, 0xfa44,
  0xfa44, 0xfa44, 0xfa44, 0xfa44, 0xfa44, 0xfa44, 0xfa44, 0xfa44,
  0xfa44, 0xfa44, 0xfa44, 0xfa44, 0xfa44, 0xfa44, 0xfa44, 0xfa44,
  0xfa44, 0xfa44, 0xfa44, 0xfa44, 0xfa44, 0xfa44, 0xfa44, 0xfa44,
  0xfa44, 0xfa44, 0xfa44, 0xfa44, 0xfa44, 0xfa44, 0xfa44, 0xfa44,
  0xfa44, 0xfa44, 0xfa44, 0xfa44, 0xfa44, 0xfa44, 0xfa44, 0xfa44,
  0xfa44, 0xfa44, 0xfa44, 0xfa44, 0xfa44, 0xfa44, 0xfa44, 0xfa44,
  0xfa44, 0xfa44, 0xfa44, 0xfa44, 0xfa44, 0xfa44, 0xfa44, 0xfa44,
  0xfa44, 0xfa44, 0xfa44, 0xfa44, 0xfa44, 0xfa44, 0xfa44, 0xfa44,
  0xfa44, 0xfa44, 0xfa44, 0xfa44, 0xfa44, 0xfa44, 0xfa44, 0xfa44,
  0xfa44, 0xfa44, 0xfa44, 0xfa44, 0xfa44, 0xfa44, 0xfa44, 0xfa44,
  0xfa44, 0xfa44, 0xfa44, 0xfa44, 0xfa44, 0xfa44, 0xfa44, 0xfa44,
  0xfa44, 0xfa44, 0xfa44, 0xfa44, 0xfa44, 0xfa44, 0xfa44, 0xfa44,
  0xfa44, 0xfa44, 0xfa44, 0xfa44, 0xfa44, 0xfa44, 0xfa44, 0xfa44,
  0xfa44, 0xfa44, 0xfa44, 0xfa44, 0xfa44, 0xfa44, 0xfa44, 0xfa44,
  0xfa44, 0xfa44, 0xfa44, 0xfa44, 0xfa44, 0xfa44, 0xfa44, 0xfa44,
  0xfa44, 0xfa44, 0xfa44, 0xfa44, 0xfa44, 0xfa44, 0xfa44, 0xfa44,
  0xfa44, 0xfa44, 0xfa44, 0xfa44, 0xfa44, 0xfa44, 0xfa44, 0xfa44,
  0xfa44, 0xfa44, 0xfa44, 0xfa44, 0xfa44, 0xfa44, 0xfa44, 0xfa44,
  0xfa44, 0xfa44, 0xfa44, 0xfa44, 0xfa44, 0xfa44, 0xfa44, 0xfa44,
  0xfa44, 0xfa44, 0xfa44, 0xfa44, 0xfa44, 0xfa44, 0xfa44, 0xfa44,
  0xfa44, 0xfa44, 0xfa44, 0xfa44, 0xfa44, 0xfa44, 0xfa44, 0xfa44,
  0xfa44, 0xfa44, 0xfa44, 0xfa44, 0xfa44, 0xfa44, 0xfa44, 0xfa44,
  0xfa44, 0xfa44, 0xfa44, 0xfa44, 0xfa44, 0xfa44, 0xfa44, 0xfa44,
  0xfa44, 0xfa44, 0xfa44, 0xfa44, 0xfa44, 0xfa44, 0xfa44, 0xfa44,
  0xfa44, 0xfa44, 0xfa44, 0xfa44, 0xfa44, 0xfa44, 0xfa44, 0xfa44,
  0xfa44, 0xfa44, 0xfa44, 0xfa44, 0xfa44, 0xfa44, 0xfa44, 0xfa44,
  0xfa44, 0xfa44, 0xfa44, 0xfa44, 0xfa44, 0xfa44, 0xfa44, 0xfa44,
  0xfa44, 0xfa44, 0xfa44, 0xfa44, 0xfa44, 0xfa44, 0xfa44, 0xfa44,
  0xfa44, 0xfa44, 0xfa44, 0xfa44, 0xfa44, 0xfa44, 0xfa44, 0xfa44,
  0xfa44, 0xfa44, 0xfa44, 0xfa44, 0xfa44, 0xfa44, 0xfa44, 0xfa44,
  0xfa44, 0xfa44, 0xfa44, 0xfa44, 0xfa44, 0xfa44, 0xfa44, 0xfa44,
  0xfa44, 0xfa44, 0xfa44, 0xfa44, 0xfa44, 0xfa44, 0xfa44, 0xfa44,
  0xfa44, 0xfa44, 0xfa44, 0xfa44, 0xfa44, 0xfa44, 0xfa44, 0xfa44,
  0xfa44, 0xfa44, 0xfa44, 0xfa44, 0xfa44, 0xfa44, 0xfa44, 0xfa44,
  0xfa44, 0xfa44, 0xfa44, 0xfa44, 0xfa44, 0xfa44, 0xfa44, 0xfa44,
  0xfa44, 0xfa44, 0xfa44, 0xfa44, 0xfa44, 0xfa44, 0xfa44, 0xfa44,
  0xfa44, 0xfa44, 0xfa44, 0xfa44, 0xfa44, 0xfa44, 0xfa44, 0xfa44,
  0xfa44, 0xfa44, 0xfa44, 0xfa44, 0xfa44, 0xfa44, 0xfa44, 0xfa44,
  0xfa44, 0xfa44, 0xfa44, 0xfa44, 0xfa44, 0xfa44, 0xfa44, 0xfa44,
  0xfa44, 0xfa44, 0xfa44, 0xfa44, 0xfa44, 0xfa44, 0xfa44, 0xfa44,
  0xfa44, 0xfa44, 0xfa44, 0xfa44, 0xfa44, 0xfa44, 0xfa44, 0xfa44,
  0xfa44, 0xfa44, 0xfa44, 0xfa44, 0xfa44, 0xfa44, 0xfa44, 0xfa44,
  0xfa44, 0xfa44, 0xfa44, 0xfa44, 0xfa44, 0xfa44, 0xfa44, 0xfa44,
  0xfa44, 0xfa44, 0xfa44, 0xfa44, 0xfa44, 0xfa44, 0xfa44, 0xfa44,
  0xfa44, 0xfa44, 0xfa44, 0xfa44, 0xfa44, 0xfa44, 0xfa44, 0xfa44,
  0xfa44, 0xfa44, 0xfa44, 0xfa44, 0xfa44, 0xfa44, 0xfa44, 0xfa44,
  0xfa44, 0xfa44, 0xfa44, 0xfa44, 0xfa44, 0xfa44, 0xfa44, 0xfa44,
  0xfa44, 0xfa44, 0xfa44, 0xfa44, 0xfa44, 0xfa44, 0xfa44, 0xfa44,
  0xfa44, 0xfa44, 0xfa44, 0xfa44, 0xfa44, 0xfa44, 0xfa44, 0xfa44,
  0xfa44, 0xfa44, 0xfa44, 0xfa44, 0xfa44, 0xfa44, 0xfa44, 0xfa44,
  0xfa44, 0xfa44, 0xfa44, 0xfa44, 0xfa44, 0xfa44, 0xfa44, 0xfa44,
  0xfa44, 0xfa44, 0xfa44, 0xfa44, 0xfa44, 0xfa44, 0xfa44, 0xfa44,
  0xfa44, 0xfa44, 0xfa44, 0xfa44, 0xfa44, 0xfa44, 0xfa44, 0xfa44,
  0xfa44, 0xfa44, 0xfa44, 0xfa44, 0xfa44, 0xfa44, 0xfa44, 0xfa44,
  0xfa44, 0xfa44, 0xfa44, 0xfa44, 0xfa44, 0xfa44, 0xfa44, 0xfa44,
  0xfa44, 0xfa44, 0xfa44, 0xfa44, 0xfa44, 0xfa44, 0xfa44, 0xfa44,
  0xfa44, 0xfa44, 0xfa44, 0xfa44, 0xfa44, 0xfa44, 0xfa44, 0xfa44,
  0xfa44, 0xfa44, 0xfa44, 0xfa44, 0xfa44, 0xfa44, 0xfa44, 0xfa44,
  0xfa44, 0xfa44, 0xfa44, 0xfa44, 0xfa44, 0xfa44, 0xfa44, 0xfa44,
  0xfa44, 0xfa44, 0xfa44, 0xfa44, 0xfa44, 0xfa44, 0xfa44, 0xfa44,
  0xfa44, 0xfa44, 0xfa44, 0xfa44, 0xfa44, 0xfa44, 0xfa44, 0xfa44,
  0xfa44, 0xfa44, 0xfa44, 0xfa44, 0xfa44, 0xfa44, 0xfa44, 0xfa44,
  0xfa44, 0xfa44, 0xfa44, 0xfa44, 0xfa44, 0xfa44, 0xfa44, 0xfa44,
  0xfa44, 0xfa44, 0xfa44, 0xfa44, 0xfa44, 0xfa44, 0xfa44, 0xfa44,
  0xfa44, 0xfa44, 0xfa44, 0xfa44, 0xfa44, 0xfa44, 0xfa44, 0xfa44,
  0xfa44, 0xfa44, 0xfa44, 0xfa44, 0xfa44, 0xfa44, 0xfa44, 0xfa44,
  0xfa44, 0xfa44, 0xfa44, 0xfa44, 0xfa44, 0xfa44, 0xfa44, 0xfa44,
  0xfa44, 0xfa44, 0xfa44, 0xfa44, 0xfa44, 0xfa44, 0xfa44, 0xfa44,
  0xfa44, 0xfa44, 0xfa44, 0xfa44, 0xfa44, 0xfa44, 0xfa44, 0xfa44,
  0xfa44, 0xfa44, 0xfa44, 0xfa44, 0xfa44, 0xfa44, 0xfa44, 0xfa44,
  0xfa44, 0xfa44, 0xfa44, 0xfa44, 0xfa44, 0xfa44, 0xfa44, 0xfa44,
  0xfa44, 0xfa44, 0xfa44, 0xfa44, 0xfa44, 0xfa44, 0xfa44, 0xfa44,
  0xfa44, 0xfa44, 0xfa44, 0xfa44, 0xfa44, 0xfa44, 0xfa44, 0xfa44,
  0xfa44, 0xfa44, 0xfa44, 0xfa44, 0xfa44, 0xfa44, 0xfa44, 0xfa44,
  0xfa44, 0xfa44, 0xfa44, 0xfa44, 0xfa44, 0xfa44, 0xfa44, 0xfa44,
  0xfa44, 0xfa44, 0xfa44, 0xfa44, 0xfa44, 0xfa44, 0xfa44, 0xfa44,
  0xfa44, 0xfa44, 0xfa44, 0xfa44, 0xfa44, 0xfa44, 0xfa44, 0xfa44,
  0xfa44, 0xfa44, 0xfa44, 0xfa44, 0xfa44, 0xfa44, 0xfa44, 0xfa44,
  0xfa44, 0xfa44, 0xfa44, 0xfa44, 0xfa44, 0xfa44, 0xfa44, 0xfa44,
  0xfa44, 0xfa44, 0xfa44, 0xfa44, 0xfa44, 0xfa44, 0xfa44, 0xfa44,
  0xfa44, 0xfa44, 0xfa44, 0xfa44, 0xfa44, 0xfa44, 0xfa44, 0xfa44,
  0xfa44, 0xfa44, 0xfa44, 0xfa44, 0xfa44, 0xfa44, 0xfa44, 0xfa44,
  0xfa44, 0xfa44, 0xfa44, 0xfa44, 0xfa44, 0xfa44, 0xfa44, 0xfa44,
  0xfa44, 0xfa44, 0xfa44, 0xfa44, 0xfa44, 0xfa44, 0xfa44, 0xfa44,
  0xfa44, 0xfa44, 0xfa44, 0xfa44, 0xfa44, 0xfa44, 0xfa44, 0xfa44,
  0xfa44, 0xfa44, 0xfa44, 0xfa44, 0xfa44, 0xfa44, 0xfa44, 0xfa44,
  0xfa44, 0xfa44, 0xfa44, 0xfa44, 0xfa44, 0xfa44, 0xfa44, 0xfa44,
  0xfa44, 0xfa44, 0xfa44, 0xfa44, 0xfa44, 0xfa44, 0xfa44, 0xfa44,
  0xfa44, 0xfa44, 0xfa44, 0xfa44, 0xfa44, 0xfa44, 0xfa44, 0xfa44,
  0xfa44, 0xfa44, 0xfa44, 0xfa44, 0xfa44, 0xfa44, 0xfa44, 0xfa44,
  0xfa44, 0xfa44, 0xfa44, 0xfa44, 0xfa44, 0xfa44, 0xfa44, 0xfa44,
  0xfa44, 0xfa44, 0xfa44, 0xfa44, 0xfa44, 0xfa44, 0xfa44, 0xfa44,
  0xfa44, 0xfa44, 0xfa44, 0xfa44, 0xfa44, 0xfa44, 0xfa44, 0xfa44,
  0xfa44, 0xfa44, 0xfa44, 0xfa44, 0xfa44, 0xfa44, 0xfa44, 0xfa44,
  0xfa44, 0xfa44, 0xfa44, 0xfa44, 0xfa44, 0xfa44, 0xfa44, 0xfa44,
  0xfa44, 0xfa44, 0xfa44, 0xfa44, 0xfa44, 0xfa44, 0xfa44, 0xfa44,
  0xfa44, 0xfa44, 0xfa44, 0xfa44, 0xfa44, 0xfa44, 0xfa44, 0xfa44,
  0xfa44, 0xfa44, 0xfa44, 0xfa44, 0xfa44, 0xfa44, 0xfa44, 0xfa44,
  0xfa44, 0xfa44, 0xfa44, 0xfa44, 0xfa44, 0xfa44, 0xfa44, 0xfa44,
  0xfa44, 0xfa44, 0xfa44, 0xfa44, 0xfa44, 0xfa44, 0xfa44, 0xfa44,
  0xfa44, 0xfa44, 0xfa44, 0xfa44, 0xfa44, 0xfa44, 0xfa44, 0xfa44,
  0xfa44, 0xfa44, 0xfa44, 0xfa44, 0xfa44, 0xfa44, 0xfa44, 0xfa44,
  0xfa44, 0xfa44, 0xfa44, 0xfa44, 0xfa44, 0xfa44, 0xfa44, 0xfa44,
  0xfa44, 0xfa44, 0xfa44, 0xfa44, 0xfa44, 0xfa44, 0xfa44, 0xfa44,
  0xfa44, 0xfa44, 0xfa44, 0xfa44, 0xfa44, 0xfa44, 0xfa44, 0xfa44,
  0xfa44, 0xfa44, 0xfa44, 0xfa44, 0xfa44, 0xfa44, 0xfa44, 0xfa44,
  0xfa44, 0xfa44, 0xfa44, 0xfa44, 0xfa44, 0xfa44, 0xfa44, 0xfa44,
  0xfa44, 0xfa44, 0xfa44, 0xfa44, 0xfa44, 0xfa44, 0xfa44, 0xfa44,
  0xfa44, 0xfa44, 0xfa44, 0xfa44, 0xfa44, 0xfa44, 0xfa44, 0xfa44,
  0xfa44, 0xfa44, 0xfa44, 0xfa44, 0xfa44, 0xfa44, 0xfa44, 0xfa44,
  0xfa44, 0xfa44, 0xfa44, 0xfa44, 0xfa44, 0xfa44, 0xfa44, 0xfa44,
  0xfa44, 0xfa44, 0xfa44, 0xfa44, 0xfa44, 0xfa44, 0xfa44, 0xfa44,
  0xfa44, 0xfa44, 0xfa44, 0xfa44, 0xfa44, 0xfa44, 0xfa44, 0xfa44,
  0xfa44, 0xfa44, 0xfa44, 0xfa44, 0xfa44, 0xfa44, 0xfa44, 0xfa44,
  0xfa44, 0xfa44, 0xfa44, 0xfa44, 0xfa44, 0xfa44, 0xfa44, 0xfa44,
  0xfa44, 0xfa44, 0xfa44, 0xfa44, 0xfa44, 0xfa44, 0xfa44, 0xfa44,
  0xfa44, 0xfa44, 0xfa44, 0xfa44, 0xfa44, 0xfa44, 0xfa44, 0xfa44,
  0xfa44, 0xfa44, 0xfa44, 0xfa44, 0xfa44, 0xfa44, 0xfa44, 0xfa44,
  0xfa44, 0xfa44, 0xfa44, 0xfa44, 0xfa44, 0xfa44, 0xfa44, 0xfa44,
  0xfa44, 0xfa44, 0xfa44, 0xfa44, 0xfa44, 0xfa44, 0xfa44, 0xfa44,
  0xfa44, 0xfa44, 0xfa44, 0xfa44, 0xfa44, 0xfa44, 0xfa44, 0xfa44,
  0xfa44, 0xfa44, 0xfa44, 0xfa44, 0xfa44, 0xfa44, 0xfa44, 0xfa44,
  0xfa44, 0xfa44, 0xfa44, 0xfa44, 0xfa44, 0xfa44, 0xfa44, 0xfa44,
  0xfa44, 0xfa44, 0xfa44, 0xfa44, 0xfa44, 0xfa44, 0xfa44, 0xfa44,
  0xfa44, 0xfa44, 0xfa44, 0xfa44, 0xfa44, 0xfa44, 0xfa44, 0xfa44,
  0xfa44, 0xfa44, 0xfa44, 0xfa44, 0xfa44, 0xfa44, 0xfa44, 0xfa44,
  0xfa44, 0xfa44, 0xfa44, 0xfa44, 0xfa44, 0xfa44, 0xfa44, 0xfa44,
  0xfa44, 0xfa44, 0xfa44, 0xfa44, 0xfa44, 0xfa44, 0xfa44, 0xfa44,
  0xfa44, 0xfa44, 0xfa44, 0xfa44, 0xfa44, 0xfa44, 0xfa44, 0xfa44,
  0xfa44, 0xfa44, 0xfa44, 0xfa44, 0xfa44, 0xfa44, 0xfa44, 0xfa44,
  0xfa44, 0xfa44, 0xfa44, 0xfa44, 0xfa44, 0xfa44, 0xfa44, 0xfa44,
  0xfa44, 0xfa44, 0xfa44, 0xfa44, 0xfa44, 0xfa44, 0xfa44, 0xfa44,
  0xfa44, 0xfa44, 0xfa44, 0xfa44, 0xfa44, 0xfa44, 0xfa44, 0xfa44,
  0xfa44, 0xfa44, 0xfa44, 0xfa44, 0xfa44, 0xfa44, 0xfa44, 0xfa44,
  0xfa44, 0xfa44, 0xfa44, 0xfa44, 0xfa44, 0xfa44, 0xfa44, 0xfa44,
  0xfa44, 0xfa44, 0xfa44, 0xfa44, 0xfa44, 0xfa44, 0xfa44, 0xfa44,
  0xfa44, 0xfa44, 0xfa44, 0xfa44, 0xfa44, 0xfa44, 0xfa44, 0xfa44,
  0xfa44, 0xfa44, 0xfa44, 0xfa44, 0xfa44, 0xfa44, 0xfa44, 0xfa44,
  0xfa44, 0xfa44, 0xfa44, 0xfa44, 0xfa44, 0xfa44, 0xfa44, 0xfa44,
  0xfa44, 0xfa44, 0xfa44, 0xfa44, 0xfa44, 0xfa44, 0xfa44, 0xfa44,
  0xfa44, 0xfa44, 0xfa44, 0xfa44, 0xfa44, 0xfa44, 0xfa44, 0xfa44,
  0xfa44, 0xfa44, 0xfa44, 0xfa44, 0xfa44, 0xfa44, 0xfa44, 0xfa44,
  0xfa44, 0xfa44, 0xfa44, 0xfa44, 0xfa44, 0xfa44, 0xfa44, 0xfa44,
  0xfa44, 0xfa44, 0xfa44, 0xfa44, 0xfa44, 0xfa44, 0xfa44, 0xfa44,
  0xfa44, 0xfa44, 0xfa44, 0xfa44, 0xfa44, 0xfa44, 0xfa44, 0xfa44,
  0xfa44, 0xfa44, 0xfa44, 0xfa44, 0xfa44, 0xfa44, 0xfa44, 0xfa44,
  0xfa44, 0xfa44, 0xfa44, 0xfa44, 0xfa44, 0xfa44, 0xfa44, 0xfa44,
  0xfa44, 0xfa44, 0xfa44, 0xfa44, 0xfa44, 0xfa44, 0xfa44, 0xfa44,
  0xfa44, 0xfa44, 0xfa44, 0xfa44, 0xfa44, 0xfa44, 0xfa44, 0xfa44,
  0xfa44, 0xfa44, 0xfa44, 0xfa44, 0xfa44, 0xfa44, 0xfa44, 0xfa44,
  0xfa44, 0xfa44, 0xfa44, 0xfa44, 0xfa44, 0xfa44, 0xfa44, 0xfa44,
  0xfa44, 0xfa44, 0xfa44, 0xfa44, 0xfa44, 0xfa44, 0xfa44, 0xfa44,
  0xfa44, 0xfa44, 0xfa44, 0xfa44, 0xfa44, 0xfa44, 0xfa44, 0xfa44,
  0xfa44, 0xfa44, 0xfa44, 0xfa44, 0xfa44, 0xfa44, 0xfa44, 0xfa44,
  0xfa44, 0xfa44, 0xfa44, 0xfa44, 0xfa44, 0xfa44, 0xfa44, 0xfa44,
  0xfa44, 0xfa44, 0xfa44, 0xfa44, 0xfa44, 0xfa44, 0xfa44, 0xfa44,
  0xfa44, 0xfa44, 0xfa44, 0xfa44, 0xfa44, 0xfa44, 0xfa44, 0xfa44,
  0xfa44, 0xfa44, 0xfa44, 0xfa44, 0xfa44, 0xfa44, 0xfa44, 0xfa44,
  0xfa44, 0xfa44, 0xfa44, 0xfa44, 0xfa44, 0xfa44, 0xfa44, 0xfa44,
  0xfa44, 0xfa44, 0xfa44, 0xfa44, 0xfa44, 0xfa44, 0xfa44, 0xfa44,
  0xfa44, 0xfa44, 0xfa44, 0xfa44, 0xfa44, 0xfa44, 0xfa44, 0xfa44,
  0xfa44, 0xfa44, 0xfa44, 0xfa44, 0xfa44, 0xfa44, 0xfa44, 0xfa44,
  0xfa44, 0xfa44, 0xfa44, 0xfa44, 0xfa44, 0xfa44, 0xfa44, 0xfa44,
  0xfa44, 0xfa44, 0xfa44, 0xfa44, 0xfa44, 0xfa44, 0xfa44, 0xfa44,
  0xfa44, 0xfa44, 0xfa44, 0xfa44, 0xfa44, 0xfa44, 0xfa44, 0xfa44,
  0xfa44, 0xfa44, 0xfa44, 0xfa44, 0xfa44, 0xfa44, 0xfa44, 0xfa44,
  0xfa44, 0xfa44, 0xfa44, 0xfa44, 0xfa44, 0xfa44, 0xfa44, 0xfa44,
  0xfa44, 0xfa44, 0xfa44, 0xfa44, 0xfa44, 0xfa44, 0xfa44, 0xfa44,
  0xfa44, 0xfa44, 0xfa44, 0xfa44, 0xfa44, 0xfa44, 0xfa44, 0xfa44,
  0xfa44, 0xfa44, 0xfa44, 0xfa44, 0xfa44, 0xfa44, 0xfa44, 0xfa44,
  0xfa44, 0xfa44, 0xfa44, 0xfa44, 0xfa44, 0xfa44, 0xfa44, 0xfa44,
  0xfa44, 0xfa44, 0xfa44, 0xfa44, 0xfa44, 0xfa44, 0xfa44, 0xfa44,
  0xfa44, 0xfa44, 0xfa44, 0xfa44, 0xfa44, 0xfa44, 0xfa44, 0xfa44,
  0xfa44, 0xfa44, 0xfa44, 0xfa44, 0xfa44, 0xfa44, 0xfa44, 0xfa44,
  0xfa44, 0xfa44, 0xfa44, 0xfa44, 0xfa44, 0xfa44, 0xfa44, 0xfa44,
  0xfa44, 0xfa44, 0xfa44, 0xfa44, 0xfa44, 0xfa44, 0xfa44, 0xfa44,
  0xfa44, 0xfa44, 0xfa44, 0xfa44, 0xfa44, 0xfa44, 0xfa44, 0xfa44,
  0xfa44, 0xfa44, 0xfa44, 0xfa44, 0xfa44, 0xfa44, 0xfa44, 0xfa44,
  0xfa44, 0xfa44, 0xfa44, 0xfa44, 0xfa44, 0xfa44, 0xfa44, 0xfa44,
  0xfa44, 0xfa44, 0xfa44, 0xfa44, 0xfa44, 0xfa44, 0xfa44, 0xfa44,
  0xfa44, 0xfa44, 0xfa44, 0xfa44, 0xfa44, 0xfa44, 0xfa44, 0xfa44,
  0xfa44, 0xfa44, 0xfa44, 0xfa44, 0xfa44, 0xfa44, 0xfa44, 0xfa44,
  0xfa44, 0xfa44, 0xfa44, 0xfa44, 0xfa44, 0xfa44, 0xfa44, 0xfa44,
  0xfa44, 0xfa44, 0xfa44, 0xfa44, 0xfa44, 0xfa44, 0xfa44, 0xfa44,
  0xfa44, 0xfa44, 0xfa44, 0xfa44, 0xfa44, 0xfa44, 0xfa44, 0xfa44,
  0xfa44, 0xfa44, 0xfa44, 0xfa44, 0xfa44, 0xfa44, 0xfa44, 0xfa44,
  0xfa44, 0xfa44, 0xfa44, 0xfa44, 0xfa44, 0xfa44, 0xfa44, 0xfa44,
  0xfa44, 0xfa44, 0xfa44, 0xfa44, 0xfa44, 0xfa44, 0xfa44, 0xfa44,
  0xfa44, 0xfa44, 0xfa44, 0xfa44, 0xfa44, 0xfa44, 0xfa44, 0xfa44,
  0xfa44, 0xfa44, 0xfa44, 0xfa44, 0xfa44, 0xfa44, 0xfa44, 0xfa44,
  0xfa44, 0xfa44, 0xfa44, 0xfa44, 0xfa44, 0xfa44, 0xfa44, 0xfa44,
  0xfa44, 0xfa44, 0xfa44, 0xfa44, 0xfa44, 0xfa44, 0xfa44, 0xfa44,
  0xfa44, 0xfa44, 0xfa44, 0xfa44, 0xfa44, 0xfa44, 0xfa44, 0xfa44,
  0xfa44, 0xfa44, 0xfa44, 0xfa44, 0xfa44, 0xfa44, 0xfa44, 0xfa44,
  0xfa44, 0xfa44, 0xfa44, 0xfa44, 0xfa44, 0xfa44, 0xfa44, 0xfa44,
  0xfa44, 0xfa44, 0xfa44, 0xfa44, 0xfa44, 0xfa44, 0xfa44, 0xfa44,
  0xfa44, 0xfa44, 0xfa44, 0xfa44, 0xfa44, 0xfa44, 0xfa44, 0xfa44,
  0xfa44, 0xfa44, 0xfa44, 0xfa44, 0xfa44, 0xfa44, 0xfa44, 0xfa44,
  0xfa44, 0xfa44, 0xfa44, 0xfa44, 0xfa44, 0xfa44, 0xfa44, 0xfa44,
  0xfa44, 0xfa44, 0xfa44, 0xfa44, 0xfa44, 0xfa44, 0xfa44, 0xfa44,
  0xfa44, 0xfa44, 0xfa44, 0xfa44, 0xfa44, 0xfa44, 0xfa44, 0xfa44,
  0xfa44, 0xfa44, 0xfa44, 0xfa44, 0xfa44, 0xfa44, 0xfa44, 0xfa44,
  0xfa44, 0xfa44, 0xfa44, 0xfa44, 0xfa44, 0xfa44, 0xfa44, 0xfa44,
  0xfa44, 0xfa44, 0xfa44, 0xfa44, 0xfa44, 0xfa44, 0xfa44, 0xfa44,
  0xfa44, 0xfa44, 0xfa44, 0xfa44, 0xfa44, 0xfa44, 0xfa44, 0xfa44,
  0xfa44, 0xfa44, 0xfa44, 0xfa44, 0xfa44, 0xfa44, 0xfa44, 0xfa44,
  0xfa44, 0xfa44, 0xfa44, 0xfa44, 0xfa44, 0xfa44, 0xfa44, 0xfa44,
  0xfa44, 0xfa44, 0xfa44, 0xfa44, 0xfa44, 0xfa44, 0xfa44, 0xfa44,
  0xfa44, 0xfa44, 0xfa44, 0xfa44, 0xfa44, 0xfa44, 0xfa44, 0xfa44,
  0xfa44, 0xfa44, 0xfa44, 0xfa44, 0xfa44, 0xfa44, 0xfa44, 0xfa44,
  0xfa44, 0xfa44, 0xfa44, 0xfa44, 0xfa44, 0xfa44, 0xfa44, 0xfa44,
  0xfa44, 0xfa44, 0xfa44, 0xfa44, 0xfa44, 0xfa44, 0xfa44, 0xfa44,
  0xfa44, 0xfa44, 0xfa44, 0xfa44, 0xfa44, 0xfa44, 0xfa44, 0xfa44,
  0xfa44, 0xfa44, 0xfa44, 0xfa44, 0xfa44, 0xfa44, 0xfa44, 0xfa44,
  0xfa44, 0xfa44, 0xfa44, 0xfa44, 0xfa44, 0xfa44, 0xfa44, 0xfa44,
  0xfa44, 0xfa44, 0xfa44, 0xfa44, 0xfa44, 0xfa44, 0xfa44, 0xfa44,
  0xfa44, 0xfa44, 0xfa44, 0xfa44, 0xfa44, 0xfa44, 0xfa44, 0xfa44,
  0xfa44, 0xfa44, 0xfa44, 0xfa44, 0xfa44, 0xfa44, 0xfa44, 0xfa44,
  0xfa44, 0xfa44, 0xfa44, 0xfa44, 0xfa44, 0xfa44, 0xfa44, 0xfa44,
  0xfa44, 0xfa44, 0xfa44, 0xfa44, 0xfa44, 0xfa44, 0xfa44, 0xfa44,
  0xfa44, 0xfa44, 0xfa44, 0xfa44, 0xfa44, 0xfa44, 0xfa44, 0xfa44,
  0xfa44, 0xfa44, 0xfa44, 0xfa44, 0xfa44, 0xfa44, 0xfa44, 0xfa44,
  0xfa44, 0xfa44, 0xfa44, 0xfa44, 0xfa44, 0xfa44, 0xfa44, 0xfa44,
  0xfa44, 0xfa44, 0xfa44, 0xfa44, 0xfa44, 0xfa44, 0xfa44, 0xfa44,
  0xfa44, 0xfa44, 0xfa44, 0xfa44, 0xfa44, 0xfa44, 0xfa44, 0xfa44,
  0xfa44, 0xfa44, 0xfa44, 0xfa44, 0xfa44, 0xfa44, 0xfa44, 0xfa44,
  0xfa44, 0xfa44, 0xfa44, 0xfa44, 0xfa44, 0xfa44, 0xfa44, 0xfa44,
  0xfa44, 0xfa44, 0xfa44, 0xfa44, 0xfa44, 0xfa44, 0xfa44, 0xfa44,
  0xfa44, 0xfa44, 0xfa44, 0xfa44, 0xfa44, 0xfa44, 0xfa44, 0xfa44,
  0xfa44, 0xfa44, 0xfa44, 0xfa44, 0xfa44, 0xfa44, 0xfa44, 0xfa44,
  0xfa44, 0xfa44, 0xfa44, 0xfa44, 0xfa44, 0xfa44, 0xfa44, 0xfa44,
  0xfa44, 0xfa44, 0xfa44, 0xfa44, 0xfa44, 0xfa44, 0xfa44, 0xfa44,
  0xfa44, 0xfa44, 0xfa44, 0xfa44, 0xfa44, 0xfa44, 0xfa44, 0xfa44,
  0xfa44, 0xfa44, 0xfa44, 0xfa44, 0xfa44, 0xfa44, 0xfa44, 0xfa44,
  0xfa44, 0xfa44, 0xfa44, 0xfa44, 0xfa44, 0xfa44, 0xfa44, 0xfa44,
  0xfa44, 0xfa44, 0xfa44, 0xfa44, 0xfa44, 0xfa44, 0xfa44, 0xfa44,
  0xfa44, 0xfa44, 0xfa44, 0xfa44, 0xfa44, 0xfa44, 0xfa44, 0xfa44,
  0xfa44, 0xfa44, 0xfa44, 0xfa44, 0xfa44, 0xfa44, 0xfa44, 0xfa44,
  0xfa44, 0xfa44, 0xfa44, 0xfa44, 0xfa44, 0xfa44, 0xfa44, 0xfa44,
  0xfa44, 0xfa44, 0xfa44, 0xfa44, 0xfa44, 0xfa44, 0xfa44, 0xfa44,
  0xfa44, 0xfa44, 0xfa44, 0xfa44, 0xfa44, 0xfa44, 0xfa44, 0xfa44,
  0xfa44, 0xfa44, 0xfa44, 0xfa44, 0xfa44, 0xfa44, 0xfa44, 0xfa44,
  0xfa44, 0xfa44, 0xfa44, 0xfa44, 0xfa44, 0xfa44, 0xfa44, 0xfa44,
  0xfa44, 0xfa44, 0xfa44, 0xfa44, 0xfa44, 0xfa44, 0xfa44, 0xfa44,
  0xfa44, 0xfa44, 0xfa44, 0xfa44, 0xfa44, 0xfa44, 0xfa44, 0xfa44,
  0xfa44, 0xfa44, 0xfa44, 0xfa44, 0xfa44, 0xfa44, 0xfa44, 0xfa44,
  0xfa44, 0xfa44, 0xfa44, 0xfa44, 0xfa44, 0xfa44, 0xfa44, 0xfa44,
  0xfa44, 0xfa44, 0xfa44, 0xfa44, 0xfa44, 0xfa44, 0xfa44, 0xfa44,
  0xfa44, 0xfa44, 0xfa44, 0xfa44, 0xfa44, 0xfa44, 0xfa44, 0xfa44,
  0xfa44, 0xfa44, 0xfa44, 0xfa44, 0xfa44, 0xfa44, 0xfa44, 0xfa44,
  0xfa44, 0xfa44, 0xfa44, 0xfa44, 0xfa44, 0xfa44, 0xfa44, 0xfa44,
  0xfa44, 0xfa44, 0xfa44, 0xfa44, 0xfa44, 0xfa44, 0xfa44, 0xfa44,
  0xfa44, 0xfa44, 0xfa44, 0xfa44, 0xfa44, 0xfa44, 0xfa44, 0xfa44,
  0xfa44, 0xfa44, 0xfa44, 0xfa44, 0xfa44, 0xfa44, 0xfa44, 0xfa44,
  0xfa44, 0xfa44, 0xfa44, 0xfa44, 0xfa44, 0xfa44, 0xfa44, 0xfa44,
  0xfa44, 0xfa44, 0xfa44, 0xfa44, 0xfa44, 0xfa44, 0xfa44, 0xfa44,
  0xfa44, 0xfa44, 0xfa44, 0xfa44, 0xfa44, 0xfa44, 0xfa44, 0xfa44,
  0xfa44, 0xfa44, 0xfa44, 0xfa44, 0xfa44, 0xfa44, 0xfa44, 0xfa44,
  0xfa44, 0xfa44, 0xfa44, 0xfa44, 0xfa44, 0xfa44, 0xfa44, 0xfa44,
  0xfa44, 0xfa44, 0xfa44, 0xfa44, 0xfa44, 0xfa44, 0xfa44, 0xfa44,
  0xfa44, 0xfa44, 0xfa44, 0xfa44, 0xfa44, 0xfa44, 0xfa44, 0xfa44,
  0xfa44, 0xfa44, 0xfa44, 0xfa44, 0xfa44, 0xfa44, 0xfa44, 0xfa44,
  0xfa44, 0xfa44, 0xfa44, 0xfa44, 0xfa44, 0xfa44, 0xfa44, 0xfa44,
  0xfa44, 0xfa44, 0xfa44, 0xfa44, 0xfa44, 0xfa44, 0xfa44, 0xfa44,
  0xfa44, 0xfa44, 0xfa44, 0xfa44, 0xfa44, 0xfa44, 0xfa44, 0xfa44,
  0xfa44, 0xfa44, 0xfa44, 0xfa44, 0xfa44, 0xfa44, 0xfa44, 0xfa44,
  0xfa44, 0xfa44, 0xfa44, 0xfa44, 0xfa44, 0xfa44, 0xfa44, 0xfa44,
  0xfa44, 0xfa44, 0xfa44, 0xfa44, 0xfa44, 0xfa44, 0xfa44, 0xfa44,
  0xfa44, 0xfa44, 0xfa44, 0xfa44, 0xfa44, 0xfa44, 0xfa44, 0xfa44,
  0xfa44, 0xfa44, 0xfa44, 0xfa44, 0xfa44, 0xfa44, 0xfa44, 0xfa44,
  0xfa44, 0xfa44, 0xfa44, 0xfa44, 0xfa44, 0xfa44, 0xfa44, 0xfa44,
  0xfa44, 0xfa44, 0xfa44, 0xfa44, 0xfa44, 0xfa44, 0xfa44, 0xfa44,
  0xfa44, 0xfa44, 0xfa44, 0xfa44, 0xfa44, 0xfa44, 0xfa44, 0xfa44,
  0xfa44, 0xfa44, 0xfa44, 0xfa44, 0xfa44, 0xfa44, 0xfa44, 0xfa44,
  0xfa44, 0xfa44, 0xfa44, 0xfa44, 0xfa44, 0xfa44, 0xfa44, 0xfa44,
  0xfa44, 0xfa44, 0xfa44, 0xfa44, 0xfa44, 0xfa44, 0xfa44, 0xfa44,
  0xfa44, 0xfa44, 0xfa44, 0xfa44, 0xfa44, 0xfa44, 0xfa44, 0xfa44,
  0xfa44, 0xfa44, 0xfa44, 0xfa44, 0xfa44, 0xfa44, 0xfa44, 0xfa44,
  0xfa44, 0xfa44, 0xfa44, 0xfa44, 0xfa44, 0xfa44, 0xfa44, 0xfa44,
  0xfa44, 0xfa44, 0xfa44, 0xfa44, 0xfa44, 0xfa44, 0xfa44, 0xfa44,
  0xfa44, 0xfa44, 0xfa44, 0xfa44, 0xfa44, 0xfa44, 0xfa44, 0xfa44,
  0xfa44, 0xfa44, 0xfa44, 0xfa44, 0xfa44, 0xfa44, 0xfa44, 0xfa44,
  0xfa44, 0xfa44, 0xfa44, 0xfa44, 0xfa44, 0xfa44, 0xfa44, 0xfa44,
  0xfa44, 0xfa44, 0xfa44, 0xfa44, 0xfa44, 0xfa44, 0xfa44, 0xfa44,
  0xfa44, 0xfa44, 0xfa44, 0xfa44, 0xfa44, 0xfa44, 0xfa44, 0xfa44,
  0xfa44, 0xfa44, 0xfa44, 0xfa44, 0xfa44, 0xfa44, 0xfa44, 0xfa44,
  0xfa44, 0xfa44, 0xfa44, 0xfa44, 0xfa44, 0xfa44, 0xfa44, 0xfa44,
  0xfa44, 0xfa44, 0xfa44, 0xfa44, 0xfa44, 0xfa44, 0xfa44, 0xfa44,
  0xfa44, 0xfa44, 0xfa44, 0xfa44, 0xfa44, 0xfa44, 0xfa44, 0xfa44,
  0xfa44, 0xfa44, 0xfa44, 0xfa44, 0xfa44, 0xfa44, 0xfa44, 0xfa44,
  0xfa44, 0xfa44, 0xfa44, 0xfa44, 0xfa44, 0xfa44, 0xfa44, 0xfa44,
  0xfa44, 0xfa44, 0xfa44, 0xfa44, 0xfa44, 0xfa44, 0xfa44, 0xfa44,
  0xfa44, 0xfa44, 0xfa44, 0xfa44, 0xfa44, 0xfa44, 0xfa44, 0xfa44,
  0xfa44, 0xfa44, 0xfa44, 0xfa44, 0xfa44, 0xfa44, 0xfa44, 0xfa44,
  0xfa44, 0xfa44, 0xfa44, 0xfa44, 0xfa44, 0xfa44, 0xfa44, 0xfa44,
  0xfa44, 0xfa44, 0xfa44, 0xfa44, 0xfa44, 0xfa44, 0xfa44, 0xfa44,
  0xfa44, 0xfa44, 0xfa44, 0xfa44, 0xfa44, 0xfa44, 0xfa44, 0xfa44,
  0xfa44, 0xfa44, 0xfa44, 0xfa44, 0xfa44, 0xfa44, 0xfa44, 0xfa44,
  0xfa44, 0xfa44, 0xfa44, 0xfa44, 0xfa44, 0xfa44, 0xfa44, 0xfa44,
  0xfa44, 0xfa44, 0xfa44, 0xfa44, 0xfa44, 0xfa44, 0xfa44, 0xfa44,
  0xfa44, 0xfa44, 0xfa44, 0xfa44, 0xfa44, 0xfa44, 0xfa44, 0xfa44,
  0xfa44, 0xfa44, 0xfa44, 0xfa44, 0xfa44, 0xfa44, 0xfa44, 0xfa44,
  0xfa44, 0xfa44, 0xfa44, 0xfa44, 0xfa44, 0xfa44, 0xfa44, 0xfa44,
  0xfa44, 0xfa44, 0xfa44, 0xfa44, 0xfa44, 0xfa44, 0xfa44, 0xfa44,
  0xfa44, 0xfa44, 0xfa44, 0xfa44, 0xfa44, 0xfa44, 0xfa44, 0xfa44,
  0xfa44, 0xfa44, 0xfa44, 0xfa44, 0xfa44, 0xfa44, 0xfa44, 0xfa44,
  0xfa44, 0xfa44, 0xfa44, 0xfa44, 0xfa44, 0xfa44, 0xfa44, 0xfa44,
  0xfa44, 0xfa44, 0xfa44, 0xfa44, 0xfa44, 0xfa44, 0xfa44, 0xfa44,
  0xfa44, 0xfa44, 0xfa44, 0xfa44, 0xfa44, 0xfa44, 0xfa44, 0xfa44,
  0xfa44, 0xfa44, 0xfa44, 0xfa44, 0xfa44, 0xfa44, 0xfa44, 0xfa44,
  0xfa44, 0xfa44, 0xfa44, 0xfa44, 0xfa44, 0xfa44, 0xfa44, 0xfa44,
  0xfa44, 0xfa44, 0xfa44, 0xfa44, 0xfa44, 0xfa44, 0xfa44, 0xfa44,
  0xfa44, 0xfa44, 0xfa44, 0xfa44, 0xfa44, 0xfa44, 0xfa44, 0xfa44,
  0xfa44, 0xfa44, 0xfa44, 0xfa44, 0xfa44, 0xfa44, 0xfa44, 0xfa44,
  0xfa44, 0xfa44, 0xfa44, 0xfa44, 0xfa44, 0xfa44, 0xfa44, 0xfa44,
  0xfa44, 0xfa44, 0xfa44, 0xfa44, 0xfa44, 0xfa44, 0xfa44, 0xfa44,
  0xfa44, 0xfa44, 0xfa44, 0xfa44, 0xfa44, 0xfa44, 0xfa44, 0xfa44,
  0xfa44, 0xfa44, 0xfa44, 0xfa44, 0xfa44, 0xfa44, 0xfa44, 0xfa44,
  0xfa44, 0xfa44, 0xfa44, 0xfa44, 0xfa44, 0xfa44, 0xfa44, 0xfa44,
  0xfa44, 0xfa44, 0xfa44, 0xfa44, 0xfa44, 0xfa44, 0xfa44, 0xfa44,
  0xfa44, 0xfa44, 0xfa44, 0xfa44, 0xfa44, 0xfa44, 0xfa44, 0xfa44,
  0xfa44, 0xfa44, 0xfa44, 0xfa44, 0xfa44, 0xfa44, 0xfa44, 0xfa44,
  0xfa44, 0xfa44, 0xfa44, 0xfa44, 0xfa44, 0xfa44, 0xfa44, 0xfa44,
  0xfa44, 0xfa44, 0xfa44, 0xfa44, 0xfa44, 0xfa44, 0xfa44, 0xfa44,
  0xfa44, 0xfa44, 0xfa44, 0xfa44, 0xfa44, 0xfa44, 0xfa44, 0xfa44,
  0xfa44, 0xfa44, 0xfa44, 0xfa44, 0xfa44, 0xfa44, 0xfa44, 0xfa44,
  0xfa44, 0xfa44, 0xfa44, 0xfa44, 0xfa44, 0xfa44, 0xfa44, 0xfa44,
  0xfa44, 0xfa44, 0xfa44, 0xfa44, 0xfa44, 0xfa44, 0xfa44, 0xfa44,
  0xfa44, 0xfa44, 0xfa44, 0xfa44, 0xfa44, 0xfa44, 0xfa44, 0xfa44,
  0xfa44, 0xfa44, 0xfa44, 0xfa44, 0xfa44, 0xfa44, 0xfa44, 0xfa44,
  0xfa44, 0xfa44, 0xfa44, 0xfa44, 0xfa44, 0xfa44, 0xfa44, 0xfa44,
  0xfa44, 0xfa44, 0xfa44, 0xfa44, 0xfa44, 0xfa44, 0xfa44, 0xfa44,
  0xfa44, 0xfa44, 0xfa44, 0xfa44, 0xfa44, 0xfa44, 0xfa44, 0xfa44,
  0xfa44, 0xfa44, 0xfa44, 0xfa44, 0xfa44, 0xfa44, 0xfa44, 0xfa44,
  0xfa44, 0xfa44, 0xfa44, 0xfa44, 0xfa44, 0xfa44, 0xfa44, 0xfa44,
  0xfa44, 0xfa44, 0xfa44, 0xfa44, 0xfa44, 0xfa44, 0xfa44, 0xfa44,
  0xfa44, 0xfa44, 0xfa44, 0xfa44, 0xfa44, 0xfa44, 0xfa44, 0xfa44,
  0xfa44, 0xfa44, 0xfa44, 0xfa44, 0xfa44, 0xfa44, 0xfa44, 0xfa44,
  0xfa44, 0xfa44, 0xfa44, 0xfa44, 0xfa44, 0xfa44, 0xfa44, 0xfa44,
  0xfa44, 0xfa44, 0xfa44, 0xfa44, 0xfa44, 0xfa44, 0xfa44, 0xfa44,
  0xfa44, 0xfa44, 0xfa44, 0xfa44, 0xfa44, 0xfa44, 0xfa44, 0xfa44,
  0xfa44, 0xfa44, 0xfa44, 0xfa44, 0xfa44, 0xfa44, 0xfa44, 0xfa44,
  0xfa44, 0xfa44, 0xfa44, 0xfa44, 0xfa44, 0xfa44, 0xfa44, 0xfa44,
  0xfa44, 0xfa44, 0xfa44, 0xfa44, 0xfa44, 0xfa44, 0xfa44, 0xfa44,
  0xfa44, 0xfa44, 0xfa44, 0xfa44, 0xfa44, 0xfa44, 0xfa44, 0xfa44,
  0xfa44, 0xfa44, 0xfa44, 0xfa44, 0xfa44, 0xfa44, 0xfa44, 0xfa44,
  0xfa44, 0xfa44, 0xfa44, 0xfa44, 0xfa44, 0xfa44, 0xfa44, 0xfa44,
  0xfa44, 0xfa44, 0xfa44, 0xfa44, 0xfa44, 0xfa44, 0xfa44, 0xfa44,
  0xfa44, 0xfa44, 0xfa44, 0xfa44, 0xfa44, 0xfa44, 0xfa44, 0xfa44,
  0xfa44, 0xfa44, 0xfa44, 0xfa44, 0xfa44, 0xfa44, 0xfa44, 0xfa44,
  0xfa44, 0xfa44, 0xfa44, 0xfa44, 0xfa44, 0xfa44, 0xfa44, 0xfa44,
  0xfa44, 0xfa44, 0xfa44, 0xfa44, 0xfa44, 0xfa44, 0xfa44, 0xfa44,
  0xfa44, 0xfa44, 0xfa44, 0xfa44, 0xfa44, 0xfa44, 0xfa44, 0xfa44,
  0xfa44, 0xfa44, 0xfa44, 0xfa44, 0xfa44, 0xfa44, 0xfa44, 0xfa44,
  0xfa44, 0xfa44, 0xfa44, 0xfa44, 0xfa44, 0xfa44, 0xfa44, 0xfa44,
  0xfa44, 0xfa44, 0xfa44, 0xfa44, 0xfa44, 0xfa44, 0xfa44, 0xfa44,
  0xfa44, 0xfa44, 0xfa44, 0xfa44, 0xfa44, 0xfa44, 0xfa44, 0xfa44,
  0xfa44, 0xfa44, 0xfa44, 0xfa44, 0xfa44, 0xfa44, 0xfa44, 0xfa44,
  0xfa44, 0xfa44, 0xfa44, 0xfa44, 0xfa44, 0xfa44, 0xfa44, 0xfa44,
  0xfa44, 0xfa44, 0xfa44, 0xfa44, 0xfa44, 0xfa44, 0xfa44, 0xfa44,
  0xfa44, 0xfa44, 0xfa44, 0xfa44, 0xfa44, 0xfa44, 0xfa44, 0xfa44,
  0xfa44, 0xfa44, 0xfa44, 0xfa44, 0xfa44, 0xfa44, 0xfa44, 0xfa44,
  0xfa44, 0xfa44, 0xfa44, 0xfa44, 0xfa44, 0xfa44, 0xfa44, 0xfa44,
  0xfa44, 0xfa44, 0xfa44, 0xfa44, 0xfa44, 0xfa44, 0xfa44, 0xfa44,
  0xfa44, 0xfa44, 0xfa44, 0xfa44, 0xfa44, 0xfa44, 0xfa44, 0xfa44,
  0xfa44, 0xfa44, 0xfa44, 0xfa44, 0xfa44, 0xfa44, 0xfa44, 0xfa44,
  0xfa44, 0xfa44, 0xfa44, 0xfa44, 0xfa44, 0xfa44, 0xfa44, 0xfa44,
  0xfa44, 0xfa44, 0xfa44, 0xfa44, 0xfa44, 0xfa44, 0xfa44, 0xfa44,
  0xfa44, 0xfa44, 0xfa44, 0xfa44, 0xfa44, 0xfa44, 0xfa44, 0xfa44,
  0xfa44, 0xfa44, 0xfa44, 0xfa44, 0xfa44, 0xfa44, 0xfa44, 0xfa44,
  0xfa44, 0xfa44, 0xfa44, 0xfa44, 0xfa44, 0xfa44, 0xfa44, 0xfa44,
  0xfa44, 0xfa44, 0xfa44, 0xfa44, 0xfa44, 0xfa44, 0xfa44, 0xfa44,
  0xfa44, 0xfa44, 0xfa44, 0xfa44, 0xfa44, 0xfa44, 0xfa44, 0xfa44,
  0xfa44, 0xfa44, 0xfa44, 0xfa44, 0xfa44, 0xfa44, 0xfa44, 0xfa44,
  0xfa44, 0xfa44, 0xfa44, 0xfa44, 0xfa44, 0xfa44, 0xfa44, 0xfa44,
  0xfa44, 0xfa44, 0xfa44, 0xfa44, 0xfa44, 0xfa44, 0xfa44, 0xfa44,
  0xfa44, 0xfa44, 0xfa44, 0xfa44, 0xfa44, 0xfa44, 0xfa44, 0xfa44,
  0xfa44, 0xfa44, 0xfa44, 0xfa44, 0xfa44, 0xfa44, 0xfa44, 0xfa44,
  0xfa44, 0xfa44, 0xfa44, 0xfa44, 0xfa44, 0xfa44, 0xfa44, 0xfa44,
  0xfa44, 0xfa44, 0xfa44, 0xfa44, 0xfa44, 0xfa44, 0xfa44, 0xfa44,
  0xfa44, 0xfa44, 0xfa44, 0xfa44, 0xfa44, 0xfa44, 0xfa44, 0xfa44,
  0xfa44, 0xfa44, 0xfa44, 0xfa44, 0xfa44, 0xfa44, 0xfa44, 0xfa44,
  0xfa44, 0xfa44, 0xfa44, 0xfa44, 0xfa44, 0xfa44, 0xfa44, 0xfa44,
  0xfa44, 0xfa44, 0xfa44, 0xfa44, 0xfa44, 0xfa44, 0xfa44, 0xfa44,
  0xfa44, 0xfa44, 0xfa44, 0xfa44, 0xfa44, 0xfa44, 0xfa44, 0xfa44,
  0xfa44, 0xfa44, 0xfa44, 0xfa44, 0xfa44, 0xfa44, 0xfa44, 0xfa44,
  0xfa44, 0xfa44, 0xfa44, 0xfa44, 0xfa44, 0xfa44, 0xfa44, 0xfa44,
  0xfa44, 0xfa44, 0xfa44, 0xfa44, 0xfa44, 0xfa44, 0xfa44, 0xfa44,
  0xfa44, 0xfa44, 0xfa44, 0xfa44, 0xfa44, 0xfa44, 0xfa44, 0xfa44,
  0xfa44, 0xfa44, 0xfa44, 0xfa44, 0xfa44, 0xfa44, 0xfa44, 0xfa44,
  0xfa44, 0xfa44, 0xfa44, 0xfa44, 0xfa44, 0xfa44, 0xfa44, 0xfa44,
  0xfa44, 0xfa44, 0xfa44, 0xfa44, 0xfa44, 0xfa44, 0xfa44, 0xfa44,
  0xfa44, 0xfa44, 0xfa44, 0xfa44, 0xfa44, 0xfa44, 0xfa44, 0xfa44,
  0xfa44, 0xfa44, 0xfa44, 0xfa44, 0xfa44, 0xfa44, 0xfa44, 0xfa44,
  0xfa44, 0xfa44, 0xfa44, 0xfa44, 0xfa44, 0xfa44, 0xfa44, 0xfa44,
  0xfa44, 0xfa44, 0xfa44, 0xfa44, 0xfa44, 0xfa44, 0xfa44, 0xfa44,
  0xfa44, 0xfa44, 0xfa44, 0xfa44, 0xfa44, 0xfa44, 0xfa44, 0xfa44,
  0xfa44, 0xfa44, 0xfa44, 0xfa44, 0xfa44, 0xfa44, 0xfa44, 0xfa44,
  0xfa44, 0xfa44, 0xfa44, 0xfa44, 0xfa44, 0xfa44, 0xfa44, 0xfa44,
  0xfa44, 0xfa44, 0xfa44, 0xfa44, 0xfa44, 0xfa44, 0xfa44, 0xfa44,
  0xfa44, 0xfa44, 0xfa44, 0xfa44, 0xfa44, 0xfa44, 0xfa44, 0xfa44,
  0xfa44, 0xfa44, 0xfa44, 0xfa44, 0xfa44, 0xfa44, 0xfa44, 0xfa44,
  0xfa44, 0xfa44, 0xfa44, 0xfa44, 0xfa44, 0xfa44, 0xfa44, 0xfa44,
  0xfa44, 0xfa44, 0xfa44, 0xfa44, 0xfa44, 0xfa44, 0xfa44, 0xfa44,
  0xfa44, 0xfa44, 0xfa44, 0xfa44, 0xfa44, 0xfa44, 0xfa44, 0xfa44,
  0xfa44, 0xfa44, 0xfa44, 0xfa44, 0xfa44, 0xfa44, 0xfa44, 0xfa44,
  0xfa44, 0xfa44, 0xfa44, 0xfa44, 0xfa44, 0xfa44, 0xfa44, 0xfa44,
  0xfa44, 0xfa44, 0xfa44, 0xfa44, 0xfa44, 0xfa44, 0xfa44, 0xfa44,
  0xfa44, 0xfa44, 0xfa44, 0xfa44, 0xfa44, 0xfa44, 0xfa44, 0xfa44,
  0xfa44, 0xfa44, 0xfa44, 0xfa44, 0xfa44, 0xfa44, 0xfa44, 0xfa44,
  0xfa44, 0xfa44, 0xfa44, 0xfa44, 0xfa44, 0xfa44, 0xfa44, 0xfa44,
  0xfa44, 0xfa44, 0xfa44, 0xfa44, 0xfa44, 0xfa44, 0xfa44, 0xfa44,
  0xfa44, 0xfa44, 0xfa44, 0xfa44, 0xfa44, 0xfa44, 0xfa44, 0xfa44,
  0xfa44, 0xfa44, 0xfa44, 0xfa44, 0xfa44, 0xfa44, 0xfa44, 0xfa44,
  0xfa44, 0xfa44, 0xfa44, 0xfa44, 0xfa44, 0xfa44, 0xfa44, 0xfa44,
  0xfa44, 0xfa44, 0xfa44, 0xfa44, 0xfa44, 0xfa44, 0xfa44, 0xfa44,
  0xfa44, 0xfa44, 0xfa44, 0xfa44, 0xfa44, 0xfa44, 0xfa44, 0xfa44,
  0xfa44, 0xfa44, 0xfa44, 0xfa44, 0xfa44, 0xfa44, 0xfa44, 0xfa44,
  0xfa44, 0xfa44, 0xfa44, 0xfa44, 0xfa44, 0xfa44, 0xfa44, 0xfa44,
  0xfa44, 0xfa44, 0xfa44, 0xfa44, 0xfa44, 0xfa44, 0xfa44, 0xfa44,
  0xfa44, 0xfa44, 0xfa44, 0xfa44, 0xfa44, 0xfa44, 0xfa44, 0xfa44,
  0xfa44, 0xfa44, 0xfa44, 0xfa44, 0xfa44, 0xfa44, 0xfa44, 0xfa44,
  0xfa44, 0xfa44, 0xfa44, 0xfa44, 0xfa44, 0xfa44, 0xfa44, 0xfa44,
  0xfa44, 0xfa44, 0xfa44, 0xfa44, 0xfa44, 0xfa44, 0xfa44, 0xfa44,
  0xfa44, 0xfa44, 0xfa44, 0xfa44, 0xfa44, 0xfa44, 0xfa44, 0xfa44,
  0xfa44, 0xfa44, 0xfa44, 0xfa44, 0xfa44, 0xfa44, 0xfa44, 0xfa44,
  0xfa44, 0xfa44, 0xfa44, 0xfa44, 0xfa44, 0xfa44, 0xfa44, 0xfa44,
  0xfa44, 0xfa44, 0xfa44, 0xfa44, 0xfa44, 0xfa44, 0xfa44, 0xfa44,
  0xfa44, 0xfa44, 0xfa44, 0xfa44, 0xfa44, 0xfa44, 0xfa44, 0xfa44,
  0xfa44, 0xfa44, 0xfa44, 0xfa44, 0xfa44, 0xfa44, 0xfa44, 0xfa44,
  0xfa44, 0xfa44, 0xfa44, 0xfa44, 0xfa44, 0xfa44, 0xfa44, 0xfa44,
  0xfa44, 0xfa44, 0xfa44, 0xfa44, 0xfa44, 0xfa44, 0xfa44, 0xfa44,
  0xfa44, 0xfa44, 0xfa44, 0xfa44, 0xfa44, 0xfa44, 0xfa44, 0xfa44,
  0xfa44, 0xfa44, 0xfa44, 0xfa44, 0xfa44, 0xfa44, 0xfa44, 0xfa44,
  0xfa44, 0xfa44, 0xfa44, 0xfa44, 0xfa44, 0xfa44, 0xfa44, 0xfa44,
  0xfa44, 0xfa44, 0xfa44, 0xfa44, 0xfa44, 0xfa44, 0xfa44, 0xfa44,
  0xfa44, 0xfa44, 0xfa44, 0xfa44, 0xfa44, 0xfa44, 0xfa44, 0xfa44,
  0xfa44, 0xfa44, 0xfa44, 0xfa44, 0xfa44, 0xfa44, 0xfa44, 0xfa44,
  0xfa44, 0xfa44, 0xfa44, 0xfa44, 0xfa44, 0xfa44, 0xfa44, 0xfa44,
  0xfa44, 0xfa44, 0xfa44, 0xfa44, 0xfa44, 0xfa44, 0xfa44, 0xfa44,
  0xfa44, 0xfa44, 0xfa44, 0xfa44, 0xfa44, 0xfa44, 0xfa44, 0xfa44,
  0xfa44, 0xfa44, 0xfa44, 0xfa44, 0xfa44, 0xfa44, 0xfa44, 0xfa44,
  0xfa44, 0xfa44, 0xfa44, 0xfa44, 0xfa44, 0xfa44, 0xfa44, 0xfa44,
  0xfa44, 0xfa44, 0xfa44, 0xfa44, 0xfa44, 0xfa44, 0xfa44, 0xfa44,
  0xfa44, 0xfa44, 0xfa44, 0xfa44, 0xfa44, 0xfa44, 0xfa44, 0xfa44,
  0xfa44, 0xfa44, 0xfa44, 0xfa44, 0xfa44, 0xfa44, 0xfa44, 0xfa44,
  0xfa44, 0xfa44, 0xfa44, 0xfa44, 0xfa44, 0xfa44, 0xfa44, 0xfa44,
  0xfa44, 0xfa44, 0xfa44, 0xfa44, 0xfa44, 0xfa44, 0xfa44, 0xfa44,
  0xfa44, 0xfa44, 0xfa44, 0xfa44, 0xfa44, 0xfa44, 0xfa44, 0xfa44,
  0xfa44, 0xfa44, 0xfa44, 0xfa44, 0xfa44, 0xfa44, 0xfa44, 0xfa44,
  0xfa44, 0xfa44, 0xfa44, 0xfa44, 0xfa44, 0xfa44, 0xfa44, 0xfa44,
  0xfa44, 0xfa44, 0xfa44, 0xfa44, 0xfa44, 0xfa44, 0xfa44, 0xfa44,
  0xfa44, 0xfa44, 0xfa44, 0xfa44, 0xfa44, 0xfa44, 0xfa44, 0xfa44,
  0xfa44, 0xfa44, 0xfa44, 0xfa44, 0xfa44, 0xfa44, 0xfa44, 0xfa44,
  0xfa44, 0xfa44, 0xfa44, 0xfa44, 0xfa44, 0xfa44, 0xfa44, 0xfa44,
  0xfa44, 0xfa44, 0xfa44, 0xfa44, 0xfa44, 0xfa44, 0xfa44, 0xfa44,
  0xfa44, 0xfa44, 0xfa44, 0xfa44, 0xfa44, 0xfa44, 0xfa44, 0xfa44,
  0xfa44, 0xfa44, 0xfa44, 0xfa44, 0xfa44, 0xfa44, 0xfa44, 0xfa44,
  0xfa44, 0xfa44, 0xfa44, 0xfa44, 0xfa44, 0xfa44, 0xfa44, 0xfa44,
  0xfa44, 0xfa44, 0xfa44, 0xfa44, 0xfa44, 0xfa44, 0xfa44, 0xfa44,
  0xfa44, 0xfa44, 0xfa44, 0xfa44, 0xfa44, 0xfa44, 0xfa44, 0xfa44,
  0xfa44, 0xfa44, 0xfa44, 0xfa44, 0xfa44, 0xfa44, 0xfa44, 0xfa44,
  0xfa44, 0xfa44, 0xfa44, 0xfa44, 0xfa44, 0xfa44, 0xfa44, 0xfa44,
  0xfa44, 0xfa44, 0xfa44, 0xfa44, 0xfa44, 0xfa44, 0xfa44, 0xfa44,
  0xfa44, 0xfa44, 0xfa44, 0xfa44, 0xfa44, 0xfa44, 0xfa44, 0xfa44,
  0xfa44, 0xfa44, 0xfa44, 0xfa44, 0xfa44, 0xfa44, 0xfa44, 0xfa44,
  0xfa44, 0xfa44, 0xfa44, 0xfa44, 0xfa44, 0xfa44, 0xfa44, 0xfa44,
  0xfa44, 0xfa44, 0xfa44, 0xfa44, 0xfa44, 0xfa44, 0xfa44, 0xfa44,
  0xfa44, 0xfa44, 0xfa44, 0xfa44, 0xfa44, 0xfa44, 0xfa44, 0xfa44,
  0xfa44, 0xfa44, 0xfa44, 0xfa44, 0xfa44, 0xfa44, 0xfa44, 0xfa44,
  0xfa44, 0xfa44, 0xfa44, 0xfa44, 0xfa44, 0xfa44, 0xfa44, 0xfa44,
  0xfa44, 0xfa44, 0xfa44, 0xfa44, 0xfa44, 0xfa44, 0xfa44, 0xfa44,
  0xfa44, 0xfa44, 0xfa44, 0xfa44, 0xfa44, 0xfa44, 0xfa44, 0xfa44,
  0xfa44, 0xfa44, 0xfa44, 0xfa44, 0xfa44, 0xfa44, 0xfa44, 0xfa44,
  0xfa44, 0xfa44, 0xfa44, 0xfa44, 0xfa44, 0xfa44, 0xfa44, 0xfa44,
  0xfa44, 0xfa44, 0xfa44, 0xfa44, 0xfa44, 0xfa44, 0xfa44, 0xfa44,
  0xfa44, 0xfa44, 0xfa44, 0xfa44, 0xfa44, 0xfa44, 0xfa44, 0xfa44,
  0xfa44, 0xfa44, 0xfa44, 0xfa44, 0xfa44, 0xfa44, 0xfa44, 0xfa44,
  0xfa44, 0xfa44, 0xfa44, 0xfa44, 0xfa44, 0xfa44, 0xfa44, 0xfa44,
  0xfa44, 0xfa44, 0xfa44, 0xfa44, 0xfa44, 0xfa44, 0xfa44, 0xfa44,
  0xfa44, 0xfa44, 0xfa44, 0xfa44, 0xfa44, 0xfa44, 0xfa44, 0xfa44,
  0xfa44, 0xfa44, 0xfa44, 0xfa44, 0xfa44, 0xfa44, 0xfa44, 0xfa44,
  0xfa44, 0xfa44, 0xfa44, 0xfa44, 0xfa44, 0xfa44, 0xfa44, 0xfa44,
  0xfa44, 0xfa44, 0xfa44, 0xfa44, 0xfa44, 0xfa44, 0xfa44, 0xfa44,
  0xfa44, 0xfa44, 0xfa44, 0xfa44, 0xfa44, 0xfa44, 0xfa44, 0xfa44,
  0xfa44, 0xfa44, 0xfa44, 0xfa44, 0xfa44, 0xfa44, 0xfa44, 0xfa44,
  0xfa44, 0xfa44, 0xfa44, 0xfa44, 0xfa44, 0xfa44, 0xfa44, 0xfa44,
  0xfa44, 0xfa44, 0xfa44, 0xfa44, 0xfa44, 0xfa44, 0xfa44, 0xfa44,
  0xfa44, 0xfa44, 0xfa44, 0xfa44, 0xfa44, 0xfa44, 0xfa44, 0xfa44,
  0xfa44, 0xfa44, 0xfa44, 0xfa44, 0xfa44, 0xfa44, 0xfa44, 0xfa44,
  0xfa44, 0xfa44, 0xfa44, 0xfa44, 0xfa44, 0xfa44, 0xfa44, 0xfa44,
  0xfa44, 0xfa44, 0xfa44, 0xfa44, 0xfa44, 0xfa44, 0xfa44, 0xfa44,
  0xfa44, 0xfa44, 0xfa44, 0xfa44, 0xfa44, 0xfa44, 0xfa44, 0xfa44,
  0xfa44, 0xfa44, 0xfa44, 0xfa44, 0xfa44, 0xfa44, 0xfa44, 0xfa44,
  0xfa44, 0xfa44, 0xfa44, 0xfa44, 0xfa44, 0xfa44, 0xfa44, 0xfa44,
  0xfa44, 0xfa44, 0xfa44, 0xfa44, 0xfa44, 0xfa44, 0xfa44, 0xfa44,
  0xfa44, 0xfa44, 0xfa44, 0xfa44, 0xfa44, 0xfa44, 0xfa44, 0xfa44,
  0xfa44, 0xfa44, 0xfa44, 0xfa44, 0xfa44, 0xfa44, 0xfa44, 0xfa44,
  0xfa44, 0xfa44, 0xfa44, 0xfa44, 0xfa44, 0xfa44, 0xfa44, 0xfa44,
  0xfa44, 0xfa44, 0xfa44, 0xfa44, 0xfa44, 0xfa44, 0xfa44, 0xfa44,
  0xfa44, 0xfa44, 0xfa44, 0xfa44, 0xfa44, 0xfa44, 0xfa44, 0xfa44,
  0xfa44, 0xfa44, 0xfa44, 0xfa44, 0xfa44, 0xfa44, 0xfa44, 0xfa44,
  0xfa44, 0xfa44, 0xfa44, 0xfa44, 0xfa44, 0xfa44, 0xfa44, 0xfa44,
  0xfa44, 0xfa44, 0xfa44, 0xfa44, 0xfa44, 0xfa44, 0xfa44, 0xfa44,
  0xfa44, 0xfa44, 0xfa44, 0xfa44, 0xfa44, 0xfa44, 0xfa44, 0xfa44,
  0xfa44, 0xfa44, 0xfa44, 0xfa44, 0xfa44, 0xfa44, 0xfa44, 0xfa44,
  0xfa44, 0xfa44, 0xfa44, 0xfa44, 0xfa44, 0xfa44, 0xfa44, 0xfa44,
  0xfa44, 0xfa44, 0xfa44, 0xfa44, 0xfa44, 0xfa44, 0xfa44, 0xfa44,
  0xfa44, 0xfa44, 0xfa44, 0xfa44, 0xfa44, 0xfa44, 0xfa44, 0xfa44,
  0xfa44, 0xfa44, 0xfa44, 0xfa44, 0xfa44, 0xfa44, 0xfa44, 0xfa44,
  0xfa44, 0xfa44, 0xfa44, 0xfa44, 0xfa44, 0xfa44, 0xfa44, 0xfa44,
  0xfa44, 0xfa44, 0xfa44, 0xfa44, 0xfa44, 0xfa44, 0xfa44, 0xfa44,
  0xfa44, 0xfa44, 0xfa44, 0xfa44, 0xfa44, 0xfa44, 0xfa44, 0xfa44,
  0xfa44, 0xfa44, 0xfa44, 0xfa44, 0xfa44, 0xfa44, 0xfa44, 0xfa44,
  0xfa44, 0xfa44, 0xfa44, 0xfa44, 0xfa44, 0xfa44, 0xfa44, 0xfa44,
  0xfa44, 0xfa44, 0xfa44, 0xfa44, 0xfa44, 0xfa44, 0xfa44, 0xfa44,
  0xfa44, 0xfa44, 0xfa44, 0xfa44, 0xfa44, 0xfa44, 0xfa44, 0xfa44,
  0xfa44, 0xfa44, 0xfa44, 0xfa44, 0xfa44, 0xfa44, 0xfa44, 0xfa44,
  0xfa44, 0xfa44, 0xfa44, 0xfa44, 0xfa44, 0xfa44, 0xfa44, 0xfa44,
  0xfa44, 0xfa44, 0xfa44, 0xfa44, 0xfa44, 0xfa44, 0xfa44, 0xfa44,
  0xfa44, 0xfa44, 0xfa44, 0xfa44, 0xfa44, 0xfa44, 0xfa44, 0xfa44,
  0xfa44, 0xfa44, 0xfa44, 0xfa44, 0xfa44, 0xfa44, 0xfa44, 0xfa44,
  0xfa44, 0xfa44, 0xfa44, 0xfa44, 0xfa44, 0xfa44, 0xfa44, 0xfa44,
  0xfa44, 0xfa44, 0xfa44, 0xfa44, 0xfa44, 0xfa44, 0xfa44, 0xfa44,
  0xfa44, 0xfa44, 0xfa44, 0xfa44, 0xfa44, 0xfa44, 0xfa44, 0xfa44,
  0xfa44, 0xfa44, 0xfa44, 0xfa44, 0xfa44, 0xfa44, 0xfa44, 0xfa44,
  0xfa44, 0xfa44, 0xfa44, 0xfa44, 0xfa44, 0xfa44, 0xfa44, 0xfa44,
  0xfa44, 0xfa44, 0xfa44, 0xfa44, 0xfa44, 0xfa44, 0xfa44, 0xfa44,
  0xfa44, 0xfa44, 0xfa44, 0xfa44, 0xfa44, 0xfa44, 0xfa44, 0xfa44,
  0xfa44, 0xfa44, 0xfa44, 0xfa44, 0xfa44, 0xfa44, 0xfa44, 0xfa44,
  0xfa44, 0xfa44, 0xfa44, 0xfa44, 0xfa44, 0xfa44, 0xfa44, 0xfa44,
  0xfa44, 0xfa44, 0xfa44, 0xfa44, 0xfa44, 0xfa44, 0xfa44, 0xfa44,
  0xfa44, 0xfa44, 0xfa44, 0xfa44, 0xfa44, 0xfa44, 0xfa44, 0xfa44,
  0xfa44, 0xfa44, 0xfa44, 0xfa44, 0xfa44, 0xfa44, 0xfa44, 0xfa44,
  0xfa44, 0xfa44, 0xfa44, 0xfa44, 0xfa44, 0xfa44, 0xfa44, 0xfa44,
  0xfa44, 0xfa44, 0xfa44, 0xfa44, 0xfa44, 0xfa44, 0xfa44, 0xfa44,
  0xfa44, 0xfa44, 0xfa44, 0xfa44, 0xfa44, 0xfa44, 0xfa44, 0xfa44,
  0xfa44, 0xfa44, 0xfa44, 0xfa44, 0xfa44, 0xfa44, 0xfa44, 0xfa44,
  0xfa44, 0xfa44, 0xfa44, 0xfa44, 0xfa44, 0xfa44, 0xfa44, 0xfa44,
  0xfa44, 0xfa44, 0xfa44, 0xfa44, 0xfa44, 0xfa44, 0xfa44, 0xfa44,
  0xfa44, 0xfa44, 0xfa44, 0xfa44, 0xfa44, 0xfa44, 0xfa44, 0xfa44,
  0xfa44, 0xfa44, 0xfa44, 0xfa44, 0xfa44, 0xfa44, 0xfa44, 0xfa44,
  0xfa44, 0xfa44, 0xfa44, 0xfa44, 0xfa44, 0xfa44, 0xfa44, 0xfa44,
  0xfa44, 0xfa44, 0xfa44, 0xfa44, 0xfa44, 0xfa44, 0xfa44, 0xfa44,
  0xfa44, 0xfa44, 0xfa44, 0xfa44, 0xfa44, 0xfa44, 0xfa44, 0xfa44,
  0xfa44, 0xfa44, 0xfa44, 0xfa44, 0xfa44, 0xfa44, 0xfa44, 0xfa44,
  0xfa44, 0xfa44, 0xfa44, 0xfa44, 0xfa44, 0xfa44, 0xfa44, 0xfa44,
  0xfa44, 0xfa44, 0xfa44, 0xfa44, 0xfa44, 0xfa44, 0xfa44, 0xfa44,
  0xfa44, 0xfa44, 0xfa44, 0xfa44, 0xfa44, 0xfa44, 0xfa44, 0xfa44,
  0xfa44, 0xfa44, 0xfa44, 0xfa44, 0xfa44, 0xfa44, 0xfa44, 0xfa44,
  0xfa44, 0xfa44, 0xfa44, 0xfa44, 0xfa44, 0xfa44, 0xfa44, 0xfa44,
  0xfa44, 0xfa44, 0xfa44, 0xfa44, 0xfa44, 0xfa44, 0xfa44, 0xfa44,
  0xfa44, 0xfa44, 0xfa44, 0xfa44, 0xfa44, 0xfa44, 0xfa44, 0xfa44,
  0xfa44, 0xfa44, 0xfa44, 0xfa44, 0xfa44, 0xfa44, 0xfa44, 0xfa44,
  0xfa44, 0xfa44, 0xfa44, 0xfa44, 0xfa44, 0xfa44, 0xfa44, 0xfa44,
  0xfa44, 0xfa44, 0xfa44, 0xfa44, 0xfa44, 0xfa44, 0xfa44, 0xfa44,
  0xfa44, 0xfa44, 0xfa44, 0xfa44, 0xfa44, 0xfa44, 0xfa44, 0xfa44,
  0xfa44, 0xfa44, 0xfa44, 0xfa44, 0xfa44, 0xfa44, 0xfa44, 0xfa44,
  0xfa44, 0xfa44, 0xfa44, 0xfa44, 0xfa44, 0xfa44, 0xfa44, 0xfa44,
  0xfa44, 0xfa44, 0xfa44, 0xfa44, 0xfa44, 0xfa44, 0xfa44, 0xfa44,
  0xfa44, 0xfa44, 0xfa44, 0xfa44, 0xfa44, 0xfa44, 0xfa44, 0xfa44,
  0xfa44, 0xfa44, 0xfa44, 0xfa44, 0xfa44, 0xfa44, 0xfa44, 0xfa44,
  0xfa44, 0xfa44, 0xfa44, 0xfa44, 0xfa44, 0xfa44, 0xfa44, 0xfa44,
  0xfa44, 0xfa44, 0xfa44, 0xfa44, 0xfa44, 0xfa44, 0xfa44, 0xfa44,
  0xfa44, 0xfa44, 0xfa44, 0xfa44, 0xfa44, 0xfa44, 0xfa44, 0xfa44,
  0xfa44, 0xfa44, 0xfa44, 0xfa44, 0xfa44, 0xfa44, 0xfa44, 0xfa44,
  0xfa44, 0xfa44, 0xfa44, 0xfa44, 0xfa44, 0xfa44, 0xfa44, 0xfa44,
  0xfa44, 0xfa44, 0xfa44, 0xfa44, 0xfa44, 0xfa44, 0xfa44, 0xfa44,
  0xfa44, 0xfa44, 0xfa44, 0xfa44, 0xfa44, 0xfa44, 0xfa44, 0xfa44,
  0xfa44, 0xfa44, 0xfa44, 0xfa44, 0xfa44, 0xfa44, 0xfa44, 0xfa44,
  0xfa44, 0xfa44, 0xfa44, 0xfa44, 0xfa44, 0xfa44, 0xfa44, 0xfa44,
  0xfa44, 0xfa44, 0xfa44, 0xfa44, 0xfa44, 0xfa44, 0xfa44, 0xfa44,
  0xfa44, 0xfa44, 0xfa44, 0xfa44, 0xfa44, 0xfa44, 0xfa44, 0xfa44,
  0xfa44, 0xfa44, 0xfa44, 0xfa44, 0xfa44, 0xfa44, 0xfa44, 0xfa44,
  0xfa44, 0xfa44, 0xfa44, 0xfa44, 0xfa44, 0xfa44, 0xfa44, 0xfa44,
  0xfa44, 0xfa44, 0xfa44, 0xfa44, 0xfa44, 0xfa44, 0xfa44, 0xfa44,
  0xfa44, 0xfa44, 0xfa44, 0xfa44, 0xfa44, 0xfa44, 0xfa44, 0xfa44,
  0xfa44, 0xfa44, 0xfa44, 0xfa44, 0xfa44, 0xfa44, 0xfa44, 0xfa44,
  0xfa44, 0xfa44, 0xfa44, 0xfa44, 0xfa44, 0xfa44, 0xfa44, 0xfa44,
  0xfa44, 0xfa44, 0xfa44, 0xfa44, 0xfa44, 0xfa44, 0xfa44, 0xfa44,
  0xfa44, 0xfa44, 0xfa44, 0xfa44, 0xfa44, 0xfa44, 0xfa44, 0xfa44,
  0xfa44, 0xfa44, 0xfa44, 0xfa44, 0xfa44, 0xfa44, 0xfa44, 0xfa44,
  0xfa44, 0xfa44, 0xfa44, 0xfa44, 0xfa44, 0xfa44, 0xfa44, 0xfa44,
  0xfa44, 0xfa44, 0xfa44, 0xfa44, 0xfa44, 0xfa44, 0xfa44, 0xfa44,
  0xfa44, 0xfa44, 0xfa44, 0xfa44, 0xfa44, 0xfa44, 0xfa44, 0xfa44,
  0xfa44, 0xfa44, 0xfa44, 0xfa44, 0xfa44, 0xfa44, 0xfa44, 0xfa44,
  0xfa44, 0xfa44, 0xfa44, 0xfa44, 0xfa44, 0xfa44, 0xfa44, 0xfa44,
  0xfa44, 0xfa44, 0xfa44, 0xfa44, 0xfa44, 0xfa44, 0xfa44, 0xfa44,
  0xfa44, 0xfa44, 0xfa44, 0xfa44, 0xfa44, 0xfa44, 0xfa44, 0xfa44,
  0xfa44, 0xfa44, 0xfa44, 0xfa44, 0xfa44, 0xfa44, 0xfa44, 0xfa44,
  0xfa44, 0xfa44, 0xfa44, 0xfa44, 0xfa44, 0xfa44, 0xfa44, 0xfa44,
  0xfa44, 0xfa44, 0xfa44, 0xfa44, 0xfa44, 0xfa44, 0xfa44, 0xfa44,
  0xfa44, 0xfa44, 0xfa44, 0xfa44, 0xfa44, 0xfa44, 0xfa44, 0xfa44,
  0xfa44, 0xfa44, 0xfa44, 0xfa44, 0xfa44, 0xfa44, 0xfa44, 0xfa44,
  0xfa44, 0xfa44, 0xfa44, 0xfa44, 0xfa44, 0xfa44, 0xfa44, 0xfa44,
  0xfa44, 0xfa44, 0xfa44, 0xfa44, 0xfa44, 0xfa44, 0xfa44, 0xfa44,
  0xfa44, 0xfa44, 0xfa44, 0xfa44, 0xfa44, 0xfa44, 0xfa44, 0xfa44,
  0xfa44, 0xfa44, 0xfa44, 0xfa44, 0xfa44, 0xfa44, 0xfa44, 0xfa44,
  0xfa44, 0xfa44, 0xfa44, 0xfa44, 0xfa44, 0xfa44, 0xfa44, 0xfa44,
  0xfa44, 0xfa44, 0xfa44, 0xfa44, 0xfa44, 0xfa44, 0xfa44, 0xfa44,
  0xfa44, 0xfa44, 0xfa44, 0xfa44, 0xfa44, 0xfa44, 0xfa44, 0xfa44,
  0xfa44, 0xfa44, 0xfa44, 0xfa44, 0xfa44, 0xfa44, 0xfa44, 0xfa44,
  0xfa44, 0xfa44, 0xfa44, 0xfa44, 0xfa44, 0xfa44, 0xfa44, 0xfa44,
  0xfa44, 0xfa44, 0xfa44, 0xfa44, 0xfa44, 0xfa44, 0xfa44, 0xfa44,
  0xfa44, 0xfa44, 0xfa44, 0xfa44, 0xfa44, 0xfa44, 0xfa44, 0xfa44,
  0xfa44, 0xfa44, 0xfa44, 0xfa44, 0xfa44, 0xfa44, 0xfa44, 0xfa44,
  0xfa44, 0xfa44, 0xfa44, 0xfa44, 0xfa44, 0xfa44, 0xfa44, 0xfa44,
  0xfa44, 0xfa44, 0xfa44, 0xfa44, 0xfa44, 0xfa44, 0xfa44, 0xfa44,
  0xfa44, 0xfa44, 0xfa44, 0xfa44, 0xfa44, 0xfa44, 0xfa44, 0xfa44,
  0xfa44, 0xfa44, 0xfa44, 0xfa44, 0xfa44, 0xfa44, 0xfa44, 0xfa44,
  0xfa44, 0xfa44, 0xfa44, 0xfa44, 0xfa44, 0xfa44, 0xfa44, 0xfa44,
  0xfa44, 0xfa44, 0xfa44, 0xfa44, 0xfa44, 0xfa44, 0xfa44, 0xfa44,
  0xfa44, 0xfa44, 0xfa44, 0xfa44, 0xfa44, 0xfa44, 0xfa44, 0xfa44,
  0xfa44, 0xfa44, 0xfa44, 0xfa44, 0xfa44, 0xfa44, 0xfa44, 0xfa44,
  0xfa44, 0xfa44, 0xfa44, 0xfa44, 0xfa44, 0xfa44, 0xfa44, 0xfa44,
  0xfa44, 0xfa44, 0xfa44, 0xfa44, 0xfa44, 0xfa44, 0xfa44, 0xfa44,
  0xfa44, 0xfa44, 0xfa44, 0xfa44, 0xfa44, 0xfa44, 0xfa44, 0xfa44,
  0xfa44, 0xfa44, 0xfa44, 0xfa44, 0xfa44, 0xfa44, 0xfa44, 0xfa44,
  0xfa44, 0xfa44, 0xfa44, 0xfa44, 0xfa44, 0xfa44, 0xfa44, 0xfa44,
  0xfa44, 0xfa44, 0xfa44, 0xfa44, 0xfa44, 0xfa44, 0xfa44, 0xfa44,
  0xfa44, 0xfa44, 0xfa44, 0xfa44, 0xfa44, 0xfa44, 0xfa44, 0xfa44,
  0xfa44, 0xfa44, 0xfa44, 0xfa44, 0xfa44, 0xfa44, 0xfa44, 0xfa44,
  0xfa44, 0xfa44, 0xfa44, 0xfa44, 0xfa44, 0xfa44, 0xfa44, 0xfa44,
  0xfa44, 0xfa44, 0xfa44, 0xfa44, 0xfa44, 0xfa44, 0xfa44, 0xfa44,
  0xfa44, 0xfa44, 0xfa44, 0xfa44, 0xfa44, 0xfa44, 0xfa44, 0xfa44,
  0xfa44, 0xfa44, 0xfa44, 0xfa44, 0xfa44, 0xfa44, 0xfa44, 0xfa44,
  0xfa44, 0xfa44, 0xfa44, 0xfa44, 0xfa44, 0xfa44, 0xfa44, 0xfa44,
  0xfa44, 0xfa44, 0xfa44, 0xfa44, 0xfa44, 0xfa44, 0xfa44, 0xfa44,
  0xfa44, 0xfa44, 0xfa44, 0xfa44, 0xfa44, 0xfa44, 0xfa44, 0xfa44,
  0xfa44, 0xfa44, 0xfa44, 0xfa44, 0xfa44, 0xfa44, 0xfa44, 0xfa44,
  0xfa44, 0xfa44, 0xfa44, 0xfa44, 0xfa44, 0xfa44, 0xfa44, 0xfa44,
  0xfa44, 0xfa44, 0xfa44, 0xfa44, 0xfa44, 0xfa44, 0xfa44, 0xfa44,
  0xfa44, 0xfa44, 0xfa44, 0xfa44, 0xfa44, 0xfa44, 0xfa44, 0xfa44,
  0xfa44, 0xfa44, 0xfa44, 0xfa44, 0xfa44, 0xfa44, 0xfa44, 0xfa44,
  0xfa44, 0xfa44, 0xfa44, 0xfa44, 0xfa44, 0xfa44, 0xfa44, 0xfa44,
  0xfa44, 0xfa44, 0xfa44, 0xfa44, 0xfa44, 0xfa44, 0xfa44, 0xfa44,
  0xfa44, 0xfa44, 0xfa44, 0xfa44, 0xfa44, 0xfa44, 0xfa44, 0xfa44,
  0xfa44, 0xfa44, 0xfa44, 0xfa44, 0xfa44, 0xfa44, 0xfa44, 0xfa44,
  0xfa44, 0xfa44, 0xfa44, 0xfa44, 0xfa44, 0xfa44, 0xfa44, 0xfa44,
  0xfa44, 0xfa44, 0xfa44, 0xfa44, 0xfa44, 0xfa44, 0xfa44, 0xfa44,
  0xfa44, 0xfa44, 0xfa44, 0xfa44, 0xfa44, 0xfa44, 0xfa44, 0xfa44,
  0xfa44, 0xfa44, 0xfa44, 0xfa44, 0xfa44, 0xfa44, 0xfa44, 0xfa44,
  0xfa44, 0xfa44, 0xfa44, 0xfa44, 0xfa44, 0xfa44, 0xfa44, 0xfa44,
  0xfa44, 0xfa44, 0xfa44, 0xfa44, 0xfa44, 0xfa44, 0xfa44, 0xfa44,
  0xfa44, 0xfa44, 0xfa44, 0xfa44, 0xfa44, 0xfa44, 0xfa44, 0xfa44,
  0xfa44, 0xfa44, 0xfa44, 0xfa44, 0xfa44, 0xfa44, 0xfa44, 0xfa44,
  0xfa44, 0xfa44, 0xfa44, 0xfa44, 0xfa44, 0xfa44, 0xfa44, 0xfa44,
  0xfa44, 0xfa44, 0xfa44, 0xfa44, 0xfa44, 0xfa44, 0xfa44, 0xfa44,
  0xfa44, 0xfa44, 0xfa44, 0xfa44, 0xfa44, 0xfa44, 0xfa44, 0xfa44,
  0xfa44, 0xfa44, 0xfa44, 0xfa44, 0xfa44, 0xfa44, 0xfa44, 0xfa44,
  0xfa44, 0xfa44, 0xfa44, 0xfa44, 0xfa44, 0xfa44, 0xfa44, 0xfa44,
  0xfa44, 0xfa44, 0xfa44, 0xfa44, 0xfa44, 0xfa44, 0xfa44, 0xfa44,
  0xfa44, 0xfa44, 0xfa44, 0xfa44, 0xfa44, 0xfa44, 0xfa44, 0xfa44,
  0xfa44, 0xfa44, 0xfa44, 0xfa44, 0xfa44, 0xfa44, 0xfa44, 0xfa44,
  0xfa44, 0xfa44, 0xfa44, 0xfa44, 0xfa44, 0xfa44, 0xfa44, 0xfa44,
  0xfa44, 0xfa44, 0xfa44, 0xfa44, 0xfa44, 0xfa44, 0xfa44, 0xfa44,
  0xfa44, 0xfa44, 0xfa44, 0xfa44, 0xfa44, 0xfa44, 0xfa44, 0xfa44,
  0xfa44, 0xfa44, 0xfa44, 0xfa44, 0xfa44, 0xfa44, 0xfa44, 0xfa44,
  0xfa44, 0xfa44, 0xfa44, 0xfa44, 0xfa44, 0xfa44, 0xfa44, 0xfa44,
  0xfa44, 0xfa44, 0xfa44, 0xfa44, 0xfa44, 0xfa44, 0xfa44, 0xfa44,
  0xfa44, 0xfa44, 0xfa44, 0xfa44, 0xfa44, 0xfa44, 0xfa44, 0xfa44,
  0xfa44, 0xfa44, 0xfa44, 0xfa44, 0xfa44, 0xfa44, 0xfa44, 0xfa44,
  0xfa44, 0xfa44, 0xfa44, 0xfa44, 0xfa44, 0xfa44, 0xfa44, 0xfa44,
  0xfa44, 0xfa44, 0xfa44, 0xfa44, 0xfa44, 0xfa44, 0xfa44, 0xfa44,
  0xfa44, 0xfa44, 0xfa44, 0xfa44, 0xfa44, 0xfa44, 0xfa44, 0xfa44,
  0xfa44, 0xfa44, 0xfa44, 0xfa44, 0xfa44, 0xfa44, 0xfa44, 0xfa44,
  0xfa44, 0xfa44, 0xfa44, 0xfa44, 0xfa44, 0xfa44, 0xfa44, 0xfa44,
  0xfa44, 0xfa44, 0xfa44, 0xfa44, 0xfa44, 0xfa44, 0xfa44, 0xfa44,
  0xfa44, 0xfa44, 0xfa44, 0xfa44, 0xfa44, 0xfa44, 0xfa44, 0xfa44,
  0xfa44, 0xfa44, 0xfa44, 0xfa44, 0xfa44, 0xfa44, 0xfa44, 0xfa44,
  0xfa44, 0xfa44, 0xfa44, 0xfa44, 0xfa44, 0xfa44, 0xfa44, 0xfa44,
  0xfa44, 0xfa44, 0xfa44, 0xfa44, 0xfa44, 0xfa44, 0xfa44, 0xfa44,
  0xfa44, 0xfa44, 0xfa44, 0xfa44, 0xfa44, 0xfa44, 0xfa44, 0xfa44,
  0xfa44, 0xfa44, 0xfa44, 0xfa44, 0xfa44, 0xfa44, 0xfa44, 0xfa44,
  0xfa44, 0xfa44, 0xfa44, 0xfa44, 0xfa44, 0xfa44, 0xfa44, 0xfa44,
  0xfa44, 0xfa44, 0xfa44, 0xfa44, 0xfa44, 0xfa44, 0xfa44, 0xfa44,
  0xfa44, 0xfa44, 0xfa44, 0xfa44, 0xfa44, 0xfa44, 0xfa44, 0xfa44,
  0xfa44, 0xfa44, 0xfa44, 0xfa44, 0xfa44, 0xfa44, 0xfa44, 0xfa44,
  0xfa44, 0xfa44, 0xfa44, 0xfa44, 0xfa44, 0xfa44, 0xfa44, 0xfa44,
  0xfa44, 0xfa44, 0xfa44, 0xfa44, 0xfa44, 0xfa44, 0xfa44, 0xfa44,
  0xfa44, 0xfa44, 0xfa44, 0xfa44, 0xfa44, 0xfa44, 0xfa44, 0xfa44,
  0xfa44, 0xfa44, 0xfa44, 0xfa44, 0xfa44, 0xfa44, 0xfa44, 0xfa44,
  0xfa44, 0xfa44, 0xfa44, 0xfa44, 0xfa44, 0xfa44, 0xfa44, 0xfa44,
  0xfa44, 0xfa44, 0xfa44, 0xfa44, 0xfa44, 0xfa44, 0xfa44, 0xfa44,
  0xfa44, 0xfa44, 0xfa44, 0xfa44, 0xfa44, 0xfa44, 0xfa44, 0xfa44,
  0xfa44, 0xfa44, 0xfa44, 0xfa44, 0xfa44, 0xfa44, 0xfa44, 0xfa44,
  0xfa44, 0xfa44, 0xfa44, 0xfa44, 0xfa44, 0xfa44, 0xfa44, 0xfa44,
  0xfa44, 0xfa44, 0xfa44, 0xfa44, 0xfa44, 0xfa44, 0xfa44, 0xfa44,
  0xfa44, 0xfa44, 0xfa44, 0xfa44, 0xfa44, 0xfa44, 0xfa44, 0xfa44,
  0xfa44, 0xfa44, 0xfa44, 0xfa44, 0xfa44, 0xfa44, 0xfa44, 0xfa44,
  0xfa44, 0xfa44, 0xfa44, 0xfa44, 0xfa44, 0xfa44, 0xfa44, 0xfa44,
  0xfa44, 0xfa44, 0xfa44, 0xfa44, 0xfa44, 0xfa44, 0xfa44, 0xfa44,
  0xfa44, 0xfa44, 0xfa44, 0xfa44, 0xfa44, 0xfa44, 0xfa44, 0xfa44,
  0xfa44, 0xfa44, 0xfa44, 0xfa44, 0xfa44, 0xfa44, 0xfa44, 0xfa44,
  0xfa44, 0xfa44, 0xfa44, 0xfa44, 0xfa44, 0xfa44, 0xfa44, 0xfa44,
  0xfa44, 0xfa44, 0xfa44, 0xfa44, 0xfa44, 0xfa44, 0xfa44, 0xfa44,
  0xfa44, 0xfa44, 0xfa44, 0xfa44, 0xfa44, 0xfa44, 0xfa44, 0xfa44,
  0xfa44, 0xfa44, 0xfa44, 0xfa44, 0xfa44, 0xfa44, 0xfa44, 0xfa44,
  0xfa44, 0xfa44, 0xfa44, 0xfa44, 0xfa44, 0xfa44, 0xfa44, 0xfa44,
  0xfa44, 0xfa44, 0xfa44, 0xfa44, 0xfa44, 0xfa44, 0xfa44, 0xfa44,
  0xfa44, 0xfa44, 0xfa44, 0xfa44, 0xfa44, 0xfa44, 0xfa44, 0xfa44,
  0xfa44, 0xfa44, 0xfa44, 0xfa44, 0xfa44, 0xfa44, 0xfa44, 0xfa44,
  0xfa44, 0xfa44, 0xfa44, 0xfa44, 0xfa44, 0xfa44, 0xfa44, 0xfa44,
  0xfa44, 0xfa44, 0xfa44, 0xfa44, 0xfa44, 0xfa44, 0xfa44, 0xfa44,
  0xfa44, 0xfa44, 0xfa44, 0xfa44, 0xfa44, 0xfa44, 0xfa44, 0xfa44,
  0xfa44, 0xfa44, 0xfa44, 0xfa44, 0xfa44, 0xfa44, 0xfa44, 0xfa44,
  0xe1c0, 0xe1c0, 0xe1c0, 0xe1c0, 0xe1c0, 0xe1c0, 0xe1c0, 0xe1c0,
  0xe1c0, 0xe1c0, 0xe1c0, 0xe1c0, 0xe1c0, 0xe1c0, 0xe1c0, 0xe1c0,
  0xe1c0, 0xe1c0, 0xe1c0, 0xe1c0, 0xe1c0, 0xe1c0, 0xe1c0, 0xe1c0,
  0xe1c0, 0xe1c0, 0xe1c0, 0xe1c0, 0xe1c0, 0xe1c0, 0xe1c0, 0xe1c0,
  0xe1c0, 0xe1c0, 0xe1c0, 0xe1c0, 0xe1c0, 0xe1c0, 0xe1c0, 0xe1c0,
  0xe1c0, 0xe1c0, 0xe1c0, 0xe1c0, 0xe1c0, 0xe1c0, 0xe1c0, 0xe1c0,
  0xe1c0, 0xe9c0, 0xe9c0, 0xe9c0, 0xe1c0, 0xe1c0, 0xe1c0, 0xe1c0,
  0xe1c0, 0xe1c0, 0xe1c0, 0xe1c0, 0xe9c0, 0xe9c0, 0xe9c0, 0xe9c0,
  0xe9c0, 0xe9c0, 0xe1c0, 0xe1c0, 0xe1c0, 0xe1c0, 0xe1c0, 0xe1c0,
  0xe1c0, 0xe1c0, 0xe9c0, 0xe1c0, 0xe1c0, 0xe1c0, 0xe1c0, 0xe1c0,
  0xe1c0, 0xe1c0, 0xe1c0, 0xe1c0, 0xe1c0, 0xe1c0, 0xe1c0, 0xe1c0,
  0xe1c0, 0xe9c0, 0xe9c0, 0xe1c0, 0xe1c0, 0xe1c0, 0xe1c0, 0xe1c0,
  0xe1c0, 0xe1c0, 0xe1c0, 0xe1c0, 0xe1c0, 0xe1c0, 0xe1c0, 0xe1c0,
  0xe1c0, 0xe1c0, 0xe1c0, 0xe1c0, 0xe1c0, 0xe1c0, 0xe1c0, 0xe1c0,
  0xe1c0, 0xe1c0, 0xe1c0, 0xe1c0, 0xe1c0, 0xe1c0, 0xe1c0, 0xe1c0,
  0xe1c0, 0xe1c0, 0xe1c0, 0xe1c0, 0xe1c0, 0xe1c0, 0xe1c0, 0xe1c0,
  0xe1c0, 0xe1c0, 0xe1c0, 0xe1c0, 0xe1c0, 0xe1c0, 0xe1c0, 0xe1c0,
  0xe1c0, 0xe1c0, 0xe1c0, 0xe1c0, 0xe1c0, 0xe1c0, 0xe1c0, 0xe1c0,
  0xe1c0, 0xe1c0, 0xe1c0, 0xe1c0, 0xe1c0, 0xe1c0, 0xe1c0, 0xe1c0,
  0xe1c0, 0xe1c0, 0xe1c0, 0xe1c0, 0xe1c0, 0xe1c0, 0xe1c0, 0xe1c0,
  0xe1c0, 0xe1c0, 0xe1c0, 0xe1c0, 0xe1c0, 0xe1c0, 0xe1c0, 0xe1c0,
  0xe1c0, 0xe1c0, 0xe1c0, 0xe1c0, 0xe1c0, 0xe1c0, 0xe1c0, 0xe1c0,
  0xe1c0, 0xe1c0, 0xe1c0, 0xe1c0, 0xe1c0, 0xe1c0, 0xe1c0, 0xe1c0,
  0xe1c0, 0xe1c0, 0xe1c0, 0xe1c0, 0xe1c0, 0xe1c0, 0xe1c0, 0xe1c0,
  0xe1a0, 0xe1c0, 0xe1a0, 0xe1c0, 0xe1c0, 0xe1c0, 0xe1c0, 0xe1c0,
  0xe1c0, 0xe1c0, 0xe1c0, 0xe1c0, 0xe1c0, 0xe1c0, 0xe1c0, 0xe1c0,
  0xe1c0, 0xe1c0, 0xe1c0, 0xe1c0, 0xe1c0, 0xe1c0, 0xe1c0, 0xe1c0,
  0xe1c0, 0xe1c0, 0xe1c0, 0xe1c0, 0xe1c0, 0xe1c0, 0xe1c0, 0xe1c0,
  0xe1c0, 0xe1c0, 0xe1c0, 0xe1c0, 0xe1c0, 0xe1c0, 0xe1c0, 0xe1c0,
  0xe1c0, 0xe1c0, 0xe1c0, 0xe1c0, 0xe1c0, 0xe1c0, 0xe1c0, 0xe1c0,
  0xe1c0, 0xe1c0, 0xe1c0, 0xe1c0, 0xe1c0, 0xe1c0, 0xe1c0, 0xe1c0,
  0xe1c0, 0xe1c0, 0xe1c0, 0xe1c0, 0xe1c0, 0xe1c0, 0xe1c0, 0xe1c0,
  0xe1c0, 0xe1c0, 0xe1c0, 0xe1c0, 0xe1c0, 0xe1c0, 0xe1c0, 0xe1c0,
  0xe1c0, 0xe1c0, 0xe1c0, 0xe1c0, 0xe1c0, 0xe1c0, 0xe1c0, 0xe1c0,
  0xe1c0, 0xe1c0, 0xe1c0, 0xe1c0, 0xe1c0, 0xe1c0, 0xe1c0, 0xe1c0,
  0xe1c0, 0xe1c0, 0xe1c0, 0xe1c0, 0xe1c0, 0xe1c0, 0xe1c0, 0xe1c0,
  0xe1c0, 0xe9c0, 0xe9c0, 0xe9c0, 0xe1c0, 0xe1c0, 0xe1c0, 0xe1c0,
  0xe1c0, 0xe1c0, 0xe1c0, 0xe1c0, 0xe9c0, 0xe9c0, 0xe9c0, 0xe9c0,
  0xe9c0, 0xe1c0, 0xe1c0, 0xe1c0, 0xe1c0, 0xe1c0, 0xe1c0, 0xe1c0,
  0xe1c0, 0xe1c0, 0xe1c0, 0xe1c0, 0xe1c0, 0xe1c0, 0xe1c0, 0xe1c0,
  0xe1c0, 0xe1c0, 0xe1c0, 0xe1c0, 0xe1c0, 0xe1c0, 0xe1c0, 0xe1c0,
  0xe1c0, 0xe1c0, 0xe1c0, 0xe1c0, 0xe1c0, 0xe1c0, 0xe1c0, 0xe1c0,
  0xe1c0, 0xe1c0, 0xe1c0, 0xe1c0, 0xe1c0, 0xe1c0, 0xe1c0, 0xe1c0,
  0xe1c0, 0xe1c0, 0xe1c0, 0xe1c0, 0xe1c0, 0xe1c0, 0xe1c0, 0xe1c0,
  0xe1c0, 0xe1c0, 0xe1c0, 0xe1c0, 0xe1c0, 0xe1c0, 0xe1c0, 0xe1c0,
  0xe1c0, 0xe1c0, 0xe1c0, 0xe1c0, 0xe1c0, 0xe1c0, 0xe1c0, 0xe1c0,
  0xe1c0, 0xe1c0, 0xe1c0, 0xe1c0, 0xe1c0, 0xe1c0, 0xe1c0, 0xe1c0,
  0xe1c0, 0xe1c0, 0xe1c0, 0xe1c0, 0xe1c0, 0xe1c0, 0xe1c0, 0xe1c0,
  0xe1c0, 0xe1c0, 0xe1c0, 0xe1c0, 0xe1c0, 0xe1c0, 0xe1c0, 0xe1c0,
  0xe1c0, 0xe1c0, 0xe1c0, 0xe1c0, 0xe1c0, 0xe1c0, 0xe1c0, 0xe1c0,
  0xe1c0, 0xe1c0, 0xe1c0, 0xe1c0, 0xe1c0, 0xe1c0, 0xe1c0, 0xe1c0,
  0xe1c0, 0xe1c0, 0xe1c0, 0xe1c0, 0xe1c0, 0xe1c0, 0xe1c0, 0xe1c0,
  0xe1c0, 0xe1c0, 0xe1c0, 0xe1c0, 0xe1c0, 0xe1c0, 0xe1c0, 0xe1c0,
  0xe1c0, 0xe1c0, 0xe1c0, 0xe1c0, 0xe1c0, 0xe1c0, 0xe1c0, 0xe1c0,
  0xe1a0, 0xe1a0, 0xe1a0, 0xe1c0, 0xe1c0, 0xe1c0, 0xe1c0, 0xe1c0,
  0xe1c0, 0xe1c0, 0xe1c0, 0xe1c0, 0xe1c0, 0xe1c0, 0xe1c0, 0xe1c0,
  0xe1c0, 0xe1c0, 0xe1c0, 0xe1c0, 0xe1c0, 0xe1c0, 0xe1c0, 0xe1c0,
  0xe1c0, 0xe1c0, 0xe1c0, 0xe1c0, 0xe1c0, 0xe1c0, 0xe1c0, 0xe1c0,
  0xe1c0, 0xe1c0, 0xe1c0, 0xe1c0, 0xe1c0, 0xe1c0, 0xe1c0, 0xe1c0,
  0xe1c0, 0xe1c0, 0xe1c0, 0xe1c0, 0xe1c0, 0xe1c0, 0xe1c0, 0xe1c0,
  0xe1c0, 0xe1c0, 0xe1c0, 0xe1c0, 0xe1c0, 0xe1c0, 0xe1c0, 0xe1c0,
  0xe1c0, 0xe1c0, 0xe1c0, 0xe1c0, 0xe1c0, 0xe1c0, 0xe1c0, 0xe1c0,
  0xe1c0, 0xe1c0, 0xe1c0, 0xe1c0, 0xe1c0, 0xe1c0, 0xe1c0, 0xe1c0,
  0xe1c0, 0xe1c0, 0xe1c0, 0xe1c0, 0xe1c0, 0xe1c0, 0xe1c0, 0xe1c0,
  0xe1c0, 0xe1c0, 0xe1c0, 0xe1c0, 0xe1c0, 0xe1c0, 0xe1c0, 0xe1c0,
  0xe1c0, 0xe1c0, 0xe1c0, 0xe1c0, 0xe1c0, 0xe1c0, 0xe1c0, 0xe1c0,
  0xe1c0, 0xe9c0, 0xe9c0, 0xe9c0, 0xe1c0, 0xe1c0, 0xe1c0, 0xe1c0,
  0xe1c0, 0xe1c0, 0xe1c0, 0xe1c0, 0xe9c0, 0xe9c0, 0xe9c0, 0xe9c0,
  0xe9c0, 0xe1c0, 0xe1c0, 0xe1c0, 0xe1c0, 0xe1c0, 0xe1c0, 0xe1c0,
  0xe1c0, 0xe1c0, 0xe1c0, 0xe1c0, 0xe1c0, 0xe1c0, 0xe1c0, 0xe1c0,
  0xe1c0, 0xe1c0, 0xe1c0, 0xe1c0, 0xe1c0, 0xe1c0, 0xe1c0, 0xe1c0,
  0xe1c0, 0xe1c0, 0xe1c0, 0xe1c0, 0xe1c0, 0xe1c0, 0xe1c0, 0xe1c0,
  0xe1c0, 0xe1c0, 0xe1c0, 0xe1c0, 0xe1c0, 0xe1c0, 0xe1c0, 0xe1c0,
  0xe1c0, 0xe1c0, 0xe1c0, 0xe1c0, 0xe1c0, 0xe1c0, 0xe9c0, 0xe9c0,
  0xe9c0, 0xe9c0, 0xe9c0, 0xe9c0, 0xe9c0, 0xe9c0, 0xe9c0, 0xe1c0,
  0xe1c0, 0xe1c0, 0xe1c0, 0xe1c0, 0xe1c0, 0xe1c0, 0xe1c0, 0xe1c0,
  0xe1c0, 0xe1c0, 0xe1c0, 0xe1c0, 0xe1c0, 0xe1c0, 0xe1c0, 0xe1c0,
  0xe1c0, 0xe1c0, 0xe1c0, 0xe1c0, 0xe1c0, 0xe1c0, 0xe1c0, 0xe1c0,
  0xe1c0, 0xe1c0, 0xe1c0, 0xe1c0, 0xe1c0, 0xe1c0, 0xe1c0, 0xe1c0,
  0xe1c0, 0xe1c0, 0xe1c0, 0xe1c0, 0xe1c0, 0xe1c0, 0xe1c0, 0xe1c0,
  0xe1c0, 0xe1c0, 0xe1c0, 0xe1c0, 0xe1c0, 0xe1c0, 0xe1c0, 0xe1c0,
  0xe1c0, 0xe1c0, 0xe1c0, 0xe1c0, 0xe1c0, 0xe1c0, 0xe1c0, 0xe1c0,
  0xe1c0, 0xe1c0, 0xe1c0, 0xe1c0, 0xe1c0, 0xe1c0, 0xe1c0, 0xe1c0,
  0xe1c0, 0xe1c0, 0xe1c0, 0xe1c0, 0xe1c0, 0xe1c0, 0xe1c0, 0xe1c0,
  0xe1c0, 0xe1c0, 0xe1c0, 0xe1c0, 0xe1c0, 0xe1c0, 0xe1c0, 0xe1c0,
  0xe1c0, 0xe1c0, 0xe1c0, 0xe1c0, 0xe1c0, 0xe1c0, 0xe1c0, 0xe1c0,
  0xe1c0, 0xe1c0, 0xe1c0, 0xe1c0, 0xe1c0, 0xe1c0, 0xe1c0, 0xe1c0,
  0xe1c0, 0xe1c0, 0xe1c0, 0xe1c0, 0xe1c0, 0xe1c0, 0xe1c0, 0xe1c0,
  0xe1c0, 0xe1c0, 0xe1c0, 0xe1c0, 0xe1c0, 0xe1c0, 0xe1c0, 0xe1c0,
  0xe1c0, 0xe1c0, 0xe1c0, 0xe1c0, 0xe1c0, 0xe1c0, 0xe1c0, 0xe1c0,
  0xe1c0, 0xe1c0, 0xe1c0, 0xe1c0, 0xe1c0, 0xe1c0, 0xe1c0, 0xe1c0,
  0xe1c0, 0xe1c0, 0xe1c0, 0xe1c0, 0xe1c0, 0xe1c0, 0xe1c0, 0xe1c0,
  0xe1c0, 0xe1c0, 0xe1c0, 0xe1c0, 0xe1c0, 0xe1c0, 0xe1c0, 0xe1c0,
  0xe1c0, 0xe1c0, 0xe1c0, 0xe1c0, 0xe1c0, 0xe1c0, 0xe1c0, 0xe1c0,
  0xe1c0, 0xe1c0, 0xe1c0, 0xe1c0, 0xe1c0, 0xe1c0, 0xe1c0, 0xe1c0,
  0xe1c0, 0xe1c0, 0xe1c0, 0xe1c0, 0xe1c0, 0xe1c0, 0xe1c0, 0xe1c0,
  0xe1c0, 0xe1c0, 0xe1c0, 0xe1c0, 0xe1c0, 0xe1c0, 0xe1c0, 0xe1c0,
  0xe1c0, 0xe1c0, 0xe1c0, 0xe1c0, 0xe9c0, 0xe9c0, 0xe9c0, 0xe1c0,
  0xe1c0, 0xe1c0, 0xe1c0, 0xe1c0, 0xe1c0, 0xe1c0, 0xe1c0, 0xe1c0,
  0xe1c0, 0xe1c0, 0xe1c0, 0xe1c0, 0xe1c0, 0xe1c0, 0xe1c0, 0xe1c0,
  0xe1c0, 0xe1c0, 0xe1c0, 0xe1c0, 0xe1c0, 0xe1c0, 0xe1c0, 0xe1c0,
  0xe1c0, 0xe1c0, 0xe1c0, 0xe1c0, 0xe1c0, 0xe1c0, 0xe1c0, 0xe1c0,
  0xe1c0, 0xe1c0, 0xe1c0, 0xe1c0, 0xe1c0, 0xe1c0, 0xe1c0, 0xe1c0,
  0xe1c0, 0xe1c0, 0xe1c0, 0xe1c0, 0xe1c0, 0xe9c0, 0xe9c0, 0xe9c0,
  0xe9c0, 0xe9c0, 0xe1c0, 0xe1c0, 0xe1c0, 0xe9c0, 0xe9c0, 0xe1c0,
  0xe1c0, 0xe1c0, 0xe1c0, 0xe1c0, 0xe1c0, 0xe1c0, 0xe1c0, 0xe1c0,
  0xe1c0, 0xe1c0, 0xe1c0, 0xe1c0, 0xe1c0, 0xe1c0, 0xe1c0, 0xe1c0,
  0xe1c0, 0xe1c0, 0xe1c0, 0xe1c0, 0xe1c0, 0xe1c0, 0xe1c0, 0xe1c0,
  0xe1c0, 0xe9c0, 0xe1c0, 0xe1c0, 0xe1c0, 0xe1c0, 0xe1c0, 0xe1c0,
  0xe1c0, 0xe1c0, 0xe1c0, 0xe1c0, 0xe1c0, 0xe1c0, 0xe1c0, 0xe1c0,
  0xe1c0, 0xe1c0, 0xe1c0, 0xe1c0, 0xe1c0, 0xe1c0, 0xe1c0, 0xe1c0,
  0xe1c0, 0xe1c0, 0xe1c0, 0xe1c0, 0xe1c0, 0xe1c0, 0xe1c0, 0xe1c0,
  0xe1c0, 0xe1c0, 0xe1c0, 0xe1c0, 0xe1c0, 0xe1c0, 0xe1c0, 0xe1c0,
  0xe1c0, 0xe1c0, 0xe1c0, 0xe1c0, 0xe1c0, 0xe1c0, 0xe1c0, 0xe1c0,
  0xe1c0, 0xe1c0, 0xe1c0, 0xe1c0, 0xe1c0, 0xe1c0, 0xe1c0, 0xe1c0,
  0xe1c0, 0xe1c0, 0xe1c0, 0xe1c0, 0xe1c0, 0xe1c0, 0xe1c0, 0xe1c0,
  0xe1c0, 0xe1c0, 0xe1c0, 0xe1c0, 0xe1c0, 0xe1c0, 0xe1c0, 0xe1c0,
  0xe1c0, 0xe1c0, 0xe1c0, 0xe1c0, 0xe1c0, 0xe1c0, 0xe1c0, 0xe1c0,
  0xe1c0, 0xe1c0, 0xe1c0, 0xe1c0, 0xe1c0, 0xe1c0, 0xe1c0, 0xe1c0,
  0xe1c0, 0xe1c0, 0xe1c0, 0xe1c0, 0xe1c0, 0xe1c0, 0xe1c0, 0xe1c0,
  0xe1c0, 0xe1c0, 0xe1c0, 0xe1c0, 0xe1c0, 0xe1c0, 0xe1c0, 0xe1c0,
  0xe1c0, 0xe1c0, 0xe1c0, 0xe1c0, 0xe1c0, 0xe1c0, 0xe1c0, 0xe1c0,
  0xe1c0, 0xe1c0, 0xe1c0, 0xe1c0, 0xe1c0, 0xe1c0, 0xe1c0, 0xe1c0,
  0xe1c0, 0xe1c0, 0xe1c0, 0xe1c0, 0xe1c0, 0xe1c0, 0xe1c0, 0xe1c0,
  0xe1c0, 0xe1c0, 0xe1c0, 0xe1c0, 0xe1c0, 0xe1c0, 0xe1c0, 0xe1c0,
  0xe1c0, 0xe1c0, 0xe1c0, 0xe1c0, 0xe1c0, 0xe1c0, 0xe1c0, 0xe1c0,
  0xe1c0, 0xe1c0, 0xe1c0, 0xe1c0, 0xe1c0, 0xe1c0, 0xe1c0, 0xe1c0,
  0xe1c0, 0xe1c0, 0xe1c0, 0xe1c0, 0xe9c0, 0xe9c0, 0xe9c0, 0xe1c0,
  0xe1c0, 0xe1c0, 0xe9c0, 0xe1c0, 0xe1c0, 0xe1c0, 0xe1c0, 0xe1c0,
  0xe1c0, 0xe1c0, 0xe1c0, 0xe1c0, 0xe1c0, 0xe1c0, 0xe1c0, 0xe1c0,
  0xe1c0, 0xe1c0, 0xe1c0, 0xe1c0, 0xe1c0, 0xe1c0, 0xe1c0, 0xe1c0,
  0xe1c0, 0xe1c0, 0xe9c0, 0xe1c0, 0xe1c0, 0xe1c0, 0xe1c0, 0xe1c0,
  0xe1c0, 0xe1c0, 0xe1c0, 0xe1c0, 0xe1c0, 0xe1c0, 0xe1c0, 0xe1c0,
  0xe1c0, 0xe1c0, 0xe1c0, 0xe1c0, 0xe1c0, 0xe9c0, 0xe9c0, 0xe9c0,
  0xe9c0, 0xe9c0, 0xe1c0, 0xe1c0, 0xe1c0, 0xe9c0, 0xe9c0, 0xe1c0,
  0xe1c0, 0xe1c0, 0xe1c0, 0xe1c0, 0xe1c0, 0xe1c0, 0xe1c0, 0xe1c0,
  0xe1c0, 0xe1c0, 0xe1c0, 0xe1c0, 0xe1c0, 0xe1c0, 0xe1c0, 0xe1c0,
  0xe1a0, 0xe1a0, 0xe1c0, 0xe1c0, 0xe1c0, 0xe1c0, 0xe1c0, 0xe1c0,
  0xe1c0, 0xe1c0, 0xe1c0, 0xe1c0, 0xe1c0, 0xe1c0, 0xe1c0, 0xe1c0,
  0xe1c0, 0xe1c0, 0xe1c0, 0xe1c0, 0xe1c0, 0xe1c0, 0xe1c0, 0xe1c0,
  0xe1c0, 0xe1c0, 0xe1c0, 0xe1c0, 0xe1c0, 0xe1c0, 0xe1c0, 0xe1c0,
  0xe1c0, 0xe1c0, 0xe1c0, 0xe1c0, 0xe1c0, 0xe1c0, 0xe1c0, 0xe1c0,
  0xe1c0, 0xe1c0, 0xe1c0, 0xe1c0, 0xe1c0, 0xe1c0, 0xe1c0, 0xe1c0,
  0xe1c0, 0xe1c0, 0xe1c0, 0xe1c0, 0xe1c0, 0xe1c0, 0xe1c0, 0xe1c0,
  0xe1c0, 0xe1c0, 0xe1c0, 0xe1c0, 0xe1c0, 0xe1c0, 0xe1c0, 0xe1c0,
  0xe1c0, 0xe1c0, 0xe1c0, 0xe1c0, 0xe1c0, 0xe1c0, 0xe1c0, 0xe1c0,
  0xe1c0, 0xe1c0, 0xe1c0, 0xe1c0, 0xe1c0, 0xe1c0, 0xe1c0, 0xe1c0,
  0xe1c0, 0xe1c0, 0xe1c0, 0xe1c0, 0xe1c0, 0xe1c0, 0xe1c0, 0xe1c0,
  0xe1c0, 0xe1c0, 0xe1c0, 0xe1c0, 0xe1c0, 0xe1c0, 0xe1c0, 0xe1c0,
  0xe1c0, 0xe1c0, 0xe1c0, 0xe1c0, 0xe1c0, 0xe1c0, 0xe1c0, 0xe1c0,
  0xe1c0, 0xe1c0, 0xe1c0, 0xe1c0, 0xe1c0, 0xe1c0, 0xe1c0, 0xe1c0,
  0xe1c0, 0xe1c0, 0xe1c0, 0xe1c0, 0xe1c0, 0xe1c0, 0xe1c0, 0xe1c0,
  0xe1c0, 0xe1c0, 0xe1c0, 0xe1c0, 0xe1c0, 0xe1c0, 0xe1c0, 0xe1c0,
  0xe1c0, 0xe1c0, 0xe1c0, 0xe1c0, 0xe1c0, 0xe1c0, 0xe1c0, 0xe1c0,
  0xe1c0, 0xe1c0, 0xe1c0, 0xe1c0, 0xe1c0, 0xe1c0, 0xe1c0, 0xe1c0,
  0xe1c0, 0xe1c0, 0xe9c0, 0xe9c0, 0xe9c0, 0xe1c0, 0xe1c0, 0xe1c0,
  0xe1c0, 0xe1c0, 0xe1c0, 0xe1c0, 0xe1c0, 0xe1c0, 0xe1c0, 0xe1c0,
  0xe1c0, 0xe1c0, 0xe1c0, 0xe1c0, 0xe9c0, 0xe9c0, 0xe9c0, 0xe1c0,
  0xe1c0, 0xe1c0, 0xe1c0, 0xe1c0, 0xe1c0, 0xe1c0, 0xe1c0, 0xe1c0,
  0xe1c0, 0xe1c0, 0xe1c0, 0xe1c0, 0xe1c0, 0xe1c0, 0xe1c0, 0xe1c0,
  0xe1c0, 0xe1c0, 0xe1c0, 0xe1c0, 0xe1c0, 0xe1c0, 0xe1c0, 0xe1c0,
  0xe1c0, 0xe1c0, 0xe9c0, 0xe1c0, 0xe1c0, 0xe1c0, 0xe1c0, 0xe1c0,
  0xe1c0, 0xe1c0, 0xe1c0, 0xe1c0, 0xe1c0, 0xe1c0, 0xe1c0, 0xe1c0,
  0xe1c0, 0xe1c0, 0xe1c0, 0xe1c0, 0xe1c0, 0xe9c0, 0xe1c0, 0xe1c0,
  0xe1c0, 0xe1c0, 0xe1c0, 0xe1c0, 0xe1c0, 0xe1c0, 0xe1c0, 0xe1c0,
  0xe1c0, 0xe1c0, 0xe1c0, 0xe1c0, 0xe1c0, 0xe1c0, 0xe1c0, 0xe1c0,
  0xe1c0, 0xe1c0, 0xe1c0, 0xe1c0, 0xe1c0, 0xe1c0, 0xe1c0, 0xe1c0,
  0xe1c0, 0xe1c0, 0xe1c0, 0xe1c0, 0xe1c0, 0xe1c0, 0xe1c0, 0xe1c0,
  0xe1c0, 0xe1c0, 0xe1c0, 0xe1c0, 0xe1c0, 0xe1c0, 0xe1c0, 0xe1c0,
  0xe1c0, 0xe1c0, 0xe1c0, 0xe1c0, 0xe1c0, 0xe1c0, 0xe1c0, 0xe1c0,
  0xe1c0, 0xe1c0, 0xe1c0, 0xe1c0, 0xe1c0, 0xe1c0, 0xe1c0, 0xe1c0,
  0xe1c0, 0xe1c0, 0xe1c0, 0xe1c0, 0xe1c0, 0xe1c0, 0xe1c0, 0xe1c0,
  0xe1c0, 0xe1c0, 0xe1c0, 0xe1c0, 0xe1c0, 0xe1c0, 0xe1c0, 0xe1c0,
  0xe1c0, 0xe1c0, 0xe1c0, 0xe1c0, 0xe1c0, 0xe1c0, 0xe1c0, 0xe1c0,
  0xe1c0, 0xe1c0, 0xe1c0, 0xe1c0, 0xe1c0, 0xe1c0, 0xe1c0, 0xe1c0,
  0xe1c0, 0xe1c0, 0xe1c0, 0xe1c0, 0xe1c0, 0xe1c0, 0xe1c0, 0xe1c0,
  0xe1c0, 0xe1c0, 0xe1c0, 0xe1c0, 0xe1c0, 0xe1c0, 0xe1c0, 0xe1c0,
  0xe1c0, 0xe1c0, 0xe1c0, 0xe1c0, 0xe1c0, 0xe1c0, 0xe1c0, 0xe1c0,
  0xe1c0, 0xe1c0, 0xe1c0, 0xe1c0, 0xe1c0, 0xe1c0, 0xe1c0, 0xe1c0,
  0xe1c0, 0xe1c0, 0xe1c0, 0xe1c0, 0xe1c0, 0xe1c0, 0xe1c0, 0xe1c0,
  0xe1c0, 0xe1c0, 0xe1c0, 0xe1c0, 0xe1c0, 0xe1c0, 0xe1c0, 0xe1c0,
  0xe1c0, 0xe1c0, 0xe1c0, 0xe1c0, 0xe1c0, 0xe1c0, 0xe1c0, 0xe1c0,
  0xe1c0, 0xe1c0, 0xe1c0, 0xe1c0, 0xe1c0, 0xe1c0, 0xe1c0, 0xe1c0,
  0xe1c0, 0xe1c0, 0xe1c0, 0xe1c0, 0xe1c0, 0xe1c0, 0xe1c0, 0xe1c0,
  0xe1c0, 0xe1c0, 0xe1c0, 0xe1c0, 0xe1c0, 0xe1c0, 0xe1c0, 0xe1c0,
  0xe1c0, 0xe1c0, 0xe9c0, 0xe9c0, 0xe9c0, 0xe9c0, 0xe1c0, 0xe9c0,
  0xe1c0, 0xe1c0, 0xe1c0, 0xe1c0, 0xe1c0, 0xe1c0, 0xe1c0, 0xe1c0,
  0xe1c0, 0xe9c0, 0xe9c0, 0xe9c0, 0xe9c0, 0xe9c0, 0xe1c0, 0xe1c0,
  0xe1c0, 0xe1c0, 0xe1c0, 0xe1c0, 0xe1c0, 0xe1c0, 0xe1c0, 0xe1c0,
  0xe1c0, 0xe1c0, 0xe1c0, 0xe9c0, 0xe9c0, 0xe1c0, 0xe1c0, 0xe1c0,
  0xe9c0, 0xe9c0, 0xe9c0, 0xe9c0, 0xe9c0, 0xe9c0, 0xe9c0, 0xe9c0,
  0xe9c0, 0xe9c0, 0xe9c0, 0xe1c0, 0xe1c0, 0xe1c0, 0xe1c0, 0xe1c0,
  0xe1c0, 0xe1c0, 0xe1c0, 0xe1c0, 0xe1c0, 0xe1c0, 0xe1c0, 0xe1c0,
  0xe1c0, 0xe1c0, 0xe1c0, 0xe1c0, 0xe1c0, 0xe9c0, 0xe1c0, 0xe1c0,
  0xe1c0, 0xe1c0, 0xe1c0, 0xe1c0, 0xe1c0, 0xe1c0, 0xe1c0, 0xe1c0,
  0xe1c0, 0xe1c0, 0xe1c0, 0xe1c0, 0xe1c0, 0xe1c0, 0xe1c0, 0xe1c0,
  0xe9c0, 0xe1c0, 0xe1c0, 0xe1c0, 0xe1c0, 0xe1c0, 0xe1c0, 0xe1c0,
  0xe1c0, 0xe1c0, 0xe1c0, 0xe1c0, 0xe1c0, 0xe1c0, 0xe1c0, 0xe1c0,
  0xe1c0, 0xe1c0, 0xe1c0, 0xe1c0, 0xe9c0, 0xe9c0, 0xe1c0, 0xe1c0,
  0xe1c0, 0xe1c0, 0xe1c0, 0xe1c0, 0xe1c0, 0xe1c0, 0xe1c0, 0xe1c0,
  0xe1c0, 0xe1c0, 0xe1c0, 0xe1c0, 0xe1c0, 0xe1c0, 0xe1c0, 0xe1c0,
  0xe1c0, 0xe1c0, 0xe1c0, 0xe1c0, 0xe1c0, 0xe1c0, 0xe1c0, 0xe1c0,
  0xe1c0, 0xe1c0, 0xe1c0, 0xe1c0, 0xe1c0, 0xe1c0, 0xe1c0, 0xe1c0,
  0xe1c0, 0xe1c0, 0xe1c0, 0xe1c0, 0xe1c0, 0xe1c0, 0xe1c0, 0xe1c0,
  0xe1c0, 0xe1c0, 0xe1c0, 0xe1c0, 0xe1c0, 0xe1c0, 0xe1c0, 0xe1c0,
  0xe1c0, 0xe1c0, 0xe1c0, 0xe1c0, 0xe1c0, 0xe1c0, 0xe1c0, 0xe1c0,
  0xe1c0, 0xe1c0, 0xe1c0, 0xe1c0, 0xe1c0, 0xe1c0, 0xe1c0, 0xe1c0,
  0xe1c0, 0xe1c0, 0xe1c0, 0xe1c0, 0xe1c0, 0xe1c0, 0xe1c0, 0xe1c0,
  0xe1c0, 0xe1c0, 0xe1c0, 0xe1c0, 0xe1c0, 0xe1c0, 0xe1c0, 0xe1c0,
  0xe1c0, 0xe1c0, 0xe1c0, 0xe1c0, 0xe1c0, 0xe1c0, 0xe1c0, 0xe1c0,
  0xe1c0, 0xe1c0, 0xe1c0, 0xe1c0, 0xe1c0, 0xe1c0, 0xe1c0, 0xe1c0,
  0xe1c0, 0xe1c0, 0xe1c0, 0xe1c0, 0xe1c0, 0xe1c0, 0xe1c0, 0xe1c0,
  0xe1c0, 0xe1c0, 0xe1c0, 0xe1c0, 0xe1c0, 0xe1c0, 0xe1c0, 0xe1c0,
  0xe1c0, 0xe1c0, 0xe1c0, 0xe1c0, 0xe1c0, 0xe1c0, 0xe1c0, 0xe1c0,
  0xe1c0, 0xe1c0, 0xe1c0, 0xe1c0, 0xe1c0, 0xe1c0, 0xe1c0, 0xe1c0,
  0xe1c0, 0xe1c0, 0xe9c0, 0xe9c0, 0xe9c0, 0xe9c0, 0xe1c0, 0xe9c0,
  0xe1c0, 0xe1c0, 0xe1c0, 0xe1c0, 0xe1c0, 0xe1c0, 0xe1c0, 0xe1c0,
  0xe1c0, 0xe1c0, 0xe1c0, 0xe9c0, 0xe1c0, 0xe1c0, 0xe1c0, 0xe1c0,
  0xe1c0, 0xe1c0, 0xe1c0, 0xe1c0, 0xe1c0, 0xe1c0, 0xe1c0, 0xe1c0,
  0xe1c0, 0xe1c0, 0xe1c0, 0xe1c0, 0xe1c0, 0xe1c0, 0xe1c0, 0xe1c0,
  0xe1c0, 0xe9c0, 0xe9c0, 0xe9c0, 0xe9c0, 0xe9c0, 0xe1c0, 0xe1c0,
  0xe1c0, 0xe1c0, 0xe9c0, 0xe1c0, 0xe1c0, 0xe1c0, 0xe1c0, 0xe1c0,
  0xe1c0, 0xe1c0, 0xe1c0, 0xe1c0, 0xe1c0, 0xe1c0, 0xe1c0, 0xe1c0,
  0xe1c0, 0xe1c0, 0xe1c0, 0xe1c0, 0xe1c0, 0xe1c0, 0xe1c0, 0xe1c0,
  0xe1c0, 0xe1c0, 0xe1c0, 0xe1c0, 0xe1c0, 0xe1c0, 0xe1c0, 0xe1c0,
  0xe1c0, 0xe1c0, 0xe1c0, 0xe1c0, 0xe1c0, 0xe1c0, 0xe1c0, 0xe1c0,
  0xe9c0, 0xe1c0, 0xe1c0, 0xe1c0, 0xe1c0, 0xe1c0, 0xe1c0, 0xe1c0,
  0xe1c0, 0xe1c0, 0xe1c0, 0xe1c0, 0xe1c0, 0xe1c0, 0xe1c0, 0xe1c0,
  0xe1c0, 0xe1c0, 0xe1c0, 0xe1c0, 0xe1c0, 0xe9c0, 0xe1c0, 0xe1c0,
  0xe1c0, 0xe1c0, 0xe1c0, 0xe1c0, 0xe1c0, 0xe1c0, 0xe1c0, 0xe1c0,
  0xe1c0, 0xe1c0, 0xe1c0, 0xe1c0, 0xe1c0, 0xe1c0, 0xe1c0, 0xe1c0,
  0xe1c0, 0xe1c0, 0xe1c0, 0xe1c0, 0xe1c0, 0xe1c0, 0xe1c0, 0xe1c0,
  0xe1c0, 0xe1c0, 0xe1c0, 0xe1c0, 0xe1c0, 0xe1c0, 0xe1c0, 0xe1c0,
  0xe1c0, 0xe1c0, 0xe1c0, 0xe1c0, 0xe1c0, 0xe1c0, 0xe1c0, 0xe1c0,
  0xe1c0, 0xe1c0, 0xe1c0, 0xe1c0, 0xe1c0, 0xe1c0, 0xe1c0, 0xe1c0,
  0xe1c0, 0xe1c0, 0xe1c0, 0xe1c0, 0xe1c0, 0xe1c0, 0xe1c0, 0xe1c0,
  0xe1c0, 0xe1c0, 0xe1c0, 0xe1c0, 0xe1c0, 0xe1c0, 0xe1c0, 0xe1c0,
  0xe1c0, 0xe1c0, 0xe1c0, 0xe1c0, 0xe1c0, 0xe1c0, 0xe1c0, 0xe1c0,
  0xe1c0, 0xe1c0, 0xe1c0, 0xe1c0, 0xe1c0, 0xe1c0, 0xe1c0, 0xe1c0,
  0xe1c0, 0xe1c0, 0xe1c0, 0xe1c0, 0xe1c0, 0xe1c0, 0xe1c0, 0xe1c0,
  0xe1c0, 0xe1c0, 0xe1c0, 0xe1c0, 0xe1c0, 0xe1c0, 0xe1c0, 0xe1c0,
  0xe1c0, 0xe1c0, 0xe1c0, 0xe1c0, 0xe1c0, 0xe1c0, 0xe1c0, 0xe1c0,
  0xe1c0, 0xe1c0, 0xe1c0, 0xe1c0, 0xe1c0, 0xe1c0, 0xe1c0, 0xe1c0,
  0xe1c0, 0xe1c0, 0xe1c0, 0xe1c0, 0xe1c0, 0xe1c0, 0xe1c0, 0xe1c0,
  0xe1c0, 0xe1c0, 0xe1c0, 0xe1c0, 0xe1c0, 0xe1c0, 0xe1c0, 0xe1c0,
  0xe1c0, 0xe1c0, 0xe9c0, 0xe1c0, 0xe1c0, 0xe9c0, 0xe9c0, 0xe9c0,
  0xe9c0, 0xe1c0, 0xe1c0, 0xe1c0, 0xe1c0, 0xe1c0, 0xe1c0, 0xe1c0,
  0xe1c0, 0xe1c0, 0xe1c0, 0xe1c0, 0xe1c0, 0xe1c0, 0xe1c0, 0xe1c0,
  0xe1c0, 0xe1c0, 0xe1c0, 0xe1c0, 0xe1c0, 0xe1c0, 0xe1c0, 0xe9c0,
  0xe1c0, 0xe1c0, 0xe1c0, 0xe1c0, 0xe1c0, 0xe1c0, 0xe1c0, 0xe1c0,
  0xe1c0, 0xe9c0, 0xe9c0, 0xe9c0, 0xe9c0, 0xe9c0, 0xe1c0, 0xe1c0,
  0xe1c0, 0xe1c0, 0xe9c0, 0xe1c0, 0xe1c0, 0xe1c0, 0xe1c0, 0xe1c0,
  0xe1c0, 0xe1c0, 0xe1c0, 0xe1c0, 0xe1c0, 0xe1c0, 0xe1c0, 0xe1c0,
  0xe1c0, 0xe9c0, 0xe9c0, 0xe9c0, 0xe9c0, 0xe1c0, 0xe1c0, 0xe1c0,
  0xe1c0, 0xe1c0, 0xe1c0, 0xe1c0, 0xe1c0, 0xe1c0, 0xe1c0, 0xe1c0,
  0xe1c0, 0xe1c0, 0xe1c0, 0xe1c0, 0xe1c0, 0xe1c0, 0xe1c0, 0xe1c0,
  0xe1c0, 0xe1c0, 0xe1c0, 0xe1c0, 0xe1c0, 0xe1c0, 0xe1c0, 0xe1c0,
  0xe1c0, 0xe1c0, 0xe1c0, 0xe1c0, 0xe1c0, 0xe1c0, 0xe1c0, 0xe1c0,
  0xe1c0, 0xe1c0, 0xe1c0, 0xe1c0, 0xe1c0, 0xe1c0, 0xe1c0, 0xe1c0,
  0xe1c0, 0xe1c0, 0xe1c0, 0xe1c0, 0xe1c0, 0xe1c0, 0xe1c0, 0xe1c0,
  0xe1c0, 0xe1c0, 0xe1c0, 0xe1c0, 0xe1c0, 0xe1c0, 0xe1c0, 0xe1c0,
  0xe1c0, 0xe1c0, 0xe1c0, 0xe1c0, 0xe1c0, 0xe1c0, 0xe1c0, 0xe1c0,
  0xe1c0, 0xe1c0, 0xe1c0, 0xe1c0, 0xe1c0, 0xe1c0, 0xe1c0, 0xe1c0,
  0xe1c0, 0xe1c0, 0xe1c0, 0xe1c0, 0xe1c0, 0xe1c0, 0xe1c0, 0xe1c0,
  0xe1c0, 0xe1c0, 0xe1c0, 0xe1c0, 0xe1c0, 0xe1c0, 0xe1c0, 0xe1c0,
  0xe1c0, 0xe1c0, 0xe1c0, 0xe1c0, 0xe1c0, 0xe1c0, 0xe1c0, 0xe1c0,
  0xe1c0, 0xe1c0, 0xe1c0, 0xe1c0, 0xe1c0, 0xe1c0, 0xe1c0, 0xe1c0,
  0xe1c0, 0xe1c0, 0xe1c0, 0xe1c0, 0xe1c0, 0xe1c0, 0xe1c0, 0xe1c0,
  0xe1c0, 0xe1c0, 0xe1c0, 0xe1c0, 0xe1c0, 0xe1c0, 0xe1c0, 0xe1c0,
  0xe1c0, 0xe1c0, 0xe1c0, 0xe1c0, 0xe1c0, 0xe1c0, 0xe1c0, 0xe1c0,
  0xe1c0, 0xe1c0, 0xe1c0, 0xe1c0, 0xe1c0, 0xe1c0, 0xe1c0, 0xe1c0,
  0xe1c0, 0xe1c0, 0xe1c0, 0xe1c0, 0xe1c0, 0xe1c0, 0xe1c0, 0xe1c0,
  0xe1c0, 0xe1c0, 0xe1c0, 0xe1c0, 0xe1c0, 0xe1c0, 0xe1c0, 0xe1c0,
  0xe1c0, 0xe1c0, 0xe1c0, 0xe1c0, 0xe1c0, 0xe1c0, 0xe1c0, 0xe1c0,
  0xe1c0, 0xe1c0, 0xe1c0, 0xe1c0, 0xe1c0, 0xe1c0, 0xe1c0, 0xe1c0,
  0xe1c0, 0xe1c0, 0xe1c0, 0xe1c0, 0xe1c0, 0xe1c0, 0xe1c0, 0xe1c0,
  0xe1c0, 0xe1c0, 0xe1c0, 0xe1c0, 0xe1c0, 0xe1c0, 0xe1c0, 0xe1c0,
  0xe1c0, 0xe1c0, 0xe1c0, 0xe1c0, 0xe1c0, 0xe1c0, 0xe1c0, 0xe1c0,
  0xe1c0, 0xe1c0, 0xe1c0, 0xe1c0, 0xe1c0, 0xe1c0, 0xe1c0, 0xe1c0,
  0xe1c0, 0xe1c0, 0xe1c0, 0xe1c0, 0xe1c0, 0xe1c0, 0xe1c0, 0xe1c0,
  0xe1c0, 0xe1c0, 0xe9c0, 0xe9c0, 0xe9c0, 0xe1c0, 0xe1c0, 0xe1c0,
  0xe1c0, 0xe1c0, 0xe1c0, 0xe1c0, 0xe1c0, 0xe1c0, 0xe1c0, 0xe1c0,
  0xe1c0, 0xe1c0, 0xe1c0, 0xe1c0, 0xe1c0, 0xe1c0, 0xe1c0, 0xe1c0,
  0xe1c0, 0xe9c0, 0xe9c0, 0xe9c0, 0xe1c0, 0xe1c0, 0xe1c0, 0xe1c0,
  0xe1c0, 0xe1c0, 0xe1c0, 0xe1c0, 0xe1c0, 0xe1c0, 0xe1c0, 0xe1c0,
  0xe1c0, 0xe1c0, 0xe1c0, 0xe1c0, 0xe1c0, 0xe1c0, 0xe1c0, 0xe1c0,
  0xe1c0, 0xe1c0, 0xe9c0, 0xe1c0, 0xe1c0, 0xe1c0, 0xe1c0, 0xe1c0,
  0xe1c0, 0xe1c0, 0xe1c0, 0xe1c0, 0xe1c0, 0xe1c0, 0xe1c0, 0xe1c0,
  0xe1c0, 0xe1c0, 0xe1c0, 0xe1c0, 0xe1c0, 0xe1c0, 0xe1c0, 0xe1c0,
  0xe1c0, 0xe1c0, 0xe1c0, 0xe1c0, 0xe1c0, 0xe1c0, 0xe1c0, 0xe1c0,
  0xe1c0, 0xe1c0, 0xe1c0, 0xe1c0, 0xe1c0, 0xe1c0, 0xe1c0, 0xe1c0,
  0xe1c0, 0xe1c0, 0xe1c0, 0xe1c0, 0xe1c0, 0xe1c0, 0xe1c0, 0xe1c0,
  0xe1c0, 0xe1c0, 0xe1c0, 0xe1c0, 0xe1c0, 0xe1c0, 0xe1c0, 0xe1c0,
  0xe1c0, 0xe1c0, 0xe1c0, 0xe1c0, 0xe1c0, 0xe1c0, 0xe1c0, 0xe1c0,
  0xe1c0, 0xe1c0, 0xe1c0, 0xe1c0, 0xe1c0, 0xe1c0, 0xe1c0, 0xe1c0,
  0xe1c0, 0xe1c0, 0xe1c0, 0xe1c0, 0xe1c0, 0xe1c0, 0xe1c0, 0xe1c0,
  0xe1c0, 0xe1c0, 0xe1c0, 0xe1c0, 0xe1c0, 0xe1c0, 0xe1c0, 0xe1c0,
  0xe1c0, 0xe1c0, 0xe1c0, 0xe1c0, 0xe1c0, 0xe1c0, 0xe1c0, 0xe1c0,
  0xe1c0, 0xe1c0, 0xe1c0, 0xe1c0, 0xe1c0, 0xe1c0, 0xe1c0, 0xe1c0,
  0xe1c0, 0xe1c0, 0xe1c0, 0xe1c0, 0xe1c0, 0xe1c0, 0xe1c0, 0xe1c0,
  0xe1c0, 0xe1c0, 0xe1c0, 0xe1c0, 0xe1c0, 0xe1c0, 0xe1c0, 0xe1c0,
  0xe1c0, 0xe1c0, 0xe1c0, 0xe1c0, 0xe1c0, 0xe1c0, 0xe1c0, 0xe1c0,
  0xe1c0, 0xe1c0, 0xe1c0, 0xe1c0, 0xe1c0, 0xe1c0, 0xe1c0, 0xe1c0,
  0xe1c0, 0xe1c0, 0xe1c0, 0xe1c0, 0xe1c0, 0xe1c0, 0xe1c0, 0xe1c0,
  0xe1c0, 0xe1c0, 0xe1c0, 0xe1c0, 0xe1c0, 0xe1c0, 0xe1c0, 0xe1c0,
  0xe1c0, 0xe1c0, 0xe1c0, 0xe1c0, 0xe1c0, 0xe1c0, 0xe1c0, 0xe1c0,
  0xe1c0, 0xe1c0, 0xe1c0, 0xe1c0, 0xe1c0, 0xe1c0, 0xe1c0, 0xe1c0,
  0xe1c0, 0xe1c0, 0xe1c0, 0xe1c0, 0xe1c0, 0xe1c0, 0xe1c0, 0xe1c0,
  0xe9c0, 0xe9c0, 0xe9c0, 0xe1c0, 0xe1c0, 0xe1c0, 0xe1c0, 0xe1c0,
  0xe1c0, 0xe1c0, 0xe1c0, 0xe1c0, 0xe1c0, 0xe1c0, 0xe1c0, 0xe1c0,
  0xe1c0, 0xe9c0, 0xe9c0, 0xe9c0, 0xe9c0, 0xe1c0, 0xe1c0, 0xe1c0,
  0xe1c0, 0xe1c0, 0xe1c0, 0xe1c0, 0xe1c0, 0xe1c0, 0xe1c0, 0xe1c0,
  0xe1c0, 0xe1c0, 0xe1c0, 0xe1c0, 0xe1c0, 0xe1c0, 0xe1c0, 0xe1c0,
  0xe1c0, 0xe9c0, 0xe9c0, 0xe9c0, 0xe1c0, 0xe1c0, 0xe1c0, 0xe1c0,
  0xe1c0, 0xe1c0, 0xe1c0, 0xe1c0, 0xe1c0, 0xe1c0, 0xe1c0, 0xe1c0,
  0xe1c0, 0xe1c0, 0xe1c0, 0xe1c0, 0xe1c0, 0xe1c0, 0xe1c0, 0xe1c0,
  0xe1c0, 0xe9c0, 0xe9c0, 0xe1c0, 0xe1c0, 0xe1c0, 0xe1c0, 0xe1c0,
  0xe1c0, 0xe1c0, 0xe1c0, 0xe9c0, 0xe1c0, 0xe1c0, 0xe1c0, 0xe1c0,
  0xe1c0, 0xe1c0, 0xe1c0, 0xe1c0, 0xe1c0, 0xe1c0, 0xe1c0, 0xe1c0,
  0xe1c0, 0xe1c0, 0xe1c0, 0xe1c0, 0xe1c0, 0xe1c0, 0xe1c0, 0xe1c0,
  0xe1c0, 0xe1c0, 0xe1c0, 0xe1c0, 0xe1c0, 0xe1c0, 0xe1c0, 0xe1c0,
  0xe1c0, 0xe1c0, 0xe1c0, 0xe1c0, 0xe1c0, 0xe1c0, 0xe1c0, 0xe1c0,
  0xe1c0, 0xe1c0, 0xe1c0, 0xe1c0, 0xe1c0, 0xe1c0, 0xe1c0, 0xe1c0,
  0xe1c0, 0xe1c0, 0xe1c0, 0xe1c0, 0xe1c0, 0xe1c0, 0xe1c0, 0xe1c0,
  0xe1c0, 0xe1c0, 0xe1c0, 0xe1c0, 0xe1c0, 0xe1c0, 0xe1c0, 0xe1c0,
  0xe1c0, 0xe1c0, 0xe1c0, 0xe1c0, 0xe1c0, 0xe1c0, 0xe1c0, 0xe1c0,
  0xe1c0, 0xe1c0, 0xe1c0, 0xe1c0, 0xe1c0, 0xe1c0, 0xe1c0, 0xe1c0,
  0xe1c0, 0xe1c0, 0xe1c0, 0xe1c0, 0xe1c0, 0xe1c0, 0xe1c0, 0xe1c0,
  0xe1c0, 0xe1c0, 0xe1c0, 0xe1c0, 0xe1c0, 0xe1c0, 0xe1c0, 0xe1c0,
  0xe1c0, 0xe1c0, 0xe1c0, 0xe1c0, 0xe1c0, 0xe1c0, 0xe1c0, 0xe1c0,
  0xe1c0, 0xe1c0, 0xe1c0, 0xe1c0, 0xe1c0, 0xe1c0, 0xe1c0, 0xe1c0,
  0xe1c0, 0xe1c0, 0xe1c0, 0xe1c0, 0xe1c0, 0xe1c0, 0xe1c0, 0xe1c0,
  0xe1c0, 0xe1c0, 0xe1c0, 0xe1c0, 0xe1c0, 0xe1c0, 0xe1c0, 0xe1c0,
  0xe1c0, 0xe1c0, 0xe1c0, 0xe1c0, 0xe1c0, 0xe1c0, 0xe1c0, 0xe1c0,
  0xe1c0, 0xe1c0, 0xe1c0, 0xe1c0, 0xe1c0, 0xe1c0, 0xe1c0, 0xe1c0,
  0xe1c0, 0xe1c0, 0xe1c0, 0xe1c0, 0xe1c0, 0xe1c0, 0xe1c0, 0xe1c0,
  0xe1c0, 0xe1c0, 0xe1c0, 0xe1c0, 0xe1c0, 0xe1c0, 0xe1c0, 0xe1c0,
  0xe1c0, 0xe1c0, 0xe1c0, 0xe1c0, 0xe1c0, 0xe1c0, 0xe1c0, 0xe1c0,
  0xe1c0, 0xe1c0, 0xe1c0, 0xe1c0, 0xe1c0, 0xe1c0, 0xe1c0, 0xe1c0,
  0xe1c0, 0xe1c0, 0xe1c0, 0xe1c0, 0xe1c0, 0xe1c0, 0xe1c0, 0xe9c0,
  0xe9c0, 0xe9c0, 0xe9c0, 0xe1c0, 0xe1c0, 0xe1a0, 0xe1c0, 0xe1c0,
  0xe1c0, 0xe1c0, 0xe1c0, 0xe1c0, 0xe1c0, 0xe1c0, 0xe1c0, 0xe1c0,
  0xe1c0, 0xe1c0, 0xe1c0, 0xe1c0, 0xe1c0, 0xe1c0, 0xe1c0, 0xe9c0,
  0xe1c0, 0xe1c0, 0xe1c0, 0xe1c0, 0xe1c0, 0xe1c0, 0xe1c0, 0xe1c0,
  0xe1c0, 0xe1c0, 0xe1c0, 0xe1c0, 0xe1c0, 0xe1c0, 0xe1c0, 0xe1c0,
  0xe1c0, 0xe1c0, 0xe1c0, 0xe1c0, 0xe1c0, 0xe1c0, 0xe1c0, 0xe1c0,
  0xe1c0, 0xe1c0, 0xe1c0, 0xe1c0, 0xe1c0, 0xe1c0, 0xe1c0, 0xe9c0,
  0xe1c0, 0xe1c0, 0xe1c0, 0xe1c0, 0xe1c0, 0xe1c0, 0xe1c0, 0xe1c0,
  0xe1c0, 0xe1c0, 0xe1c0, 0xe1c0, 0xe1c0, 0xe1c0, 0xe1c0, 0xe1c0,
  0xe1c0, 0xe1c0, 0xe1c0, 0xe1c0, 0xe1c0, 0xe1c0, 0xe1c0, 0xe1c0,
  0xe1c0, 0xe1c0, 0xe1c0, 0xe1c0, 0xe1c0, 0xe1c0, 0xe1c0, 0xe1c0,
  0xe1c0, 0xe1c0, 0xe1c0, 0xe1c0, 0xe1c0, 0xe1c0, 0xe1c0, 0xe1c0,
  0xe1c0, 0xe1c0, 0xe1c0, 0xe1c0, 0xe1c0, 0xe1c0, 0xe1c0, 0xe1c0,
  0xe1c0, 0xe1c0, 0xe1c0, 0xe1c0, 0xe1c0, 0xe1c0, 0xe1c0, 0xe1c0,
  0xe1c0, 0xe1c0, 0xe1c0, 0xe1c0, 0xe1c0, 0xe1c0, 0xe1c0, 0xe1c0,
  0xe1c0, 0xe1c0, 0xe1c0, 0xe1c0, 0xe1c0, 0xe1c0, 0xe1c0, 0xe1c0,
  0xe1c0, 0xe1c0, 0xe1c0, 0xe1c0, 0xe1c0, 0xe1c0, 0xe1c0, 0xe1c0,
  0xe1c0, 0xe1c0, 0xe1c0, 0xe1c0, 0xe1c0, 0xe1c0, 0xe1c0, 0xe1c0,
  0xe1c0, 0xe1c0, 0xe1c0, 0xe1c0, 0xe1c0, 0xe1c0, 0xe1c0, 0xe1c0,
  0xe1c0, 0xe1c0, 0xe1c0, 0xe1c0, 0xe1c0, 0xe1c0, 0xe1c0, 0xe1c0,
  0xe1c0, 0xe1c0, 0xe1c0, 0xe1c0, 0xe1c0, 0xe1c0, 0xe1c0, 0xe1c0,
  0xe1c0, 0xe1c0, 0xe1c0, 0xe1c0, 0xe1c0, 0xe1c0, 0xe1c0, 0xe1c0,
  0xe1c0, 0xe1c0, 0xe1c0, 0xe1c0, 0xe1c0, 0xe1c0, 0xe1c0, 0xe1c0,
  0xe1c0, 0xe1c0, 0xe1c0, 0xe1c0, 0xe1c0, 0xe1c0, 0xe1c0, 0xe1c0,
  0xe1c0, 0xe1c0, 0xe1c0, 0xe1c0, 0xe1c0, 0xe1c0, 0xe1c0, 0xe1c0,
  0xe1c0, 0xe1c0, 0xe1c0, 0xe1c0, 0xe1c0, 0xe1c0, 0xe1c0, 0xe1c0,
  0xe1c0, 0xe1c0, 0xe1c0, 0xe1c0, 0xe1c0, 0xe1c0, 0xe1c0, 0xe1c0,
  0xe1c0, 0xe1c0, 0xe1c0, 0xe1c0, 0xe1c0, 0xe1c0, 0xe1c0, 0xe1c0,
  0xe1c0, 0xe1c0, 0xe1c0, 0xe1c0, 0xe1c0, 0xe1c0, 0xe1c0, 0xe1c0,
  0xe1c0, 0xe1c0, 0xe1c0, 0xe1c0, 0xe1c0, 0xe1c0, 0xe1c0, 0xe1c0,
  0xe1c0, 0xe1c0, 0xe1c0, 0xe1c0, 0xe1c0, 0xe1a0, 0xe1c0, 0xe1c0,
  0xe1c0, 0xe1a0, 0xe1c0, 0xe1c0, 0xe1c0, 0xe1c0, 0xe1c0, 0xe1c0,
  0xe1c0, 0xe1c0, 0xe1c0, 0xe1c0, 0xe1c0, 0xe1c0, 0xe1c0, 0xe1c0,
  0xe1c0, 0xe1c0, 0xe1c0, 0xe1c0, 0xe1c0, 0xe1c0, 0xe1c0, 0xe1c0,
  0xe1c0, 0xe1c0, 0xe1c0, 0xe1c0, 0xe1c0, 0xe1c0, 0xe1c0, 0xe1c0,
  0xe1c0, 0xe1c0, 0xe1c0, 0xe1c0, 0xe1c0, 0xe1c0, 0xe1c0, 0xe1c0,
  0xe1c0, 0xe1c0, 0xe1c0, 0xe1c0, 0xe1c0, 0xe1c0, 0xe1c0, 0xe1c0,
  0xe1c0, 0xe1c0, 0xe1c0, 0xe1c0, 0xe1c0, 0xe1c0, 0xe1c0, 0xe1c0,
  0xe1c0, 0xe1c0, 0xe1c0, 0xe1c0, 0xe1c0, 0xe1c0, 0xe1c0, 0xe1c0,
  0xe1c0, 0xe1c0, 0xe1c0, 0xe1c0, 0xe1c0, 0xe1c0, 0xe1c0, 0xe1c0,
  0xe1c0, 0xe1c0, 0xe1c0, 0xe1c0, 0xe1c0, 0xe1c0, 0xe1c0, 0xe1c0,
  0xe1c0, 0xe1c0, 0xe1c0, 0xe1c0, 0xe1c0, 0xe1c0, 0xe1c0, 0xe1c0,
  0xe1c0, 0xe1c0, 0xe1c0, 0xe1c0, 0xe1c0, 0xe1c0, 0xe1c0, 0xe1c0,
  0xe1c0, 0xe1c0, 0xe1c0, 0xe1c0, 0xe1c0, 0xe1c0, 0xe1c0, 0xe1c0,
  0xe1c0, 0xe1c0, 0xe1c0, 0xe1c0, 0xe1c0, 0xe1c0, 0xe1c0, 0xe1c0,
  0xe1c0, 0xe1c0, 0xe1c0, 0xe1c0, 0xe1c0, 0xe1c0, 0xe1c0, 0xe1c0,
  0xe1c0, 0xe1c0, 0xe1c0, 0xe1c0, 0xe1c0, 0xe1c0, 0xe1c0, 0xe1c0,
  0xe1c0, 0xe1c0, 0xe1c0, 0xe1c0, 0xe1c0, 0xe1c0, 0xe1c0, 0xe1c0,
  0xe1c0, 0xe1c0, 0xe1c0, 0xe1c0, 0xe1c0, 0xe1c0, 0xe1c0, 0xe1c0,
  0xe1c0, 0xe1c0, 0xe1c0, 0xe1c0, 0xe1c0, 0xe1c0, 0xe1c0, 0xe1c0,
  0xe1c0, 0xe1c0, 0xe1c0, 0xe1c0, 0xe1c0, 0xe1c0, 0xe1c0, 0xe1c0,
  0xe1c0, 0xe1c0, 0xe1c0, 0xe1c0, 0xe1c0, 0xe1c0, 0xe1c0, 0xe1c0,
  0xe1c0, 0xe1c0, 0xe1c0, 0xe1c0, 0xe1c0, 0xe1c0, 0xe1c0, 0xe1c0,
  0xe1c0, 0xe1c0, 0xe1c0, 0xe1c0, 0xe1c0, 0xe1c0, 0xe1c0, 0xe1c0,
  0xe1c0, 0xe1c0, 0xe1c0, 0xe1c0, 0xe1c0, 0xe1c0, 0xe1c0, 0xe1c0,
  0xe1c0, 0xe1c0, 0xe1c0, 0xe1c0, 0xe1c0, 0xe1c0, 0xe1c0, 0xe1c0,
  0xe1c0, 0xe1c0, 0xe1c0, 0xe1c0, 0xe1c0, 0xe1c0, 0xe1c0, 0xe1c0,
  0xe1c0, 0xe1c0, 0xe1c0, 0xe1c0, 0xe1c0, 0xe1c0, 0xe1c0, 0xe1c0,
  0xe1c0, 0xe1c0, 0xe1c0, 0xe1c0, 0xe1c0, 0xe1c0, 0xe1c0, 0xe1c0,
  0xe1c0, 0xe1c0, 0xe1c0, 0xe1c0, 0xe1c0, 0xe1c0, 0xe1c0, 0xe1c0,
  0xe1c0, 0xe1c0, 0xe1c0, 0xe1c0, 0xe1c0, 0xe1a0, 0xe1c0, 0xe1c0,
  0xe1c0, 0xe1a0, 0xe1c0, 0xe1c0, 0xe1c0, 0xe1c0, 0xe1c0, 0xe1c0,
  0xe1c0, 0xe1c0, 0xe1c0, 0xe1c0, 0xe1c0, 0xe1c0, 0xe1c0, 0xe1c0,
  0xe1c0, 0xe1c0, 0xe1c0, 0xe1c0, 0xe1c0, 0xe1c0, 0xe1c0, 0xe1c0,
  0xe1c0, 0xe1c0, 0xe1c0, 0xe1c0, 0xe1c0, 0xe1c0, 0xe1c0, 0xe1c0,
  0xe1c0, 0xe1c0, 0xe1c0, 0xe1c0, 0xe1c0, 0xe1c0, 0xe1c0, 0xe1c0,
  0xe1c0, 0xe1c0, 0xe1c0, 0xe1c0, 0xe1c0, 0xe1c0, 0xe1c0, 0xe1c0,
  0xe1c0, 0xe1c0, 0xe1c0, 0xe1c0, 0xe1c0, 0xe1c0, 0xe1c0, 0xe1c0,
  0xe1c0, 0xe1c0, 0xe1c0, 0xe1c0, 0xe1c0, 0xe1c0, 0xe1c0, 0xe1c0,
  0xe1c0, 0xe1c0, 0xe1c0, 0xe1c0, 0xe1c0, 0xe1c0, 0xe1c0, 0xe1c0,
  0xe1c0, 0xe1c0, 0xe1c0, 0xe1c0, 0xe1c0, 0xe1c0, 0xe1c0, 0xe1c0,
  0xe1c0, 0xe1c0, 0xe1c0, 0xe1c0, 0xe1c0, 0xe1c0, 0xe1c0, 0xe1c0,
  0xe1c0, 0xe1c0, 0xe1c0, 0xe1c0, 0xe1c0, 0xe1c0, 0xe1c0, 0xe1c0,
  0xe1c0, 0xe1c0, 0xe1c0, 0xe1c0, 0xe1c0, 0xe1c0, 0xe1c0, 0xe1c0,
  0xe1c0, 0xe1c0, 0xe1c0, 0xe1c0, 0xe1c0, 0xe1c0, 0xe1c0, 0xe1c0,
  0xe1c0, 0xe1c0, 0xe1c0, 0xe1c0, 0xe1c0, 0xe1c0, 0xe1c0, 0xe1c0,
  0xe1c0, 0xe1c0, 0xe1c0, 0xe1c0, 0xe1c0, 0xe1c0, 0xe1c0, 0xe1c0,
  0xe1c0, 0xe1c0, 0xe1c0, 0xe1c0, 0xe1c0, 0xe1c0, 0xe1c0, 0xe1c0,
  0xe1c0, 0xe1c0, 0xe1c0, 0xe1c0, 0xe1c0, 0xe1c0, 0xe1c0, 0xe1c0,
  0xe1c0, 0xe1c0, 0xe1c0, 0xe1c0, 0xe1c0, 0xe1c0, 0xe1c0, 0xe1c0,
  0xe1c0, 0xe1c0, 0xe1c0, 0xe1c0, 0xe1c0, 0xe1c0, 0xe1c0, 0xe1c0,
  0xe1c0, 0xe1c0, 0xe1c0, 0xe1c0, 0xe1c0, 0xe1c0, 0xe1c0, 0xe1c0,
  0xe1c0, 0xe1c0, 0xe1c0, 0xe1c0, 0xe1c0, 0xe1c0, 0xe1c0, 0xe1c0,
  0xe1c0, 0xe1c0, 0xe1c0, 0xe1c0, 0xe1c0, 0xe1c0, 0xe1c0, 0xe1c0,
  0xe1c0, 0xe1c0, 0xe1c0, 0xe1c0, 0xe1c0, 0xe1c0, 0xe1c0, 0xe1c0,
  0xe1c0, 0xe1c0, 0xe1c0, 0xe1c0, 0xe1c0, 0xe1c0, 0xe1c0, 0xe1c0,
  0xe1c0, 0xe1c0, 0xe1c0, 0xe1c0, 0xe1c0, 0xe1c0, 0xe1c0, 0xe1c0,
  0xe1c0, 0xe1c0, 0xe1c0, 0xe1c0, 0xe1c0, 0xe1c0, 0xe1c0, 0xe1c0,
  0xe1c0, 0xe1c0, 0xe1c0, 0xe1c0, 0xe1c0, 0xe1c0, 0xe1c0, 0xe1c0,
  0xe1c0, 0xe1c0, 0xe1c0, 0xe9c0, 0xe9c0, 0xe1c0, 0xe1c0, 0xe1c0,
  0xe1c0, 0xe9c0, 0xe1c0, 0xe1c0, 0xe1c0, 0xe1c0, 0xe1c0, 0xe1c0,
  0xe1c0, 0xe1a0, 0xe1c0, 0xe1c0, 0xe1c0, 0xe1c0, 0xe1c0, 0xe1c0,
  0xe1c0, 0xe1c0, 0xe1c0, 0xe1c0, 0xe1c0, 0xe1c0, 0xe1c0, 0xe1c0,
  0xe1c0, 0xe1c0, 0xe1c0, 0xe1c0, 0xe1c0, 0xe1c0, 0xe1c0, 0xe1c0,
  0xe1c0, 0xe1c0, 0xe1c0, 0xe1c0, 0xe1c0, 0xe1c0, 0xe1c0, 0xe1c0,
  0xe1c0, 0xe1c0, 0xe1c0, 0xe1c0, 0xe1c0, 0xe1c0, 0xe1c0, 0xe1c0,
  0xe1c0, 0xe1c0, 0xe1c0, 0xe1c0, 0xe1c0, 0xe1c0, 0xe1c0, 0xe1c0,
  0xe1c0, 0xe1c0, 0xe1c0, 0xe1c0, 0xe1c0, 0xe1c0, 0xe1c0, 0xe1c0,
  0xe1c0, 0xe1c0, 0xe1c0, 0xe1c0, 0xe1c0, 0xe1c0, 0xe1c0, 0xe1c0,
  0xe1c0, 0xe1c0, 0xe1c0, 0xe1c0, 0xe1c0, 0xe1c0, 0xe1c0, 0xe1c0,
  0xe1c0, 0xe1c0, 0xe1c0, 0xe1c0, 0xe1c0, 0xe1c0, 0xe1c0, 0xe1c0,
  0xe1c0, 0xe1c0, 0xe1c0, 0xe1c0, 0xe1c0, 0xe1c0, 0xe1c0, 0xe1c0,
  0xe1c0, 0xe1c0, 0xe1c0, 0xe1c0, 0xe1c0, 0xe1c0, 0xe1c0, 0xe1c0,
  0xe1c0, 0xe1c0, 0xe1c0, 0xe1c0, 0xe1c0, 0xe1c0, 0xe1c0, 0xe1c0,
  0xe1c0, 0xe1c0, 0xe1c0, 0xe1c0, 0xe1c0, 0xe1c0, 0xe1c0, 0xe1c0,
  0xe1c0, 0xe1c0, 0xe1c0, 0xe1c0, 0xe1c0, 0xe1c0, 0xe1c0, 0xe1c0,
  0xe1c0, 0xe1c0, 0xe1c0, 0xe1c0, 0xe1c0, 0xe1c0, 0xe1c0, 0xe1c0,
  0xe1c0, 0xe1c0, 0xe1c0, 0xe1c0, 0xe1c0, 0xe1c0, 0xe1c0, 0xe1c0,
  0xe1c0, 0xe1c0, 0xe1c0, 0xe1c0, 0xe1c0, 0xe1c0, 0xe1c0, 0xe1c0,
  0xe1c0, 0xe1c0, 0xe1c0, 0xe1c0, 0xe1c0, 0xe1c0, 0xe1c0, 0xe1c0,
  0xe1c0, 0xe1c0, 0xe1c0, 0xe1c0, 0xe1c0, 0xe1c0, 0xe1c0, 0xe1c0,
  0xe1c0, 0xe1c0, 0xe1c0, 0xe1c0, 0xe1c0, 0xe1c0, 0xe1c0, 0xe1c0,
  0xe1c0, 0xe1c0, 0xe1c0, 0xe1c0, 0xe1c0, 0xe1c0, 0xe1c0, 0xe1c0,
  0xe1c0, 0xe1c0, 0xe1c0, 0xe1c0, 0xe1c0, 0xe1c0, 0xe1c0, 0xe1c0,
  0xe1c0, 0xe1c0, 0xe1c0, 0xe1c0, 0xe1c0, 0xe1c0, 0xe1c0, 0xe1c0,
  0xe1c0, 0xe1c0, 0xe1c0, 0xe1c0, 0xe1c0, 0xe1c0, 0xe1c0, 0xe1c0,
  0xe1c0, 0xe1c0, 0xe1c0, 0xe1c0, 0xe1c0, 0xe1c0, 0xe1c0, 0xe1c0,
  0xe1c0, 0xe1c0, 0xe1c0, 0xe1c0, 0xe1c0, 0xe9c0, 0xe9c0, 0xe1c0,
  0xe1c0, 0xe1c0, 0xe1c0, 0xe1c0, 0xe1c0, 0xe1c0, 0xe1c0, 0xe1c0,
  0xe1c0, 0xe1c0, 0xe1c0, 0xe9c0, 0xe9c0, 0xe9c0, 0xe1c0, 0xe1c0,
  0xe1c0, 0xe1c0, 0xe1c0, 0xe1c0, 0xe1c0, 0xe1c0, 0xe1c0, 0xe1c0,
  0xe1c0, 0xe1c0, 0xe1c0, 0xe1c0, 0xe1c0, 0xe1c0, 0xe1c0, 0xe1c0,
  0xe1c0, 0xe1c0, 0xe1c0, 0xe1c0, 0xe1c0, 0xe1c0, 0xe1c0, 0xe1c0,
  0xe1c0, 0xe1c0, 0xe1c0, 0xe1c0, 0xe1c0, 0xe1c0, 0xe1c0, 0xe1c0,
  0xe1c0, 0xe1c0, 0xe1c0, 0xe1c0, 0xe1c0, 0xe1c0, 0xe1c0, 0xe1c0,
  0xe1c0, 0xe1c0, 0xe1c0, 0xe1c0, 0xe1c0, 0xe1c0, 0xe1c0, 0xe1c0,
  0xe1c0, 0xe1c0, 0xe1c0, 0xe1c0, 0xe1c0, 0xe1c0, 0xe1c0, 0xe1c0,
  0xe1c0, 0xe1c0, 0xe1c0, 0xe1c0, 0xe1c0, 0xe1c0, 0xe1c0, 0xe1c0,
  0xe1c0, 0xe1c0, 0xe1c0, 0xe1c0, 0xe1c0, 0xe1c0, 0xe1c0, 0xe1c0,
  0xe1c0, 0xe1c0, 0xe1c0, 0xe1c0, 0xe1c0, 0xe1c0, 0xe1c0, 0xe1c0,
  0xe1c0, 0xe1c0, 0xe1c0, 0xe1c0, 0xe1c0, 0xe1c0, 0xe1c0, 0xe1c0,
  0xe1c0, 0xe1c0, 0xe1c0, 0xe1c0, 0xe1c0, 0xe1c0, 0xe1c0, 0xe1c0,
  0xe1c0, 0xe1c0, 0xe1c0, 0xe1c0, 0xe1c0, 0xe1c0, 0xe1c0, 0xe1c0,
  0xe1c0, 0xe1c0, 0xe1c0, 0xe1c0, 0xe1c0, 0xe1c0, 0xe1c0, 0xe1c0,
  0xe1c0, 0xe1c0, 0xe1c0, 0xe1c0, 0xe1c0, 0xe1c0, 0xe1c0, 0xe1c0,
  0xe1c0, 0xe1c0, 0xe1c0, 0xe1c0, 0xe1c0, 0xe1c0, 0xe1c0, 0xe1c0,
  0xe1c0, 0xe1c0, 0xe1c0, 0xe1c0, 0xe1c0, 0xe1c0, 0xe1c0, 0xe1c0,
  0xe1c0, 0xe1c0, 0xe1c0, 0xe1c0, 0xe1c0, 0xe1c0, 0xe1c0, 0xe1c0,
  0xe1c0, 0xe1c0, 0xe1c0, 0xe1c0, 0xe1c0, 0xe1c0, 0xe1c0, 0xe1c0,
  0xe1c0, 0xe1c0, 0xe1c0, 0xe1c0, 0xe1c0, 0xe1c0, 0xe1c0, 0xe1c0,
  0xe1c0, 0xe1c0, 0xe1c0, 0xe1c0, 0xe1c0, 0xe1c0, 0xe1c0, 0xe1c0,
  0xe1c0, 0xe1c0, 0xe1c0, 0xe1c0, 0xe1c0, 0xe1c0, 0xe1c0, 0xe1c0,
  0xe1c0, 0xe1c0, 0xe1c0, 0xe1c0, 0xe1c0, 0xe1c0, 0xe1c0, 0xe1c0,
  0xe1c0, 0xe1c0, 0xe1c0, 0xe1c0, 0xe1c0, 0xe1c0, 0xe1c0, 0xe1c0,
  0xe1c0, 0xe1c0, 0xe1c0, 0xe1c0, 0xe1c0, 0xe1c0, 0xe1c0, 0xe1c0,
  0xe1c0, 0xe1c0, 0xe1c0, 0xe1c0, 0xe1c0, 0xe1c0, 0xe1c0, 0xe1c0,
  0xe1c0, 0xe1c0, 0xe1c0, 0xe1c0, 0xe1c0, 0xe1c0, 0xe1c0, 0xe1c0,
  0xe1c0, 0xe1c0, 0xe1c0, 0xe1c0, 0xe1c0, 0xe9c0, 0xe9c0, 0xe1c0,
  0xe1c0, 0xe1c0, 0xe1c0, 0xe1c0, 0xe1c0, 0xe1c0, 0xe1c0, 0xe1c0,
  0xe1c0, 0xe1c0, 0xe1c0, 0xe9c0, 0xe1c0, 0xe9c0, 0xe1c0, 0xe1c0,
  0xe1c0, 0xe1c0, 0xe1c0, 0xe1c0, 0xe1c0, 0xe1c0, 0xe1c0, 0xe1c0,
  0xe1c0, 0xe1c0, 0xe1c0, 0xe1c0, 0xe1c0, 0xe1c0, 0xe1c0, 0xe1c0,
  0xe1c0, 0xe1c0, 0xe1c0, 0xe1c0, 0xe1c0, 0xe1c0, 0xe1c0, 0xe1c0,
  0xe1c0, 0xe1c0, 0xe1c0, 0xe1c0, 0xe1c0, 0xe1c0, 0xe1c0, 0xe1c0,
  0xe1c0, 0xe1c0, 0xe1c0, 0xe1c0, 0xe1c0, 0xe1c0, 0xe1c0, 0xe1c0,
  0xe1c0, 0xe1c0, 0xe1c0, 0xe1c0, 0xe1c0, 0xe1c0, 0xe1c0, 0xe1c0,
  0xe1c0, 0xe1c0, 0xe1c0, 0xe1c0, 0xe1c0, 0xe1c0, 0xe1c0, 0xe1c0,
  0xe1c0, 0xe1c0, 0xe1c0, 0xe1c0, 0xe1c0, 0xe1c0, 0xe1c0, 0xe1c0,
  0xe1c0, 0xe1c0, 0xe1c0, 0xe1c0, 0xe1c0, 0xe1c0, 0xe1c0, 0xe1c0,
  0xe1c0, 0xe1c0, 0xe1c0, 0xe1c0, 0xe1c0, 0xe1c0, 0xe1c0, 0xe1c0,
  0xe1c0, 0xe1c0, 0xe1c0, 0xe1c0, 0xe1c0, 0xe1c0, 0xe1c0, 0xe1c0,
  0xe1c0, 0xe1c0, 0xe1c0, 0xe1c0, 0xe1c0, 0xe1c0, 0xe1c0, 0xe1c0,
  0xe1c0, 0xe1c0, 0xe1c0, 0xe1c0, 0xe1c0, 0xe1c0, 0xe1c0, 0xe1c0,
  0xe1c0, 0xe1c0, 0xe1c0, 0xe1c0, 0xe1c0, 0xe1c0, 0xe1c0, 0xe1c0,
  0xe1c0, 0xe1c0, 0xe1c0, 0xe1c0, 0xe1c0, 0xe1c0, 0xe1c0, 0xe1c0,
  0xe1c0, 0xe1c0, 0xe1c0, 0xe1c0, 0xe1c0, 0xe1c0, 0xe1c0, 0xe1c0,
  0xe1c0, 0xe1c0, 0xe1c0, 0xe1c0, 0xe1c0, 0xe1c0, 0xe1c0, 0xe1c0,
  0xe1c0, 0xe1c0, 0xe1c0, 0xe1c0, 0xe1c0, 0xe1c0, 0xe1c0, 0xe1c0,
  0xe1c0, 0xe1c0, 0xe1c0, 0xe1c0, 0xe1c0, 0xe1c0, 0xe1c0, 0xe1c0,
  0xe1c0, 0xe1c0, 0xe1c0, 0xe1c0, 0xe1c0, 0xe1c0, 0xe1c0, 0xe1c0,
  0xe1c0, 0xe1c0, 0xe1c0, 0xe1c0, 0xe1c0, 0xe1c0, 0xe1c0, 0xe1c0,
  0xe1c0, 0xe1c0, 0xe1c0, 0xe1c0, 0xe1c0, 0xe1c0, 0xe1c0, 0xe1c0,
  0xe1c0, 0xe1c0, 0xe1c0, 0xe1c0, 0xe1c0, 0xe1c0, 0xe1c0, 0xe1c0,
  0xe1c0, 0xe1c0, 0xe1c0, 0xe1c0, 0xe1c0, 0xe1c0, 0xe1c0, 0xe1c0,
  0xe1c0, 0xe1c0, 0xe1c0, 0xe1c0, 0xe1c0, 0xe1c0, 0xe1c0, 0xe1c0,
  0xe1c0, 0xe1c0, 0xe1c0, 0xe1c0, 0xe1c0, 0xe1c0, 0xe1c0, 0xe1c0,
  0xe1c0, 0xe1c0, 0xe1c0, 0xe1c0, 0xe1c0, 0xe1c0, 0xe1c0, 0xe1c0,
  0xe1c0, 0xe1c0, 0xe1c0, 0xe1c0, 0xe1c0, 0xe1c0, 0xe9c0, 0xe1c0,
  0xe1c0, 0xe1c0, 0xe1c0, 0xe1c0, 0xe1c0, 0xe1c0, 0xe1c0, 0xe1c0,
  0xe1c0, 0xe1c0, 0xe1c0, 0xe9c0, 0xe1c0, 0xe9c0, 0xe1c0, 0xe1c0,
  0xe1c0, 0xe1c0, 0xe1c0, 0xe1c0, 0xe1c0, 0xe1c0, 0xe1c0, 0xe1c0,
  0xe1c0, 0xe1c0, 0xe1c0, 0xe1c0, 0xe1c0, 0xe1c0, 0xe1c0, 0xe1c0,
  0xe1c0, 0xe1c0, 0xe1c0, 0xe1c0, 0xe1c0, 0xe1c0, 0xe1c0, 0xe1c0,
  0xe1c0, 0xe1c0, 0xe1c0, 0xe1c0, 0xe1c0, 0xe1c0, 0xe1c0, 0xe1c0,
  0xe1c0, 0xe1c0, 0xe1c0, 0xe1c0, 0xe1c0, 0xe1c0, 0xe1c0, 0xe1c0,
  0xe1c0, 0xe1c0, 0xe1c0, 0xe1c0, 0xe1c0, 0xe1c0, 0xe1c0, 0xe1c0,
  0xe1c0, 0xe1c0, 0xe1c0, 0xe1c0, 0xe1c0, 0xe1c0, 0xe1c0, 0xe1c0,
  0xe1c0, 0xe1c0, 0xe1c0, 0xe1c0, 0xe1c0, 0xe1c0, 0xe1c0, 0xe1c0,
  0xe1c0, 0xe1c0, 0xe1c0, 0xe1c0, 0xe1c0, 0xe1c0, 0xe1c0, 0xe1c0,
  0xe1c0, 0xe1c0, 0xe1c0, 0xe1c0, 0xe1c0, 0xe1c0, 0xe1c0, 0xe1c0,
  0xe1c0, 0xe1c0, 0xe1c0, 0xe1c0, 0xe1c0, 0xe1c0, 0xe1c0, 0xe1c0,
  0xe1c0, 0xe1c0, 0xe1c0, 0xe1c0, 0xe1c0, 0xe1c0, 0xe1c0, 0xe1c0,
  0xe1c0, 0xe1c0, 0xe1c0, 0xe1c0, 0xe1c0, 0xe1c0, 0xe1c0, 0xe1c0,
  0xe1c0, 0xe1c0, 0xe1c0, 0xe1c0, 0xe1c0, 0xe1c0, 0xe1c0, 0xe1c0,
  0xe1c0, 0xe1c0, 0xe1c0, 0xe1c0, 0xe1c0, 0xe1c0, 0xe1c0, 0xe1c0,
  0xe1c0, 0xe1c0, 0xe1c0, 0xe1c0, 0xe1c0, 0xe1c0, 0xe1c0, 0xe1c0,
  0xe1c0, 0xe1c0, 0xe1c0, 0xe1c0, 0xe1c0, 0xe1c0, 0xe1c0, 0xe1c0,
  0xe1c0, 0xe1c0, 0xe1c0, 0xe1c0, 0xe1c0, 0xe1c0, 0xe1c0, 0xe1c0,
  0xe1c0, 0xe1c0, 0xe1c0, 0xe1c0, 0xe1c0, 0xe1c0, 0xe1c0, 0xe1c0,
  0xe1c0, 0xe1c0, 0xe1c0, 0xe1c0, 0xe1c0, 0xe1c0, 0xe1c0, 0xe1c0,
  0xe1c0, 0xe1c0, 0xe1c0, 0xe1c0, 0xe1c0, 0xe1c0, 0xe1c0, 0xe1c0,
  0xe1c0, 0xe1c0, 0xe1c0, 0xe1c0, 0xe1c0, 0xe1c0, 0xe1c0, 0xe1c0,
  0xe1c0, 0xe1c0, 0xe1c0, 0xe1c0, 0xe1c0, 0xe1c0, 0xe1c0, 0xe1c0,
  0xe1c0, 0xe1c0, 0xe1c0, 0xe1c0, 0xe1c0, 0xe1c0, 0xe1c0, 0xe1c0,
  0xe1c0, 0xe1c0, 0xe1c0, 0xe1c0, 0xe1c0, 0xe1c0, 0xe1c0, 0xe1c0,
  0xe1c0, 0xe1c0, 0xe1c0, 0xe1c0, 0xe1c0, 0xe1c0, 0xe1c0, 0xe1c0,
  0xe1c0, 0xe1c0, 0xe1c0, 0xe1c0, 0xe1c0, 0xe1c0, 0xe1c0, 0xe1c0,
  0xe1c0, 0xe1c0, 0xe1c0, 0xe1c0, 0xe1c0, 0xe1c0, 0xe9c0, 0xe1c0,
  0xe1c0, 0xe1c0, 0xe1c0, 0xe1c0, 0xe1c0, 0xe1c0, 0xe1c0, 0xe1c0,
  0xe1c0, 0xe1c0, 0xe1c0, 0xe9c0, 0xe1c0, 0xe1c0, 0xe1c0, 0xe1c0,
  0xe1c0, 0xe1c0, 0xe1c0, 0xe1c0, 0xe1c0, 0xe1c0, 0xe1c0, 0xe1c0,
  0xe1c0, 0xe1c0, 0xe1c0, 0xe1c0, 0xe9c0, 0xe9c0, 0xe9c0, 0xe1c0,
  0xe1c0, 0xe1c0, 0xe1c0, 0xe1c0, 0xe1c0, 0xe1c0, 0xe1c0, 0xe1c0,
  0xe1c0, 0xe1c0, 0xe1c0, 0xe1c0, 0xe1c0, 0xe1c0, 0xe1c0, 0xe1c0,
  0xe1c0, 0xe1c0, 0xe1c0, 0xe1c0, 0xe1c0, 0xe1c0, 0xe1c0, 0xe1c0,
  0xe1c0, 0xe1c0, 0xe1c0, 0xe1c0, 0xe1c0, 0xe1c0, 0xe1c0, 0xe1c0,
  0xe1c0, 0xe1c0, 0xe1c0, 0xe1c0, 0xe1c0, 0xe1c0, 0xe1c0, 0xe1c0,
  0xe1c0, 0xe1c0, 0xe1c0, 0xe1c0, 0xe1c0, 0xe1c0, 0xe1c0, 0xe1c0,
  0xe1c0, 0xe1c0, 0xe1c0, 0xe1c0, 0xe1c0, 0xe1c0, 0xe1c0, 0xe1c0,
  0xe1c0, 0xe1c0, 0xe1c0, 0xe1c0, 0xe1c0, 0xe1c0, 0xe1c0, 0xe1c0,
  0xe1c0, 0xe1c0, 0xe1c0, 0xe1c0, 0xe1c0, 0xe1c0, 0xe1c0, 0xe1c0,
  0xe1c0, 0xe1c0, 0xe1c0, 0xe1c0, 0xe1c0, 0xe1c0, 0xe1c0, 0xe1c0,
  0xe1c0, 0xe1c0, 0xe1c0, 0xe1c0, 0xe1c0, 0xe1c0, 0xe1c0, 0xe1c0,
  0xe1c0, 0xe1c0, 0xe1c0, 0xe1c0, 0xe1c0, 0xe1c0, 0xe1c0, 0xe1c0,
  0xe1c0, 0xe1c0, 0xe1c0, 0xe1c0, 0xe1c0, 0xe1c0, 0xe1c0, 0xe1c0,
  0xe1c0, 0xe1c0, 0xe1c0, 0xe1c0, 0xe1c0, 0xe1c0, 0xe1c0, 0xe1c0,
  0xe1c0, 0xe1c0, 0xe1c0, 0xe1c0, 0xe1c0, 0xe1c0, 0xe1c0, 0xe1c0,
  0xe1c0, 0xe1c0, 0xe1c0, 0xe1c0, 0xe1c0, 0xe1c0, 0xe1c0, 0xe1c0,
  0xe1c0, 0xe1c0, 0xe1c0, 0xe1c0, 0xe1c0, 0xe1c0, 0xe1c0, 0xe1c0,
  0xe1c0, 0xe1c0, 0xe1c0, 0xe1c0, 0xe1c0, 0xe1c0, 0xe1c0, 0xe1c0,
  0xe1c0, 0xe1c0, 0xe1c0, 0xe1c0, 0xe1c0, 0xe1c0, 0xe1c0, 0xe1c0,
  0xe1c0, 0xe1c0, 0xe1c0, 0xe1c0, 0xe1c0, 0xe1c0, 0xe1c0, 0xe1c0,
  0xe1c0, 0xe1c0, 0xe1c0, 0xe1c0, 0xe1c0, 0xe1c0, 0xe1c0, 0xe1c0,
  0xe1c0, 0xe1c0, 0xe1c0, 0xe1c0, 0xe1c0, 0xe1c0, 0xe1c0, 0xe1c0,
  0xe1c0, 0xe1c0, 0xe1c0, 0xe1c0, 0xe1c0, 0xe1c0, 0xe1c0, 0xe1c0,
  0xe1c0, 0xe1c0, 0xe1c0, 0xe1c0, 0xe1c0, 0xe1c0, 0xe1c0, 0xe1c0,
  0xe1c0, 0xe1c0, 0xe1c0, 0xe1c0, 0xe1c0, 0xe1c0, 0xe1c0, 0xe1c0,
  0xe1c0, 0xe1c0, 0xe1c0, 0xe1c0, 0xe1c0, 0xe1c0, 0xe9c0, 0xe1c0,
  0xe1c0, 0xe1c0, 0xe1c0, 0xe1c0, 0xe1c0, 0xe1c0, 0xe1c0, 0xe1c0,
  0xe1c0, 0xe1c0, 0xe1c0, 0xe9c0, 0xe9c0, 0xe1c0, 0xe1c0, 0xe1c0,
  0xe1c0, 0xe1c0, 0xe1c0, 0xe1c0, 0xe1c0, 0xe1c0, 0xe1c0, 0xe1c0,
  0xe1c0, 0xe1c0, 0xe1c0, 0xe1c0, 0xe9c0, 0xe9c0, 0xe9c0, 0xe1c0,
  0xe1c0, 0xe1c0, 0xe1c0, 0xe1c0, 0xe1c0, 0xe1c0, 0xe1c0, 0xe1c0,
  0xe1c0, 0xe1c0, 0xe1c0, 0xe1c0, 0xe1c0, 0xe1c0, 0xe1c0, 0xe1c0,
  0xe1c0, 0xe1c0, 0xe1c0, 0xe1c0, 0xe1c0, 0xe1c0, 0xe1c0, 0xe1c0,
  0xe1c0, 0xe1c0, 0xe1c0, 0xe1c0, 0xe1c0, 0xe1c0, 0xe1c0, 0xe1c0,
  0xe1c0, 0xe1c0, 0xe1c0, 0xe1c0, 0xe1c0, 0xe1c0, 0xe1c0, 0xe1c0,
  0xe1c0, 0xe1c0, 0xe1c0, 0xe1c0, 0xe1c0, 0xe1c0, 0xe1c0, 0xe1c0,
  0xe1c0, 0xe1c0, 0xe1c0, 0xe1c0, 0xe1c0, 0xe1c0, 0xe1c0, 0xe1c0,
  0xe1c0, 0xe1c0, 0xe1c0, 0xe1c0, 0xe1c0, 0xe1c0, 0xe1c0, 0xe1c0,
  0xe1c0, 0xe1c0, 0xe1c0, 0xe1c0, 0xe1c0, 0xe1c0, 0xe1c0, 0xe1c0,
  0xe1c0, 0xe1c0, 0xe1c0, 0xe1c0, 0xe1c0, 0xe1c0, 0xe1c0, 0xe1c0,
  0xe1c0, 0xe1c0, 0xe1c0, 0xe1c0, 0xe1c0, 0xe1c0, 0xe1c0, 0xe1c0,
  0xe1c0, 0xe1c0, 0xe1c0, 0xe1c0, 0xe1c0, 0xe1c0, 0xe1c0, 0xe1c0,
  0xe1c0, 0xe1c0, 0xe1c0, 0xe1c0, 0xe1c0, 0xe1c0, 0xe1c0, 0xe1c0,
  0xe1c0, 0xe1c0, 0xe1c0, 0xe1c0, 0xe1c0, 0xe1c0, 0xe1c0, 0xe1c0,
  0xe1c0, 0xe1c0, 0xe1c0, 0xe1c0, 0xe1c0, 0xe1c0, 0xe1c0, 0xe1c0,
  0xe1c0, 0xe1c0, 0xe1c0, 0xe1c0, 0xe1c0, 0xe1c0, 0xe1c0, 0xe1c0,
  0xe1c0, 0xe1c0, 0xe1c0, 0xe1c0, 0xe1c0, 0xe1c0, 0xe1c0, 0xe1c0,
  0xe1c0, 0xe1c0, 0xe1c0, 0xe1c0, 0xe1c0, 0xe1c0, 0xe1c0, 0xe1c0,
  0xe1c0, 0xe1c0, 0xe1c0, 0xe1c0, 0xe1c0, 0xe1c0, 0xe1c0, 0xe1c0,
  0xe1c0, 0xe1c0, 0xe1c0, 0xe1c0, 0xe1c0, 0xe1c0, 0xe1c0, 0xe1c0,
  0xe1c0, 0xe1c0, 0xe1c0, 0xe1c0, 0xe1c0, 0xe1c0, 0xe1c0, 0xe1c0,
  0xe1c0, 0xe1c0, 0xe1c0, 0xe1c0, 0xe1c0, 0xe1c0, 0xe1c0, 0xe1c0,
  0xe1c0, 0xe1c0, 0xe1c0, 0xe1c0, 0xe1c0, 0xe1c0, 0xe1c0, 0xe1c0,
  0xe1c0, 0xe1c0, 0xe1c0, 0xe1c0, 0xe1c0, 0xe1c0, 0xe1c0, 0xe1c0,
  0xe1c0, 0xe1c0, 0xe1c0, 0xe1c0, 0xe1c0, 0xe1c0, 0xe1c0, 0xe1c0,
  0xe1c0, 0xe1c0, 0xe1c0, 0xe1c0, 0xe1c0, 0xe1c0, 0xe1c0, 0xe1c0,
  0xe1c0, 0xe1c0, 0xe1c0, 0xe1c0, 0xe1c0, 0xe1c0, 0xe1c0, 0xe1c0,
  0xe1c0, 0xe1c0, 0xe1c0, 0xe1c0, 0xe1c0, 0xe1c0, 0xe1c0, 0xe1c0,
  0xe1c0, 0xe1c0, 0xe1c0, 0xe1c0, 0xe1c0, 0xe1c0, 0xe1c0, 0xe1c0,
  0xe1c0, 0xe1c0, 0xe1c0, 0xe1c0, 0xe9c0, 0xe9c0, 0xe9c0, 0xe1c0,
  0xe1c0, 0xe1c0, 0xe1c0, 0xe1c0, 0xe1c0, 0xe1c0, 0xe1c0, 0xe1c0,
  0xe1c0, 0xe1c0, 0xe1c0, 0xe1c0, 0xe1c0, 0xe1c0, 0xe1c0, 0xe1c0,
  0xe1c0, 0xe1c0, 0xe1c0, 0xe1c0, 0xe1c0, 0xe1c0, 0xe1c0, 0xe1c0,
  0xe1c0, 0xe1c0, 0xe1c0, 0xe1c0, 0xe1c0, 0xe1c0, 0xe1c0, 0xe1c0,
  0xe1c0, 0xe1c0, 0xe1c0, 0xe1c0, 0xe1c0, 0xe1c0, 0xe1c0, 0xe1c0,
  0xe1c0, 0xe1c0, 0xe1c0, 0xe1c0, 0xe1c0, 0xe1c0, 0xe1c0, 0xe1c0,
  0xe1c0, 0xe1c0, 0xe1c0, 0xe1c0, 0xe1c0, 0xe1c0, 0xe1c0, 0xe1c0,
  0xe1c0, 0xe1c0, 0xe1c0, 0xe1c0, 0xe1c0, 0xe1c0, 0xe1c0, 0xe1c0,
  0xe1c0, 0xe1c0, 0xe1c0, 0xe1c0, 0xe1c0, 0xe1c0, 0xe1c0, 0xe1c0,
  0xe1c0, 0xe1c0, 0xe1c0, 0xe1c0, 0xe1c0, 0xe1c0, 0xe1c0, 0xe1c0,
  0xe1c0, 0xe1c0, 0xe1c0, 0xe1c0, 0xe1c0, 0xe1c0, 0xe1c0, 0xe1c0,
  0xe1c0, 0xe1c0, 0xe1c0, 0xe1c0, 0xe1c0, 0xe1c0, 0xe1c0, 0xe1c0,
  0xe1c0, 0xe1c0, 0xe1c0, 0xe1c0, 0xe1c0, 0xe1c0, 0xe1c0, 0xe1c0,
  0xe1c0, 0xe1c0, 0xe1c0, 0xe1c0, 0xe1c0, 0xe1c0, 0xe1c0, 0xe1c0,
  0xe1c0, 0xe1c0, 0xe1c0, 0xe1c0, 0xe1c0, 0xe1c0, 0xe1c0, 0xe1c0,
  0xe1c0, 0xe1c0, 0xe1c0, 0xe1c0, 0xe1c0, 0xe1c0, 0xe1c0, 0xe1c0,
  0xe1c0, 0xe1c0, 0xe1c0, 0xe1c0, 0xe1c0, 0xe1c0, 0xe1c0, 0xe1c0,
  0xe1c0, 0xe1c0, 0xe1c0, 0xe1c0, 0xe1c0, 0xe1c0, 0xe1c0, 0xe1c0,
  0xe1c0, 0xe1c0, 0xe1c0, 0xe1c0, 0xe1c0, 0xe1c0, 0xe1c0, 0xe1c0,
  0xe1c0, 0xe1c0, 0xe1c0, 0xe1c0, 0xe1c0, 0xe1c0, 0xe1c0, 0xe1c0,
  0xe1c0, 0xe1c0, 0xe1c0, 0xe1c0, 0xe1c0, 0xe1c0, 0xe1c0, 0xe1c0,
  0xe1c0, 0xe1c0, 0xe1c0, 0xe1c0, 0xe1c0, 0xe1c0, 0xe1c0, 0xe1c0,
  0xe1c0, 0xe1c0, 0xe1c0, 0xe1c0, 0xe1c0, 0xe1c0, 0xe1c0, 0xe1c0,
  0xe1c0, 0xe1c0, 0xe1c0, 0xe1c0, 0xe1c0, 0xe1c0, 0xe1c0, 0xe1c0,
  0xe1c0, 0xe1c0, 0xe1c0, 0xe1c0, 0xe1c0, 0xe1c0, 0xe1c0, 0xe1c0,
  0xe1c0, 0xe1c0, 0xe1c0, 0xe1c0, 0xe1c0, 0xe1c0, 0xe1c0, 0xe1c0,
  0xe1c0, 0xe1c0, 0xe1c0, 0xe1c0, 0xe1c0, 0xe1c0, 0xe9c0, 0xe9c0,
  0xe9c0, 0xe1c0, 0xe1c0, 0xe1c0, 0xe1c0, 0xe1c0, 0xe1c0, 0xe1c0,
  0xe1c0, 0xe1c0, 0xe1c0, 0xe1c0, 0xe1c0, 0xe1c0, 0xe1c0, 0xe1c0,
  0xe1c0, 0xe1c0, 0xe1c0, 0xe1c0, 0xe9c0, 0xe9c0, 0xe9c0, 0xe1c0,
  0xe1c0, 0xe1c0, 0xe1c0, 0xe1c0, 0xe1c0, 0xe1c0, 0xe1c0, 0xe1c0,
  0xe1c0, 0xe1c0, 0xe1c0, 0xe1c0, 0xe1c0, 0xe1c0, 0xe1c0, 0xe1c0,
  0xe1c0, 0xe1c0, 0xe1c0, 0xe1c0, 0xe1c0, 0xe1c0, 0xe1c0, 0xe1c0,
  0xe1c0, 0xe1c0, 0xe1c0, 0xe1c0, 0xe1c0, 0xe1c0, 0xe1c0, 0xe1c0,
  0xe1c0, 0xe1c0, 0xe1c0, 0xe1c0, 0xe1c0, 0xe1c0, 0xe1c0, 0xe1c0,
  0xe1c0, 0xe1c0, 0xe1c0, 0xe1c0, 0xe1c0, 0xe1c0, 0xe1c0, 0xe1c0,
  0xe1c0, 0xe1c0, 0xe1c0, 0xe1c0, 0xe1c0, 0xe1c0, 0xe1c0, 0xe1c0,
  0xe1c0, 0xe1c0, 0xe1c0, 0xe1c0, 0xe1c0, 0xe1c0, 0xe1c0, 0xe1c0,
  0xe1c0, 0xe1c0, 0xe1c0, 0xe1c0, 0xe1c0, 0xe1c0, 0xe1c0, 0xe1c0,
  0xe1c0, 0xe1c0, 0xe1c0, 0xe1c0, 0xe1c0, 0xe1c0, 0xe1c0, 0xe1c0,
  0xe1c0, 0xe1c0, 0xe1c0, 0xe1c0, 0xe1c0, 0xe1c0, 0xe1c0, 0xe1c0,
  0xe1c0, 0xe1c0, 0xe1c0, 0xe1c0, 0xe1c0, 0xe1c0, 0xe1c0, 0xe1c0,
  0xe1c0, 0xe1c0, 0xe1c0, 0xe1c0, 0xe1c0, 0xe1c0, 0xe1c0, 0xe1c0,
  0xe1c0, 0xe1c0, 0xe1c0, 0xe1c0, 0xe1c0, 0xe1c0, 0xe1c0, 0xe1c0,
  0xe1c0, 0xe1c0, 0xe1c0, 0xe1c0, 0xe1c0, 0xe1c0, 0xe1c0, 0xe1c0,
  0xe1c0, 0xe1c0, 0xe1c0, 0xe1c0, 0xe1c0, 0xe1c0, 0xe1c0, 0xe1c0,
  0xe1c0, 0xe1c0, 0xe1c0, 0xe1c0, 0xe1c0, 0xe1c0, 0xe1c0, 0xe1c0,
  0xe1c0, 0xe1c0, 0xe1c0, 0xe1c0, 0xe1c0, 0xe1c0, 0xe1c0, 0xe1c0,
  0xe1c0, 0xe1c0, 0xe1c0, 0xe1c0, 0xe1c0, 0xe1c0, 0xe1c0, 0xe1c0,
  0xe1c0, 0xe1c0, 0xe1c0, 0xe1c0, 0xe1c0, 0xe1c0, 0xe1c0, 0xe1c0,
  0xe1c0, 0xe1c0, 0xe1c0, 0xe1c0, 0xe1c0, 0xe1c0, 0xe1c0, 0xe1c0,
  0xe1c0, 0xe1c0, 0xe1c0, 0xe1c0, 0xe1c0, 0xe1c0, 0xe1c0, 0xe1c0,
  0xe1c0, 0xe1c0, 0xe1c0, 0xe1c0, 0xe1c0, 0xe1c0, 0xe1c0, 0xe1c0,
  0xe1c0, 0xe1c0, 0xe1c0, 0xe1c0, 0xe1c0, 0xe1c0, 0xe1c0, 0xe1c0,
  0xe1c0, 0xe1c0, 0xe1c0, 0xe1c0, 0xe1c0, 0xe1c0, 0xe1c0, 0xe1c0,
  0xe1c0, 0xe1c0, 0xe1c0, 0xe1c0, 0xe1c0, 0xe1c0, 0xe1c0, 0xe1c0,
  0xe1c0, 0xe1c0, 0xe1c0, 0xe1c0, 0xe1c0, 0xe1c0, 0xe9c0, 0xe9c0,
  0xe9c0, 0xe1c0, 0xe1c0, 0xe1c0, 0xe1c0, 0xe1c0, 0xe1c0, 0xe1c0,
  0xe1c0, 0xe1c0, 0xe1c0, 0xe1c0, 0xe1c0, 0xe1c0, 0xe1c0, 0xe1c0,
  0xe1c0, 0xe1c0, 0xe1c0, 0xe1c0, 0xe9c0, 0xe1c0, 0xe1c0, 0xe1c0,
  0xe1c0, 0xe1c0, 0xe1c0, 0xe1c0, 0xe1c0, 0xe1c0, 0xe1c0, 0xe1c0,
  0xe1c0, 0xe1c0, 0xe1c0, 0xe1c0, 0xe1c0, 0xe1c0, 0xe1c0, 0xe1c0,
  0xe1c0, 0xe1c0, 0xe1c0, 0xe1c0, 0xe1c0, 0xe1c0, 0xe1c0, 0xe1c0,
  0xe1c0, 0xe1c0, 0xe1c0, 0xe1c0, 0xe1c0, 0xe1c0, 0xe1c0, 0xe1c0,
  0xe1c0, 0xe1c0, 0xe1c0, 0xe1c0, 0xe1c0, 0xe1c0, 0xe1c0, 0xe1c0,
  0xe1c0, 0xe1c0, 0xe1c0, 0xe1c0, 0xe1c0, 0xe1c0, 0xe1c0, 0xe1c0,
  0xe1c0, 0xe1c0, 0xe1c0, 0xe1c0, 0xe1c0, 0xe1c0, 0xe1c0, 0xe1c0,
  0xe1c0, 0xe1c0, 0xe1c0, 0xe1c0, 0xe1c0, 0xe1c0, 0xe1c0, 0xe1c0,
  0xe1c0, 0xe1c0, 0xe1c0, 0xe1c0, 0xe1c0, 0xe1c0, 0xe1c0, 0xe1c0,
  0xe1c0, 0xe1c0, 0xe1c0, 0xe1c0, 0xe1c0, 0xe1c0, 0xe1c0, 0xe1c0,
  0xe1c0, 0xe1c0, 0xe1c0, 0xe1c0, 0xe1c0, 0xe1c0, 0xe1c0, 0xe1c0,
  0xe1c0, 0xe1c0, 0xe1c0, 0xe1c0, 0xe1c0, 0xe1c0, 0xe1c0, 0xe1c0,
  0xe1c0, 0xe1c0, 0xe1c0, 0xe1c0, 0xe1c0, 0xe1c0, 0xe1c0, 0xe1c0,
  0xe1c0, 0xe1c0, 0xe1c0, 0xe1c0, 0xe1c0, 0xe1c0, 0xe1c0, 0xe1c0,
  0xe1c0, 0xe1c0, 0xe1c0, 0xe1c0, 0xe1c0, 0xe1c0, 0xe1c0, 0xe1c0,
  0xe1c0, 0xe1c0, 0xe1c0, 0xe1c0, 0xe1c0, 0xe1c0, 0xe1c0, 0xe1c0,
  0xe1c0, 0xe1c0, 0xe1c0, 0xe1c0, 0xe1c0, 0xe1c0, 0xe1c0, 0xe1c0,
  0xe1c0, 0xe1c0, 0xe1c0, 0xe1c0, 0xe1c0, 0xe1c0, 0xe1c0, 0xe1c0,
  0xe1c0, 0xe1c0, 0xe1c0, 0xe1c0, 0xe1c0, 0xe1c0, 0xe1c0, 0xe1c0,
  0xe1c0, 0xe1c0, 0xe1c0, 0xe1c0, 0xe1c0, 0xe1c0, 0xe1c0, 0xe1c0,
  0xe1c0, 0xe1c0, 0xe1c0, 0xe1c0, 0xe1c0, 0xe1c0, 0xe1c0, 0xe1c0,
  0xe1c0, 0xe1c0, 0xe1c0, 0xe1c0, 0xe1c0, 0xe1c0, 0xe1c0, 0xe1c0,
  0xe1c0, 0xe1c0, 0xe1c0, 0xe1c0, 0xe1c0, 0xe1c0, 0xe1c0, 0xe1c0,
  0xe1c0, 0xe1c0, 0xe1c0, 0xe1c0, 0xe1c0, 0xe1c0, 0xe1c0, 0xe1c0,
  0xe1c0, 0xe1c0, 0xe1c0, 0xe1c0, 0xe1c0, 0xe1c0, 0xe1c0, 0xe1c0,
  0xe1c0, 0xe1c0, 0xe1c0, 0xe1c0, 0xe1c0, 0xe1c0, 0xe1c0, 0xe1c0,
  0xe1c0, 0xe1c0, 0xe1c0, 0xe1c0, 0xe1c0, 0xe1c0, 0xe1c0, 0xe1c0,
  0xe1c0, 0xe1c0, 0xe1c0, 0xe1c0, 0xe1c0, 0xe1c0, 0xe1c0, 0xe1c0,
  0xe1c0, 0xe1c0, 0xe1c0, 0xe1c0, 0xe1c0, 0xe1c0, 0xe1c0, 0xe1c0,
  0xe1c0, 0xe1c0, 0xe1c0, 0xe1c0, 0xe9c0, 0xe1c0, 0xe1c0, 0xe1c0,
  0xe1c0, 0xe1c0, 0xe1c0, 0xe1c0, 0xe1c0, 0xe1c0, 0xe1c0, 0xe1c0,
  0xe1c0, 0xe1c0, 0xe1c0, 0xe1c0, 0xe1c0, 0xe1c0, 0xe1c0, 0xe1c0,
  0xe1c0, 0xe1c0, 0xe1c0, 0xe1c0, 0xe1c0, 0xe1c0, 0xe1c0, 0xe1c0,
  0xe1c0, 0xe1c0, 0xe1c0, 0xe1c0, 0xe1c0, 0xe1c0, 0xe1c0, 0xe1c0,
  0xe1c0, 0xe1c0, 0xe1c0, 0xe1c0, 0xe1c0, 0xe1c0, 0xe1c0, 0xe1c0,
  0xe1c0, 0xe1c0, 0xe1c0, 0xe1c0, 0xe1c0, 0xe1c0, 0xe1c0, 0xe1c0,
  0xe1c0, 0xe1c0, 0xe1c0, 0xe1c0, 0xe1c0, 0xe1c0, 0xe1c0, 0xe1c0,
  0xe1c0, 0xe1c0, 0xe1c0, 0xe1c0, 0xe1c0, 0xe1c0, 0xe1c0, 0xe1c0,
  0xe1c0, 0xe1c0, 0xe1c0, 0xe1c0, 0xe1c0, 0xe1c0, 0xe1c0, 0xe1c0,
  0xe1c0, 0xe1c0, 0xe1c0, 0xe1c0, 0xe1c0, 0xe1c0, 0xe1c0, 0xe1c0,
  0xe1c0, 0xe1c0, 0xe1c0, 0xe1c0, 0xe1c0, 0xe1c0, 0xe1c0, 0xe1c0,
  0xe1c0, 0xe1c0, 0xe1c0, 0xe1c0, 0xe1c0, 0xe1c0, 0xe1c0, 0xe1c0,
  0xe1c0, 0xe1c0, 0xe1c0, 0xe1c0, 0xe1c0, 0xe1c0, 0xe1c0, 0xe1c0,
  0xe1c0, 0xe1c0, 0xe1c0, 0xe1c0, 0xe1c0, 0xe1c0, 0xe1c0, 0xe1c0,
  0xe1c0, 0xe1c0, 0xe1c0, 0xe1c0, 0xe1c0, 0xe1c0, 0xe1c0, 0xe1c0,
  0xe1c0, 0xe1c0, 0xe1c0, 0xe1c0, 0xe1c0, 0xe1c0, 0xe1c0, 0xe1c0,
  0xe1c0, 0xe1c0, 0xe1c0, 0xe1c0, 0xe1c0, 0xe1c0, 0xe1c0, 0xe1c0,
  0xe1c0, 0xe1c0, 0xe1c0, 0xe1c0, 0xe1c0, 0xe1c0, 0xe1c0, 0xe1c0,
  0xe1c0, 0xe1c0, 0xe1c0, 0xe1c0, 0xe1c0, 0xe1c0, 0xe1c0, 0xe1c0,
  0xe1c0, 0xe1c0, 0xe1c0, 0xe1c0, 0xe1c0, 0xe1c0, 0xe1c0, 0xe1c0,
  0xe1c0, 0xe1c0, 0xe1c0, 0xe1c0, 0xe1c0, 0xe1c0, 0xe1c0, 0xe1c0,
  0xe1c0, 0xe1c0, 0xe1c0, 0xe1c0, 0xe1c0, 0xe1c0, 0xe1c0, 0xe1c0,
  0xe1c0, 0xe1c0, 0xe1c0, 0xe1c0, 0xe1c0, 0xe1c0, 0xe1c0, 0xe1c0,
  0xe1c0, 0xe1c0, 0xe1c0, 0xe1c0, 0xe1c0, 0xe1c0, 0xe1c0, 0xe1c0,
  0xe1c0, 0xe1c0, 0xe1c0, 0xe1c0, 0xe1c0, 0xe1c0, 0xe1c0, 0xe1c0,
  0xe1c0, 0xe1c0, 0xe1c0, 0xe1c0, 0xe1c0, 0xe1c0, 0xe1c0, 0xe1c0,
  0xe1c0, 0xe1c0, 0xe1c0, 0xe1c0, 0xe1c0, 0xe1c0, 0xe1c0, 0xe1c0,
  0xe1c0, 0xe1c0, 0xe1c0, 0xe1c0, 0xe1c0, 0xe1c0, 0xe1c0, 0xe1c0,
  0xe1c0, 0xe1c0, 0xe1c0, 0xe1c0, 0xe1c0, 0xe1c0, 0xe1c0, 0xe1c0,
  0xe1c0, 0xe1c0, 0xe1c0, 0xe1c0, 0xe1c0, 0xe1c0, 0xe1c0, 0xe1c0,
  0xe1c0, 0xe1c0, 0xe1c0, 0xe1c0, 0xe1c0, 0xe1c0, 0xe1c0, 0xe1c0,
  0xe1c0, 0xe1c0, 0xe1c0, 0xe1c0, 0xe1c0, 0xe1c0, 0xe1c0, 0xe1c0,
  0xe1c0, 0xe1c0, 0xe1c0, 0xe1c0, 0xe1c0, 0xe1c0, 0xe1c0, 0xe1c0,
  0xe1c0, 0xe1c0, 0xe1c0, 0xe1c0, 0xe1c0, 0xe1c0, 0xe1c0, 0xe1c0,
  0xe1c0, 0xe1c0, 0xe1c0, 0xe1c0, 0xe1c0, 0xe1c0, 0xe1c0, 0xe1c0,
  0xe1c0, 0xe1c0, 0xe1c0, 0xe1c0, 0xe1c0, 0xe1c0, 0xe1c0, 0xe1c0,
  0xe1c0, 0xe1c0, 0xe1c0, 0xe1c0, 0xe1c0, 0xe1c0, 0xe1c0, 0xe1c0,
  0xe1c0, 0xe1c0, 0xe1c0, 0xe1c0, 0xe1c0, 0xe1c0, 0xe1c0, 0xe1c0,
  0xe1c0, 0xe1c0, 0xe1c0, 0xe1c0, 0xe1c0, 0xe1c0, 0xe1c0, 0xe1c0,
  0xe1c0, 0xe1c0, 0xe1c0, 0xe1c0, 0xe1c0, 0xe1c0, 0xe1c0, 0xe1c0,
  0xe1c0, 0xe1c0, 0xe1c0, 0xe1c0, 0xe1c0, 0xe1c0, 0xe1c0, 0xe1c0,
  0xe1c0, 0xe1c0, 0xe1c0, 0xe1c0, 0xe1c0, 0xe1c0, 0xe1c0, 0xe1c0,
  0xe1c0, 0xe1c0, 0xe1c0, 0xe1c0, 0xe1c0, 0xe1c0, 0xe1c0, 0xe1c0,
  0xe1c0, 0xe1c0, 0xe1c0, 0xe1c0, 0xe1c0, 0xe1c0, 0xe1c0, 0xe1c0,
  0xe1c0, 0xe1c0, 0xe1c0, 0xe1c0, 0xe1c0, 0xe1c0, 0xe1c0, 0xe1c0,
  0xe1c0, 0xe1c0, 0xe1c0, 0xe1c0, 0xe1c0, 0xe1c0, 0xe1c0, 0xe1c0,
  0xe1c0, 0xe1c0, 0xe1c0, 0xe1c0, 0xe1c0, 0xe1c0, 0xe1c0, 0xe1c0,
  0xe1c0, 0xe1c0, 0xe1c0, 0xe1c0, 0xe1c0, 0xe1c0, 0xe1c0, 0xe1c0,
  0xe1c0, 0xe1c0, 0xe1c0, 0xe1c0, 0xe1c0, 0xe1c0, 0xe1c0, 0xe1c0,
  0xe1c0, 0xe1c0, 0xe1c0, 0xe1c0, 0xe1c0, 0xe1c0, 0xe1c0, 0xe1c0,
  0xe1c0, 0xe1c0, 0xe1c0, 0xe1c0, 0xe1c0, 0xe1c0, 0xe1c0, 0xe1c0,
  0xe1c0, 0xe1c0, 0xe1c0, 0xe1c0, 0xe1c0, 0xe1c0, 0xe1c0, 0xe1c0,
  0xe1c0, 0xe1c0, 0xe1c0, 0xe1c0, 0xe1c0, 0xe1c0, 0xe1c0, 0xe1c0,
  0xe1c0, 0xe1c0, 0xe1c0, 0xe1c0, 0xe1c0, 0xe1c0, 0xe1c0, 0xe1c0,
  0xe1c0, 0xe1c0, 0xe1c0, 0xe1c0, 0xe1c0, 0xe1c0, 0xe1c0, 0xe1c0,
  0xe1c0, 0xe1c0, 0xe1c0, 0xe1c0, 0xe1c0, 0xe1c0, 0xe1c0, 0xe1c0,
  0xe1c0, 0xe1c0, 0xe1c0, 0xe1c0, 0xe1c0, 0xe1c0, 0xe1c0, 0xe1c0,
  0xe1c0, 0xe1c0, 0xe1c0, 0xe1c0, 0xe1c0, 0xe1c0, 0xe1c0, 0xe1c0,
  0xe1c0, 0xe1c0, 0xe1c0, 0xe1c0, 0xe1c0, 0xe1c0, 0xe1c0, 0xe1c0,
  0xe1c0, 0xe1c0, 0xe9c0, 0xe1c0, 0xe1c0, 0xe1c0, 0xe1c0, 0xe1c0,
  0xe1c0, 0xe1c0, 0xe1c0, 0xe1c0, 0xe1c0, 0xe1c0, 0xe1c0, 0xe1c0,
  0xe1c0, 0xe1c0, 0xe1c0, 0xe1c0, 0xe1c0, 0xe1c0, 0xe1c0, 0xe1c0,
  0xe1c0, 0xe1c0, 0xe1c0, 0xe1c0, 0xe1c0, 0xe1c0, 0xe1c0, 0xe1c0,
  0xe1c0, 0xe1c0, 0xe1c0, 0xe1c0, 0xe1c0, 0xe1c0, 0xe1c0, 0xe1c0,
  0xe1c0, 0xe1c0, 0xe1c0, 0xe1c0, 0xe1c0, 0xe1c0, 0xe1c0, 0xe1c0,
  0xe1c0, 0xe1c0, 0xe1c0, 0xe1c0, 0xe1c0, 0xe1c0, 0xe1c0, 0xe1c0,
  0xe1c0, 0xe1c0, 0xe1c0, 0xe1c0, 0xe1c0, 0xe1c0, 0xe1c0, 0xe1c0,
  0xe1c0, 0xe1c0, 0xe1c0, 0xe1c0, 0xe1c0, 0xe1c0, 0xe1c0, 0xe1c0,
  0xe1c0, 0xe1c0, 0xe1c0, 0xe1c0, 0xe1c0, 0xe1c0, 0xe1c0, 0xe1c0,
  0xe1c0, 0xe1c0, 0xe1c0, 0xe1c0, 0xe1c0, 0xe1c0, 0xe1c0, 0xe1c0,
  0xe1c0, 0xe1c0, 0xe1c0, 0xe1c0, 0xe1c0, 0xe1c0, 0xe1c0, 0xe1c0,
  0xe1c0, 0xe1c0, 0xe1c0, 0xe1c0, 0xe1c0, 0xe1c0, 0xe1c0, 0xe1c0,
  0xe1c0, 0xe1c0, 0xe1c0, 0xe1c0, 0xe1c0, 0xe1c0, 0xe1c0, 0xe1c0,
  0xe1c0, 0xe1c0, 0xe1c0, 0xe1c0, 0xe1c0, 0xe1c0, 0xe1c0, 0xe1c0,
  0xe1c0, 0xe1c0, 0xe1c0, 0xe1c0, 0xe1c0, 0xe1c0, 0xe1c0, 0xe1c0,
  0xe1c0, 0xe1c0, 0xe1c0, 0xe1c0, 0xe1c0, 0xe1c0, 0xe1c0, 0xe1c0,
  0xe1c0, 0xe1c0, 0xe1c0, 0xe1c0, 0xe1c0, 0xe1c0, 0xe1c0, 0xe1c0,
  0xe1c0, 0xe1c0, 0xe1c0, 0xe1c0, 0xe1c0, 0xe1c0, 0xe1c0, 0xe1c0,
  0xe1c0, 0xe1c0, 0xe1c0, 0xe1c0, 0xe1c0, 0xe1c0, 0xe1c0, 0xe1c0,
  0xe1c0, 0xe1c0, 0xe1c0, 0xe1c0, 0xe1c0, 0xe1c0, 0xe1c0, 0xe1c0,
  0xe1c0, 0xe1c0, 0xe1c0, 0xe1c0, 0xe1c0, 0xe1c0, 0xe1c0, 0xe1c0,
  0xe1c0, 0xe1c0, 0xe1c0, 0xe1c0, 0xe1c0, 0xe1c0, 0xe1c0, 0xe1c0,
  0xe1c0, 0xe1c0, 0xe1c0, 0xe1c0, 0xe1c0, 0xe1c0, 0xe1c0, 0xe1c0,
  0xe1c0, 0xe1c0, 0xe1c0, 0xe1c0, 0xe1c0, 0xe1c0, 0xe1c0, 0xe1c0,
  0xe1c0, 0xe1c0, 0xe1c0, 0xe1c0, 0xe1c0, 0xe1c0, 0xe1c0, 0xe1c0,
  0xe1c0, 0xe1c0, 0xe1c0, 0xe1c0, 0xe1c0, 0xe1c0, 0xe1c0, 0xe1c0,
  0xe1c0, 0xe1c0, 0xe1c0, 0xe1c0, 0xe1c0, 0xe1c0, 0xe1c0, 0xe1c0,
  0xe1c0, 0xe1c0, 0xe1c0, 0xe1c0, 0xe1c0, 0xe1c0, 0xe1c0, 0xe1c0,
  0xe1c0, 0xe1c0, 0xe1c0, 0xe1c0, 0xe1c0, 0xe1c0, 0xe1c0, 0xe1c0,
  0xe1c0, 0xe1c0, 0xe1c0, 0xe1c0, 0xe1c0, 0xe1c0, 0xe1c0, 0xe1c0,
  0xe1c0, 0xe1c0, 0xe1c0, 0xe1c0, 0xe1c0, 0xe1c0, 0xe1c0, 0xe1c0,
  0xe1c0, 0xe1c0, 0xe1c0, 0xe1c0, 0xe1c0, 0xe1c0, 0xe1c0, 0xe1c0,
  0xe1c0, 0xe1c0, 0xe1c0, 0xe1c0, 0xe1c0, 0xe1c0, 0xe1c0, 0xe1c0,
  0xe1c0, 0xe1c0, 0xe1c0, 0xe1c0, 0xe1c0, 0xe1c0, 0xe1c0, 0xe1c0,
  0xe1c0, 0xe1c0, 0xe1c0, 0xe1c0, 0xe1c0, 0xe1c0, 0xe1c0, 0xe1c0,
  0xe1c0, 0xe1c0, 0xe1c0, 0xe1c0, 0xe1c0, 0xe1c0, 0xe1c0, 0xe1c0,
  0xe1c0, 0xe1c0, 0xe1c0, 0xe1c0, 0xe1c0, 0xe1c0, 0xe1c0, 0xe1c0,
  0xe1c0, 0xe1c0, 0xe1c0, 0xe1c0, 0xe1c0, 0xe1c0, 0xe1c0, 0xe1c0,
  0xe1c0, 0xe1c0, 0xe1c0, 0xe1c0, 0xe1c0, 0xe1c0, 0xe1c0, 0xe1c0,
  0xe1c0, 0xe1c0, 0xe1c0, 0xe1c0, 0xe1c0, 0xe1c0, 0xe1c0, 0xe1c0,
  0xe1c0, 0xe1c0, 0xe1c0, 0xe1c0, 0xe1c0, 0xe1c0, 0xe1c0, 0xe1c0,
  0xe1c0, 0xe1c0, 0xe1c0, 0xe1c0, 0xe1c0, 0xe1c0, 0xe1c0, 0xe1c0,
  0xe1c0, 0xe1c0, 0xe1c0, 0xe1c0, 0xe1c0, 0xe1c0, 0xe1c0, 0xe1c0,
  0xe1c0, 0xe1c0, 0xe1c0, 0xe1c0, 0xe1c0, 0xe1c0, 0xe1c0, 0xe1c0,
  0xe1c0, 0xe1c0, 0xe1c0, 0xe1c0, 0xe1c0, 0xe1c0, 0xe1c0, 0xe1c0,
  0xe1c0, 0xe1c0, 0xe1c0, 0xe1c0, 0xe1c0, 0xe1c0, 0xe1c0, 0xe1c0,
  0xe1c0, 0xe1c0, 0xe1c0, 0xe1c0, 0xe1c0, 0xe1c0, 0xe1c0, 0xe1c0,
  0xe1c0, 0xe1c0, 0xe1c0, 0xe1c0, 0xe1c0, 0xe1c0, 0xe1c0, 0xe1c0,
  0xe1c0, 0xe1c0, 0xe1c0, 0xe1c0, 0xe1c0, 0xe1c0, 0xe1c0, 0xe1c0,
  0xe1c0, 0xe1c0, 0xe1c0, 0xe1c0, 0xe1c0, 0xe1c0, 0xe1c0, 0xe1c0,
  0xe1c0, 0xe1c0, 0xe1c0, 0xe1c0, 0xe1c0, 0xe1c0, 0xe1c0, 0xe1c0,
  0xe1c0, 0xe1c0, 0xe1c0, 0xe1c0, 0xe1c0, 0xe1c0, 0xe1c0, 0xe1c0,
  0xe1c0, 0xe1c0, 0xe1c0, 0xe1c0, 0xe1c0, 0xe1c0, 0xe1c0, 0xe1c0,
  0xe1c0, 0xe1c0, 0xe1c0, 0xe1c0, 0xe1c0, 0xe1c0, 0xe1c0, 0xe1c0,
  0xe1c0, 0xe1c0, 0xe1c0, 0xe1c0, 0xe1c0, 0xe1c0, 0xe1c0, 0xe1c0,
  0xe1c0, 0xe1c0, 0xe1c0, 0xe1c0, 0xe1c0, 0xe1c0, 0xe1c0, 0xe1c0,
  0xe1c0, 0xe1c0, 0xe1c0, 0xe1c0, 0xe1c0, 0xe1c0, 0xe1c0, 0xe1c0,
  0xe1c0, 0xe1c0, 0xe1c0, 0xe1c0, 0xe1c0, 0xe1c0, 0xe1c0, 0xe1c0,
  0xe1c0, 0xe1c0, 0xe1c0, 0xe1c0, 0xe1c0, 0xe1c0, 0xe1c0, 0xe1c0,
  0xe1c0, 0xe1c0, 0xe9c0, 0xe1c0, 0xe1c0, 0xe1c0, 0xe1c0, 0xe1c0,
  0xe1c0, 0xe1c0, 0xe1c0, 0xe1c0, 0xe1c0, 0xe1c0, 0xe1c0, 0xe1c0,
  0xe1c0, 0xe1c0, 0xe1c0, 0xe1c0, 0xe1c0, 0xe1c0, 0xe1c0, 0xe1c0,
  0xe1c0, 0xe1c0, 0xe1c0, 0xe1c0, 0xe1c0, 0xe1c0, 0xe1c0, 0xe1c0,
  0xe1c0, 0xe1c0, 0xe1c0, 0xe1c0, 0xe1c0, 0xe1c0, 0xe1c0, 0xe1c0,
  0xe1c0, 0xe1c0, 0xe1c0, 0xe1c0, 0xe1c0, 0xe1c0, 0xe1c0, 0xe1c0,
  0xe1c0, 0xe1c0, 0xe1c0, 0xe1c0, 0xe1c0, 0xe1c0, 0xe1c0, 0xe1c0,
  0xe1c0, 0xe1c0, 0xe1c0, 0xe1c0, 0xe1c0, 0xe1c0, 0xe1c0, 0xe1c0,
  0xe1c0, 0xe1c0, 0xe1c0, 0xe1c0, 0xe1c0, 0xe1c0, 0xe1c0, 0xe1c0,
  0xe1c0, 0xe1c0, 0xe1c0, 0xe1c0, 0xe1c0, 0xe1c0, 0xe1c0, 0xe1c0,
  0xe1c0, 0xe1c0, 0xe1c0, 0xe1c0, 0xe1c0, 0xe1c0, 0xe1c0, 0xe1c0,
  0xe1c0, 0xe1c0, 0xe1c0, 0xe1c0, 0xe1c0, 0xe1c0, 0xe1c0, 0xe1c0,
  0xe1c0, 0xe1c0, 0xe1c0, 0xe1c0, 0xe1c0, 0xe1c0, 0xe1c0, 0xe1c0,
  0xe1c0, 0xe1c0, 0xe1c0, 0xe1c0, 0xe1c0, 0xe1c0, 0xe1c0, 0xe1c0,
  0xe1c0, 0xe1c0, 0xe1c0, 0xe1c0, 0xe1c0, 0xe1c0, 0xe1c0, 0xe1c0,
  0xe1c0, 0xe1c0, 0xe1c0, 0xe1c0, 0xe1c0, 0xe1c0, 0xe1c0, 0xe1c0,
  0xe1c0, 0xe1c0, 0xe1c0, 0xe1c0, 0xe1c0, 0xe1c0, 0xe1c0, 0xe1c0,
  0xe1c0, 0xe1c0, 0xe1c0, 0xe1c0, 0xe1c0, 0xe1c0, 0xe1c0, 0xe1c0,
  0xe1c0, 0xe1c0, 0xe1c0, 0xe1c0, 0xe1c0, 0xe1c0, 0xe1c0, 0xe1c0,
  0xe1c0, 0xe1c0, 0xe1c0, 0xe1c0, 0xe1c0, 0xe1c0, 0xe1c0, 0xe1c0,
  0xe1c0, 0xe1c0, 0xe1c0, 0xe1c0, 0xe1c0, 0xe1c0, 0xe1c0, 0xe1c0,
  0xe1c0, 0xe1c0, 0xe1c0, 0xe1c0, 0xe1c0, 0xe1c0, 0xe1c0, 0xe1c0,
  0xe1c0, 0xe1c0, 0xe1c0, 0xe1c0, 0xe9c0, 0xe9c0, 0xe1c0, 0xe1c0,
  0xe1c0, 0xe1c0, 0xe1c0, 0xe1c0, 0xe1c0, 0xe1c0, 0xe1c0, 0xe1c0,
  0xe1c0, 0xe1c0, 0xe1c0, 0xe1c0, 0xe1c0, 0xe1c0, 0xe1c0, 0xe1c0,
  0xe1c0, 0xe1c0, 0xe1c0, 0xe1c0, 0xe1c0, 0xe1c0, 0xe1c0, 0xe1c0,
  0xe1c0, 0xe1c0, 0xe1c0, 0xe1c0, 0xe1c0, 0xe1c0, 0xe1c0, 0xe1c0,
  0xe1c0, 0xe1c0, 0xe1c0, 0xe1c0, 0xe1c0, 0xe1c0, 0xe1c0, 0xe1c0,
  0xe1c0, 0xe1c0, 0xe1c0, 0xe1c0, 0xe1c0, 0xe1c0, 0xe1c0, 0xe1c0,
  0xe1c0, 0xe1c0, 0xe1c0, 0xe1c0, 0xe1c0, 0xe1c0, 0xe1c0, 0xe1c0,
  0xe1c0, 0xe1c0, 0xe9c0, 0xe9c0, 0xe9c0, 0xe1c0, 0xe1c0, 0xe1c0,
  0xe1c0, 0xe1c0, 0xe1c0, 0xe1c0, 0xe1c0, 0xe1c0, 0xe1c0, 0xe1c0,
  0xe1c0, 0xe1c0, 0xe1c0, 0xe1c0, 0xe1c0, 0xe1c0, 0xe1c0, 0xe1c0,
  0xe1c0, 0xe1c0, 0xe1c0, 0xe1c0, 0xe1c0, 0xe1c0, 0xe1c0, 0xe1c0,
  0xe1c0, 0xe1c0, 0xe1c0, 0xe1c0, 0xe1c0, 0xe1c0, 0xe1c0, 0xe1c0,
  0xe1c0, 0xe1c0, 0xe1c0, 0xe1c0, 0xe1c0, 0xe1c0, 0xe1c0, 0xe1c0,
  0xe1c0, 0xe1c0, 0xe1c0, 0xe1c0, 0xe1c0, 0xe1c0, 0xe1c0, 0xe1c0,
  0xe1c0, 0xe1c0, 0xe1c0, 0xe1c0, 0xe1c0, 0xe1c0, 0xe1c0, 0xe1c0,
  0xe1c0, 0xe1c0, 0xe1c0, 0xe1c0, 0xe1c0, 0xe1c0, 0xe1c0, 0xe1c0,
  0xe1c0, 0xe1c0, 0xe1c0, 0xe1c0, 0xe1c0, 0xe1c0, 0xe1c0, 0xe1c0,
  0xe1c0, 0xe1c0, 0xe1c0, 0xe1c0, 0xe1c0, 0xe1c0, 0xe1c0, 0xe1c0,
  0xe1c0, 0xe1c0, 0xe1c0, 0xe1c0, 0xe1c0, 0xe1c0, 0xe1c0, 0xe1c0,
  0xe1c0, 0xe1c0, 0xe1c0, 0xe1c0, 0xe1c0, 0xe1c0, 0xe1c0, 0xe1c0,
  0xe1c0, 0xe1c0, 0xe1c0, 0xe1c0, 0xe1c0, 0xe1c0, 0xe1c0, 0xe1c0,
  0xe1c0, 0xe1c0, 0xe1c0, 0xe1c0, 0xe1c0, 0xe1c0, 0xe1c0, 0xe1c0,
  0xe1c0, 0xe1c0, 0xe1c0, 0xe1c0, 0xe1c0, 0xe1c0, 0xe1c0, 0xe1c0,
  0xe1c0, 0xe1c0, 0xe1c0, 0xe1c0, 0xe1c0, 0xe1c0, 0xe1c0, 0xe1c0,
  0xe1c0, 0xe1c0, 0xe1c0, 0xe1c0, 0xe1c0, 0xe1c0, 0xe1c0, 0xe1c0,
  0xe1c0, 0xe1c0, 0xe1c0, 0xe1c0, 0xe1c0, 0xe1c0, 0xe1c0, 0xe1c0,
  0xe1c0, 0xe1c0, 0xe1c0, 0xe1c0, 0xe1c0, 0xe1c0, 0xe1c0, 0xe1c0,
  0xe1c0, 0xe1c0, 0xe1c0, 0xe1c0, 0xe1c0, 0xe1c0, 0xe1c0, 0xe1c0,
  0xe1c0, 0xe1c0, 0xe1c0, 0xe1c0, 0xe1c0, 0xe1c0, 0xe1c0, 0xe1c0,
  0xe1c0, 0xe1c0, 0xe1c0, 0xe1c0, 0xe9c0, 0xe9c0, 0xe1c0, 0xe1c0,
  0xe1c0, 0xe1c0, 0xe1c0, 0xe1c0, 0xe1c0, 0xe1c0, 0xe1c0, 0xe1c0,
  0xe1c0, 0xe1c0, 0xe1c0, 0xe1c0, 0xe1c0, 0xe1c0, 0xe1c0, 0xe1c0,
  0xe1c0, 0xe1c0, 0xe1c0, 0xe1c0, 0xe1c0, 0xe1c0, 0xe1c0, 0xe1c0,
  0xe1c0, 0xe1c0, 0xe1c0, 0xe1c0, 0xe1c0, 0xe1c0, 0xe1c0, 0xe1c0,
  0xe1c0, 0xe1c0, 0xe1c0, 0xe1c0, 0xe1c0, 0xe1c0, 0xe1c0, 0xe1c0,
  0xe1c0, 0xe1c0, 0xe1c0, 0xe1c0, 0xe1c0, 0xe1c0, 0xe1c0, 0xe1c0,
  0xe1c0, 0xe1c0, 0xe1c0, 0xe1c0, 0xe1c0, 0xe1c0, 0xe1c0, 0xe1c0,
  0xe1c0, 0xe1c0, 0xe9c0, 0xe9c0, 0xe9c0, 0xe1c0, 0xe1c0, 0xe1c0,
  0xe1c0, 0xe1c0, 0xe1c0, 0xe1c0, 0xe1c0, 0xe1c0, 0xe1c0, 0xe1c0,
  0xe1c0, 0xe1c0, 0xe1c0, 0xe1c0, 0xe1c0, 0xe1c0, 0xe1c0, 0xe1c0,
  0xe1c0, 0xe1c0, 0xe1c0, 0xe1c0, 0xe1c0, 0xe1c0, 0xe1c0, 0xe1c0,
  0xe1c0, 0xe1c0, 0xe1c0, 0xe1c0, 0xe1c0, 0xe1c0, 0xe1c0, 0xe1c0,
  0xe1c0, 0xe1c0, 0xe1c0, 0xe1c0, 0xe1c0, 0xe1c0, 0xe1c0, 0xe1c0,
  0xe1c0, 0xe1c0, 0xe1c0, 0xe1c0, 0xe1c0, 0xe1c0, 0xe1c0, 0xe1c0,
  0xe1c0, 0xe1c0, 0xe1c0, 0xe1c0, 0xe1c0, 0xe1c0, 0xe1c0, 0xe1c0,
  0xe1c0, 0xe1c0, 0xe1c0, 0xe1c0, 0xe1c0, 0xe1c0, 0xe1c0, 0xe1c0,
  0xe1c0, 0xe1c0, 0xe1c0, 0xe1c0, 0xe1c0, 0xe1c0, 0xe1c0, 0xe1c0,
  0xe1c0, 0xe1c0, 0xe1c0, 0xe1c0, 0xe1c0, 0xe1c0, 0xe1c0, 0xe1c0,
  0xe1c0, 0xe1c0, 0xe1c0, 0xe1c0, 0xe1c0, 0xe1c0, 0xe1c0, 0xe1c0,
  0xe1c0, 0xe1c0, 0xe1c0, 0xe1c0, 0xe1c0, 0xe1c0, 0xe1c0, 0xe1c0,
  0xe1c0, 0xe1c0, 0xe1c0, 0xe1c0, 0xe1c0, 0xe1c0, 0xe1c0, 0xe1c0,
  0xe1c0, 0xe1c0, 0xe1c0, 0xe1c0, 0xe1c0, 0xe1c0, 0xe1c0, 0xe1c0,
  0xe1c0, 0xe1c0, 0xe1c0, 0xe1c0, 0xe1c0, 0xe1c0, 0xe1c0, 0xe1c0,
  0xe1c0, 0xe1c0, 0xe1c0, 0xe1c0, 0xe1c0, 0xe1c0, 0xe1c0, 0xe1c0,
  0xe1c0, 0xe1c0, 0xe1c0, 0xe1c0, 0xe1c0, 0xe1c0, 0xe1c0, 0xe1c0,
  0xe1c0, 0xe1c0, 0xe1c0, 0xe1c0, 0xe1c0, 0xe1c0, 0xe1c0, 0xe1c0,
  0xe1c0, 0xe1c0, 0xe1c0, 0xe1c0, 0xe1c0, 0xe1c0, 0xe1c0, 0xe1c0,
  0xe1c0, 0xe1c0, 0xe1c0, 0xe1c0, 0xe1c0, 0xe1c0, 0xe1c0, 0xe1c0,
  0xe1c0, 0xe1c0, 0xe1c0, 0xe1c0, 0xe1c0, 0xe1c0, 0xe1c0, 0xe1c0,
  0xe1c0, 0xe1c0, 0xe1c0, 0xe1c0, 0xe1c0, 0xe1c0, 0xe1c0, 0xe1c0,
  0xe1c0, 0xe1c0, 0xe1c0, 0xe1c0, 0xe1c0, 0xe1c0, 0xe1c0, 0xe1c0,
  0xe1c0, 0xe1c0, 0xe1c0, 0xe1c0, 0xe1c0, 0xe1c0, 0xe1c0, 0xe1c0,
  0xe1c0, 0xe1c0, 0xe1c0, 0xe1c0, 0xe1c0, 0xe1c0, 0xe1c0, 0xe1c0,
  0xe1c0, 0xe1c0, 0xe1c0, 0xe1c0, 0xe1c0, 0xe1c0, 0xe1c0, 0xe1c0,
  0xe1c0, 0xe1c0, 0xe1c0, 0xe1c0, 0xe1c0, 0xe1c0, 0xe1c0, 0xe1c0,
  0xe1c0, 0xe1c0, 0xe1c0, 0xe1c0, 0xe1c0, 0xe1c0, 0xe1c0, 0xe1c0,
  0xe1c0, 0xe1c0, 0xe1c0, 0xe1c0, 0xe1c0, 0xe1c0, 0xe1c0, 0xe1c0,
  0xe1c0, 0xe1c0, 0xe1c0, 0xe1c0, 0xe9c0, 0xe1c0, 0xe1c0, 0xe1c0,
  0xe1c0, 0xe1c0, 0xe1c0, 0xe1c0, 0xe1c0, 0xe1c0, 0xe1c0, 0xe1c0,
  0xe1c0, 0xe1c0, 0xe1c0, 0xe1c0, 0xe1c0, 0xe1c0, 0xe1c0, 0xe1c0,
  0xe1c0, 0xe1c0, 0xe1c0, 0xe1c0, 0xe1c0, 0xe1c0, 0xe1c0, 0xe1c0,
  0xe1c0, 0xe1c0, 0xe1c0, 0xe1c0, 0xe1c0, 0xe1c0, 0xe1c0, 0xe1c0,
  0xe1c0, 0xe1c0, 0xe1c0, 0xe1c0, 0xe1c0, 0xe1c0, 0xe1c0, 0xe1c0,
  0xe1c0, 0xe1c0, 0xe1c0, 0xe1c0, 0xe1c0, 0xe1c0, 0xe1c0, 0xe1c0,
  0xe1c0, 0xe1c0, 0xe1c0, 0xe1c0, 0xe1c0, 0xe1c0, 0xe1c0, 0xe1c0,
  0xe1c0, 0xe1c0, 0xe1c0, 0xe1c0, 0xe1c0, 0xe1c0, 0xe1c0, 0xe1c0,
  0xe1c0, 0xe1c0, 0xe1c0, 0xe1c0, 0xe1c0, 0xe1c0, 0xe1c0, 0xe1c0,
  0xe1c0, 0xe1c0, 0xe1c0, 0xe1c0, 0xe1c0, 0xe1c0, 0xe1c0, 0xe1c0,
  0xe1c0, 0xe1c0, 0xe1c0, 0xe1c0, 0xe1c0, 0xe1c0, 0xe1c0, 0xe1c0,
  0xe1c0, 0xe1c0, 0xe1c0, 0xe1c0, 0xe1c0, 0xe1c0, 0xe1c0, 0xe1c0,
  0xe1c0, 0xe1c0, 0xe1c0, 0xe1c0, 0xe1c0, 0xe1c0, 0xe1c0, 0xe1c0,
  0xe1c0, 0xe1c0, 0xe1c0, 0xe1c0, 0xe1c0, 0xe1c0, 0xe1c0, 0xe1c0,
  0xe1c0, 0xe1c0, 0xe1c0, 0xe1c0, 0xe1c0, 0xe1c0, 0xe1c0, 0xe1c0,
  0xe1c0, 0xe1c0, 0xe1c0, 0xe1c0, 0xe1c0, 0xe1c0, 0xe1c0, 0xe1c0,
  0xe1c0, 0xe1c0, 0xe1c0, 0xe1c0, 0xe1c0, 0xe1c0, 0xe1c0, 0xe1c0,
  0xe1c0, 0xe1c0, 0xe1c0, 0xe1c0, 0xe1c0, 0xe1c0, 0xe1c0, 0xe1c0,
  0xe1c0, 0xe1c0, 0xe1c0, 0xe1c0, 0xe1c0, 0xe1c0, 0xe1c0, 0xe1c0,
  0xe1c0, 0xe1c0, 0xe1c0, 0xe1c0, 0xe1c0, 0xe1c0, 0xe1c0, 0xe1c0,
  0xe1c0, 0xe1c0, 0xe1c0, 0xe1c0, 0xe1c0, 0xe1c0, 0xe1c0, 0xe1c0,
  0xe1c0, 0xe1c0, 0xe1c0, 0xe1c0, 0xe1c0, 0xe1c0, 0xe1c0, 0xe1c0,
  0xe1c0, 0xe1c0, 0xe1c0, 0xe1c0, 0xe1c0, 0xe1c0, 0xe1c0, 0xe1c0,
  0xe1c0, 0xe1c0, 0xe1c0, 0xe1c0, 0xe1c0, 0xe1c0, 0xe1c0, 0xe1c0,
  0xe1c0, 0xe1c0, 0xe1c0, 0xe1c0, 0xe1c0, 0xe1c0, 0xe1c0, 0xe1c0,
  0xe1c0, 0xe1c0, 0xe1c0, 0xe1c0, 0xe1c0, 0xe1c0, 0xe1c0, 0xe1c0,
  0xe1c0, 0xe1c0, 0xe1c0, 0xe1c0, 0xe1c0, 0xe1c0, 0xe1c0, 0xe1c0,
  0xe1c0, 0xe1c0, 0xe1c0, 0xe1c0, 0xe1c0, 0xe1c0, 0xe1c0, 0xe1c0,
  0xe1c0, 0xe1c0, 0xe1c0, 0xe1c0, 0xe1c0, 0xe1c0, 0xe1c0, 0xe1c0,
  0xe1c0, 0xe1c0, 0xe1c0, 0xe1c0, 0xe1c0, 0xe1c0, 0xe1c0, 0xe1c0,
  0xe1c0, 0xe1c0, 0xe1c0, 0xe1c0, 0xe1c0, 0xe1c0, 0xe1c0, 0xe1c0,
  0xe1c0, 0xe1c0, 0xe1c0, 0xe1c0, 0xe1c0, 0xe1c0, 0xe1c0, 0xe1c0,
  0xe1c0, 0xe1c0, 0xe1c0, 0xe1c0, 0xe1c0, 0xe1c0, 0xe1c0, 0xe1c0,
  0xe1c0, 0xe1c0, 0xe1c0, 0xe1c0, 0xe1c0, 0xe1c0, 0xe1c0, 0xe1c0,
  0xe1c0, 0xe1c0, 0xe1c0, 0xe1c0, 0xe1c0, 0xe1c0, 0xe1c0, 0xe1c0,
  0xe1c0, 0xe1c0, 0xe1c0, 0xe1c0, 0xe1c0, 0xe1c0, 0xe1c0, 0xe1c0,
  0xe1c0, 0xe1c0, 0xe1c0, 0xe1c0, 0xe1c0, 0xe1c0, 0xe1c0, 0xe1c0,
  0xe1c0, 0xe1c0, 0xe1c0, 0xe1c0, 0xe1c0, 0xe1c0, 0xe1c0, 0xe1c0,
  0xe1c0, 0xe1c0, 0xe1c0, 0xe1c0, 0xe1c0, 0xe1c0, 0xe1c0, 0xe1c0,
  0xe1c0, 0xe1c0, 0xe1c0, 0xe1c0, 0xe1c0, 0xe1c0, 0xe1c0, 0xe1c0,
  0xe1c0, 0xe1c0, 0xe1c0, 0xe1c0, 0xe1c0, 0xe1c0, 0xe1c0, 0xe1c0,
  0xe1c0, 0xe1c0, 0xe1c0, 0xe1c0, 0xe1c0, 0xe1c0, 0xe1c0, 0xe1c0,
  0xe1c0, 0xe1c0, 0xe1c0, 0xe1c0, 0xe1c0, 0xe1c0, 0xe1c0, 0xe1c0,
  0xe1c0, 0xe1c0, 0xe1c0, 0xe1c0, 0xe1c0, 0xe1c0, 0xe1c0, 0xe1c0,
  0xe1c0, 0xe1c0, 0xe1c0, 0xe1c0, 0xe1c0, 0xe1c0, 0xe1c0, 0xe1c0,
  0xe1c0, 0xe1c0, 0xe1c0, 0xe1c0, 0xe1c0, 0xe1c0, 0xe1c0, 0xe1c0,
  0xe1c0, 0xe1c0, 0xe1c0, 0xe1c0, 0xe1c0, 0xe1c0, 0xe1c0, 0xe1c0,
  0xe1c0, 0xe1c0, 0xe1c0, 0xe1c0, 0xe1c0, 0xe1c0, 0xe1c0, 0xe1c0,
  0xe1c0, 0xe1c0, 0xe1c0, 0xe1c0, 0xe1c0, 0xe1c0, 0xe1c0, 0xe1c0,
  0xe1c0, 0xe1c0, 0xe1c0, 0xe1c0, 0xe1c0, 0xe1c0, 0xe1c0, 0xe1c0,
  0xe1c0, 0xe1c0, 0xe1c0, 0xe1c0, 0xe1c0, 0xe1c0, 0xe1c0, 0xe1c0,
  0xe1c0, 0xe1c0, 0xe1c0, 0xe1c0, 0xe1c0, 0xe1c0, 0xe1c0, 0xe1c0,
  0xe1c0, 0xe1c0, 0xe1c0, 0xe1c0, 0xe1c0, 0xe1c0, 0xe1c0, 0xe1c0,
  0xe1c0, 0xe1c0, 0xe1c0, 0xe1c0, 0xe1c0, 0xe1c0, 0xe1c0, 0xe1c0,
  0xe1c0, 0xe1c0, 0xe1c0, 0xe1c0, 0xe1c0, 0xe1c0, 0xe1c0, 0xe1c0,
  0xe1c0, 0xe1c0, 0xe1c0, 0xe1c0, 0xe1c0, 0xe1c0, 0xe1c0, 0xe1c0,
  0xe1c0, 0xe1c0, 0xe1c0, 0xe1c0, 0xe1c0, 0xe1c0, 0xe1c0, 0xe1c0,
  0xe1c0, 0xe1c0, 0xe1c0, 0xe1c0, 0xe1c0, 0xe1c0, 0xe1c0, 0xe1c0,
  0xe1c0, 0xe1c0, 0xe1c0, 0xe1c0, 0xe1c0, 0xe1c0, 0xe1c0, 0xe1c0,
  0xe1c0, 0xe1c0, 0xe1c0, 0xe1c0, 0xe1c0, 0xe1c0, 0xe1c0, 0xe1c0,
  0xe1c0, 0xe1c0, 0xe1c0, 0xe1c0, 0xe1c0, 0xe1c0, 0xe1c0, 0xe1c0,
  0xe1c0, 0xe1c0, 0xe1c0, 0xe1c0, 0xe1c0, 0xe1c0, 0xe1c0, 0xe1c0,
  0xe1c0, 0xe1c0, 0xe1c0, 0xe1c0, 0xe1c0, 0xe1c0, 0xe1c0, 0xe1c0,
  0xe1c0, 0xe1c0, 0xe1c0, 0xe1c0, 0xe1c0, 0xe1c0, 0xe1c0, 0xe1c0,
  0xe1c0, 0xe1c0, 0xe1c0, 0xe1c0, 0xe1c0, 0xe1c0, 0xe1c0, 0xe1c0,
  0xe1c0, 0xe1c0, 0xe1c0, 0xe1c0, 0xe1c0, 0xe1c0, 0xe1c0, 0xe1c0,
  0xe1c0, 0xe1c0, 0xe1c0, 0xe1c0, 0xe1c0, 0xe1c0, 0xe1c0, 0xe1c0,
  0xe1c0, 0xe1c0, 0xe1c0, 0xe1c0, 0xe1c0, 0xe1c0, 0xe1c0, 0xe1c0,
  0xe1c0, 0xe1c0, 0xe1c0, 0xe1c0, 0xe1c0, 0xe1c0, 0xe1c0, 0xe1c0,
  0xe1c0, 0xe1c0, 0xe1c0, 0xe1c0, 0xe1c0, 0xe1c0, 0xe1c0, 0xe1c0,
  0xe1c0, 0xe1c0, 0xe1c0, 0xe1c0, 0xe1c0, 0xe1c0, 0xe1c0, 0xe1c0,
  0xe1c0, 0xe1c0, 0xe1c0, 0xe1c0, 0xe1c0, 0xe1c0, 0xe1c0, 0xe1c0,
  0xe1c0, 0xe1c0, 0xe1c0, 0xe1c0, 0xe1c0, 0xe1c0, 0xe1c0, 0xe1c0,
  0xe1c0, 0xe1c0, 0xe1c0, 0xe1c0, 0xe1c0, 0xe1c0, 0xe1c0, 0xe1c0,
  0xe1c0, 0xe1c0, 0xe1c0, 0xe1c0, 0xe1c0, 0xe1c0, 0xe1c0, 0xe1c0,
  0xe1c0, 0xe1c0, 0xe1c0, 0xe1c0, 0xe1c0, 0xe1c0, 0xe1c0, 0xe1c0,
  0xe1c0, 0xe1c0, 0xe1c0, 0xe1c0, 0xe1c0, 0xe1c0, 0xe1c0, 0xe1c0,
  0xe1c0, 0xe1c0, 0xe1c0, 0xe1c0, 0xe1c0, 0xe1c0, 0xe1c0, 0xe1c0,
  0xe1c0, 0xe1c0, 0xe1c0, 0xe1c0, 0xe1c0, 0xe1c0, 0xe1c0, 0xe1c0,
  0xe1c0, 0xe1c0, 0xe1c0, 0xe1c0, 0xe1c0, 0xe1c0, 0xe1c0, 0xe1c0,
  0xe1c0, 0xe1c0, 0xe1c0, 0xe1c0, 0xe1c0, 0xe1c0, 0xe1c0, 0xe1c0,
  0xe1c0, 0xe1c0, 0xe1c0, 0xe1c0, 0xe1c0, 0xe1c0, 0xe1c0, 0xe1c0,
  0xe1c0, 0xe1c0, 0xe1c0, 0xe1c0, 0xe1c0, 0xe1c0, 0xe1c0, 0xe1c0,
  0xe1c0, 0xe1c0, 0xe1c0, 0xe1c0, 0xe1c0, 0xe1c0, 0xe1c0, 0xe1c0,
  0xe1c0, 0xe1c0, 0xe1c0, 0xe1c0, 0xe1c0, 0xe1c0, 0xe1c0, 0xe1c0,
  0xe1c0, 0xe1c0, 0xe1c0, 0xe1c0, 0xe1c0, 0xe1c0, 0xe1c0, 0xe1c0,
  0xe1c0, 0xe1c0, 0xe1c0, 0xe1c0, 0xe1c0, 0xe1c0, 0xe1c0, 0xe1c0,
  0xe1c0, 0xe1c0, 0xe1c0, 0xe1c0, 0xe1c0, 0xe1c0, 0xe1c0, 0xe1c0,
  0xe1c0, 0xe1c0, 0xe1c0, 0xe1c0, 0xe1c0, 0xe1c0, 0xe1c0, 0xe1c0,
  0xe1c0, 0xe1c0, 0xe1c0, 0xe1c0, 0xe1c0, 0xe1c0, 0xe1c0, 0xe1c0,
  0xe1c0, 0xe1c0, 0xe1c0, 0xe1c0, 0xe1c0, 0xe1c0, 0xe1c0, 0xe1c0,
  0xe1c0, 0xe1c0, 0xe1c0, 0xe1c0, 0xe1c0, 0xe1c0, 0xe1c0, 0xe1c0,
  0xe1c0, 0xe1c0, 0xe1c0, 0xe1c0, 0xe1c0, 0xe1c0, 0xe1c0, 0xe1c0,
  0xe1c0, 0xe1c0, 0xe1c0, 0xe1c0, 0xe1c0, 0xe1c0, 0xe1c0, 0xe1c0,
  0xe1c0, 0xe1c0, 0xe1c0, 0xe1c0, 0xe1c0, 0xe1c0, 0xe1c0, 0xe1c0,
  0xe1c0, 0xe1c0, 0xe1c0, 0xe1c0, 0xe1c0, 0xe1c0, 0xe1c0, 0xe1c0,
  0xe1c0, 0xe1c0, 0xe1c0, 0xe1c0, 0xe1c0, 0xe1c0, 0xe1c0, 0xe1c0,
  0xe1c0, 0xe1c0, 0xe1c0, 0xe1c0, 0xe1c0, 0xe1c0, 0xe1c0, 0xe1c0,
  0xe1c0, 0xe1c0, 0xe1c0, 0xe1c0, 0xe1c0, 0xe1c0, 0xe1c0, 0xe1c0,
  0xe1c0, 0xe1c0, 0xe1c0, 0xe1c0, 0xe1c0, 0xe1c0, 0xe1c0, 0xe1c0,
  0xe1c0, 0xe1c0, 0xe1c0, 0xe1c0, 0xe1c0, 0xe1c0, 0xe1c0, 0xe1c0,
  0xe1c0, 0xe1c0, 0xe1c0, 0xe1c0, 0xe1c0, 0xe1c0, 0xe1c0, 0xe1c0,
  0xe1c0, 0xe1c0, 0xe1c0, 0xe1c0, 0xe1c0, 0xe1c0, 0xe1c0, 0xe1c0,
  0xe1c0, 0xe1c0, 0xe1c0, 0xe1c0, 0xe1c0, 0xe1c0, 0xe1c0, 0xe1c0,
  0xe1c0, 0xe1c0, 0xe1c0, 0xe1c0, 0xe1c0, 0xe1c0, 0xe1c0, 0xe1c0,
  0xe1c0, 0xe1c0, 0xe1c0, 0xe1c0, 0xe1c0, 0xe1c0, 0xe1c0, 0xe1c0,
  0xe1c0, 0xe1c0, 0xe1c0, 0xe1c0, 0xe1c0, 0xe1c0, 0xe1c0, 0xe1c0,
  0xe1c0, 0xe1c0, 0xe1c0, 0xe1c0, 0xe1c0, 0xe1c0, 0xe1c0, 0xe1c0,
  0xe1c0, 0xe1c0, 0xe1c0, 0xe1c0, 0xe1c0, 0xe1c0, 0xe1c0, 0xe1c0,
  0xe1c0, 0xe1c0, 0xe1c0, 0xe1c0, 0xe1c0, 0xe1c0, 0xe1c0, 0xe1c0,
  0xe1c0, 0xe1c0, 0xe1c0, 0xe1c0, 0xe1c0, 0xe1c0, 0xe1c0, 0xe1c0,
  0xe1c0, 0xe1c0, 0xe1c0, 0xe1c0, 0xe1c0, 0xe1c0, 0xe1c0, 0xe1c0,
  0xe1c0, 0xe1c0, 0xe1c0, 0xe1c0, 0xe1c0, 0xe1c0, 0xe1c0, 0xe1c0,
  0xe1c0, 0xe1c0, 0xe1c0, 0xe1c0, 0xe1c0, 0xe1c0, 0xe1c0, 0xe1c0,
  0xe1c0, 0xe1c0, 0xe1c0, 0xe1c0, 0xe1c0, 0xe1c0, 0xe1c0, 0xe1c0,
  0xe1c0, 0xe1c0, 0xe1c0, 0xe1c0, 0xe1c0, 0xe1c0, 0xe1c0, 0xe1c0,
  0xe1c0, 0xe1c0, 0xe1c0, 0xe1c0, 0xe1c0, 0xe1c0, 0xe9c0, 0xe1c0,
  0xe1c0, 0xe1c0, 0xe1c0, 0xe1c0, 0xe1c0, 0xe1c0, 0xe1c0, 0xe1c0,
  0xe1c0, 0xe1c0, 0xe1c0, 0xe1c0, 0xe1c0, 0xe1c0, 0xe1c0, 0xe1c0,
  0xe1c0, 0xe1c0, 0xe1c0, 0xe1c0, 0xe1c0, 0xe1c0, 0xe1c0, 0xe1c0,
  0xe1c0, 0xe1c0, 0xe1c0, 0xe1c0, 0xe1c0, 0xe1c0, 0xe1c0, 0xe1c0,
  0xe1c0, 0xe1c0, 0xe1c0, 0xe1c0, 0xe1c0, 0xe1c0, 0xe1c0, 0xe1c0,
  0xe1c0, 0xe1c0, 0xe1c0, 0xe1c0, 0xe1c0, 0xe1c0, 0xe1c0, 0xe1c0,
  0xe1c0, 0xe1c0, 0xe1c0, 0xe1c0, 0xe1c0, 0xe1c0, 0xe1c0, 0xe1c0,
  0xe1c0, 0xe1c0, 0xe1c0, 0xe1c0, 0xe1c0, 0xe1c0, 0xe1c0, 0xe1c0,
  0xe1c0, 0xe1c0, 0xe1c0, 0xe1c0, 0xe1c0, 0xe1c0, 0xe1c0, 0xe1c0,
  0xe1c0, 0xe1c0, 0xe1c0, 0xe1c0, 0xe1a0, 0xe1c0, 0xe1c0, 0xe1c0,
  0xe1c0, 0xe1c0, 0xe1c0, 0xe1c0, 0xe1c0, 0xe1c0, 0xe1c0, 0xe1c0,
  0xe1c0, 0xe1c0, 0xe1c0, 0xe1c0, 0xe1c0, 0xe1c0, 0xe1c0, 0xe1c0,
  0xe1c0, 0xe1c0, 0xe1c0, 0xe1c0, 0xe1c0, 0xe1c0, 0xe1c0, 0xe1c0,
  0xe1c0, 0xe1c0, 0xe1c0, 0xe1c0, 0xe1c0, 0xe1c0, 0xe1c0, 0xe1c0,
  0xe1c0, 0xe1c0, 0xe1c0, 0xe1c0, 0xe1c0, 0xe1c0, 0xe1c0, 0xe1c0,
  0xe1c0, 0xe1c0, 0xe1c0, 0xe1c0, 0xe1c0, 0xe1c0, 0xe1c0, 0xe1c0,
  0xe1c0, 0xe1c0, 0xe1c0, 0xe1c0, 0xe1c0, 0xe1c0, 0xe1c0, 0xe1c0,
  0xe1c0, 0xe1c0, 0xe1c0, 0xe1c0, 0xe1c0, 0xe1c0, 0xe1c0, 0xe1c0,
  0xe1c0, 0xe1c0, 0xe1c0, 0xe1c0, 0xe1c0, 0xe1c0, 0xe1c0, 0xe1c0,
  0xe1c0, 0xe1c0, 0xe1c0, 0xe1c0, 0xe1c0, 0xe1c0, 0xe1c0, 0xe1c0,
  0xe1c0, 0xe1c0, 0xe1c0, 0xe1c0, 0xe1c0, 0xe1c0, 0xe1c0, 0xe1c0,
  0xe1c0, 0xe1c0, 0xe1c0, 0xe1c0, 0xe1c0, 0xe1c0, 0xe1c0, 0xe1c0,
  0xe1c0, 0xe1c0, 0xe1c0, 0xe1c0, 0xe1c0, 0xe1c0, 0xe1c0, 0xe1c0,
  0xe1c0, 0xe1c0, 0xe1c0, 0xe1c0, 0xe1c0, 0xe1c0, 0xe1c0, 0xe1c0,
  0xe1c0, 0xe1c0, 0xe1c0, 0xe1c0, 0xe1c0, 0xe1c0, 0xe1c0, 0xe1c0,
  0xe1c0, 0xe1c0, 0xe1c0, 0xe1c0, 0xe1c0, 0xe1c0, 0xe1c0, 0xe1c0,
  0xe1c0, 0xe1c0, 0xe1c0, 0xe1c0, 0xe1c0, 0xe1c0, 0xe1c0, 0xe1c0,
  0xe1c0, 0xe1c0, 0xe1c0, 0xe1c0, 0xe1c0, 0xe1c0, 0xe1c0, 0xe1c0,
  0xe1c0, 0xe1c0, 0xe1c0, 0xe1c0, 0xe1c0, 0xe1c0, 0xe1c0, 0xe1c0,
  0xe1c0, 0xe1c0, 0xe1c0, 0xe1c0, 0xe1c0, 0xe1c0, 0xe9c0, 0xe1c0,
  0xe1c0, 0xe1c0, 0xe1c0, 0xe1c0, 0xe1c0, 0xe1c0, 0xe1c0, 0xe1c0,
  0xe1c0, 0xe1c0, 0xe1c0, 0xe1c0, 0xe1c0, 0xe1c0, 0xe1c0, 0xe1c0,
  0xe1c0, 0xe1c0, 0xe1c0, 0xe1c0, 0xe1c0, 0xe1c0, 0xe1c0, 0xe1c0,
  0xe1c0, 0xe1c0, 0xe1c0, 0xe1c0, 0xe1c0, 0xe1c0, 0xe1c0, 0xe1c0,
  0xe1c0, 0xe1c0, 0xe1c0, 0xe1c0, 0xe1c0, 0xe1c0, 0xe1c0, 0xe1c0,
  0xe1c0, 0xe1c0, 0xe1c0, 0xe1c0, 0xe1c0, 0xe1c0, 0xe1c0, 0xe1c0,
  0xe1c0, 0xe1c0, 0xe1c0, 0xe1c0, 0xe1c0, 0xe1c0, 0xe1c0, 0xe1c0,
  0xe1c0, 0xe1c0, 0xe1c0, 0xe1c0, 0xe1c0, 0xe1c0, 0xe1c0, 0xe1c0,
  0xe1c0, 0xe1c0, 0xe1c0, 0xe1c0, 0xe1c0, 0xe1c0, 0xe1c0, 0xe1c0,
  0xe1c0, 0xe1c0, 0xe1c0, 0xe1c0, 0xe1a0, 0xe1a0, 0xe1c0, 0xe1c0,
  0xe1c0, 0xe1c0, 0xe1c0, 0xe1c0, 0xe1c0, 0xe1c0, 0xe1c0, 0xe1c0,
  0xe1c0, 0xe1c0, 0xe1c0, 0xe1c0, 0xe1c0, 0xe1c0, 0xe1c0, 0xe1c0,
  0xe1c0, 0xe1c0, 0xe1c0, 0xe1c0, 0xe1c0, 0xe1c0, 0xe1c0, 0xe1c0,
  0xe1c0, 0xe1c0, 0xe1c0, 0xe1c0, 0xe1c0, 0xe1c0, 0xe1c0, 0xe1c0,
  0xe1c0, 0xe1c0, 0xe1c0, 0xe1c0, 0xe1c0, 0xe1c0, 0xe1c0, 0xe1c0,
  0xe1c0, 0xe1c0, 0xe1c0, 0xe1c0, 0xe1c0, 0xe1c0, 0xe1c0, 0xe1c0,
  0xe1c0, 0xe1c0, 0xe1c0, 0xe1c0, 0xe1c0, 0xe1c0, 0xe1c0, 0xe1c0,
  0xe1c0, 0xe1c0, 0xe1c0, 0xe1c0, 0xe1c0, 0xe1c0, 0xe1c0, 0xe1c0,
  0xe1c0, 0xe1c0, 0xe1c0, 0xe1c0, 0xe1c0, 0xe1c0, 0xe1c0, 0xe1c0,
  0xe1c0, 0xe1c0, 0xe1c0, 0xe1c0, 0xe1c0, 0xe1c0, 0xe1c0, 0xe1c0,
  0xe1c0, 0xe1c0, 0xe1c0, 0xe1c0, 0xe1c0, 0xe1c0, 0xe1c0, 0xe1c0,
  0xe1c0, 0xe1c0, 0xe1c0, 0xe1c0, 0xe1c0, 0xe1c0, 0xe1c0, 0xe1c0,
  0xe1c0, 0xe1c0, 0xe1c0, 0xe1c0, 0xe1c0, 0xe1c0, 0xe1c0, 0xe1c0,
  0xe1c0, 0xe1c0, 0xe1c0, 0xe1c0, 0xe1c0, 0xe1c0, 0xe1c0, 0xe1c0,
  0xe1c0, 0xe1c0, 0xe1c0, 0xe1c0, 0xe1c0, 0xe1c0, 0xe1c0, 0xe1c0,
  0xe1c0, 0xe1c0, 0xe1c0, 0xe1c0, 0xe1c0, 0xe1c0, 0xe1c0, 0xe1c0,
  0xe1c0, 0xe1c0, 0xe1c0, 0xe1c0, 0xe1c0, 0xe1c0, 0xe1c0, 0xe1c0,
  0xe1c0, 0xe1c0, 0xe1c0, 0xe1c0, 0xe1c0, 0xe1c0, 0xe1c0, 0xe1c0,
  0xe1c0, 0xe1c0, 0xe1c0, 0xe1c0, 0xe1c0, 0xe1c0, 0xe1c0, 0xe1c0,
  0xe1c0, 0xe1c0, 0xe1c0, 0xe1c0, 0xe1c0, 0xe1c0, 0xe1c0, 0xe1c0,
  0xe9c0, 0xe1c0, 0xe1c0, 0xe1c0, 0xe1c0, 0xe1c0, 0xe1c0, 0xe1c0,
  0xe1c0, 0xe1c0, 0xe1c0, 0xe1c0, 0xe1c0, 0xe1c0, 0xe1c0, 0xe1c0,
  0xe1c0, 0xe1c0, 0xe1c0, 0xe1c0, 0xe1c0, 0xe1c0, 0xe1c0, 0xe1c0,
  0xe1c0, 0xe1c0, 0xe1c0, 0xe1c0, 0xe1c0, 0xe1c0, 0xe1c0, 0xe1c0,
  0xe1c0, 0xe1c0, 0xe1c0, 0xe1c0, 0xe1c0, 0xe1c0, 0xe1c0, 0xe1c0,
  0xe1c0, 0xe1c0, 0xe1c0, 0xe1c0, 0xe1c0, 0xe1c0, 0xe1c0, 0xe1c0,
  0xe1c0, 0xe1c0, 0xe1c0, 0xe1c0, 0xe1c0, 0xe1c0, 0xe1c0, 0xe1c0,
  0xe1c0, 0xe1c0, 0xe1c0, 0xe1c0, 0xe1c0, 0xe1c0, 0xe1c0, 0xe1c0,
  0xe1c0, 0xe1c0, 0xe1c0, 0xe1c0, 0xe1c0, 0xe1c0, 0xe1c0, 0xe1c0,
  0xe1c0, 0xe1c0, 0xe1c0, 0xe1c0, 0xe1c0, 0xe1c0, 0xe1c0, 0xe1c0,
  0xe1c0, 0xe1c0, 0xe1c0, 0xe1c0, 0xe1c0, 0xe1c0, 0xe1c0, 0xe1c0,
  0xe1c0, 0xe1c0, 0xe1c0, 0xe1c0, 0xe1c0, 0xe1c0, 0xe1c0, 0xe1c0,
  0xe1c0, 0xe1c0, 0xe1c0, 0xe1c0, 0xe1c0, 0xe1c0, 0xe1c0, 0xe1c0,
  0xe1c0, 0xe1c0, 0xe1c0, 0xe1c0, 0xe1c0, 0xe1c0, 0xe1c0, 0xe1c0,
  0xe1c0, 0xe1c0, 0xe1c0, 0xe1c0, 0xe1c0, 0xe1c0, 0xe1c0, 0xe1c0,
  0xe1c0, 0xe1c0, 0xe1c0, 0xe1c0, 0xe1c0, 0xe1c0, 0xe1c0, 0xe1c0,
  0xe1c0, 0xe1c0, 0xe1c0, 0xe1c0, 0xe1c0, 0xe1c0, 0xe1c0, 0xe1c0,
  0xe1c0, 0xe1c0, 0xe1c0, 0xe1c0, 0xe1c0, 0xe1c0, 0xe1c0, 0xe1c0,
  0xe1c0, 0xe1c0, 0xe1c0, 0xe1c0, 0xe1c0, 0xe1c0, 0xe1c0, 0xe1c0,
  0xe1c0, 0xe1c0, 0xe1c0, 0xe1c0, 0xe1c0, 0xe1c0, 0xe1c0, 0xe1c0,
  0xe1c0, 0xe1c0, 0xe1c0, 0xe1c0, 0xe1c0, 0xe1c0, 0xe1c0, 0xe1c0,
  0xe1c0, 0xe1c0, 0xe1c0, 0xe1c0, 0xe1c0, 0xe1c0, 0xe1c0, 0xe1c0,
  0xe1c0, 0xe1c0, 0xe1c0, 0xe1c0, 0xe1c0, 0xe1c0, 0xe1c0, 0xe1c0,
  0xe1c0, 0xe1c0, 0xe1c0, 0xe1c0, 0xe1c0, 0xe1c0, 0xe1c0, 0xe1c0,
  0xe1c0, 0xe1c0, 0xe1c0, 0xe1c0, 0xe1c0, 0xe1c0, 0xe1c0, 0xe1c0,
  0xe1c0, 0xe1c0, 0xe1c0, 0xe1c0, 0xe1c0, 0xe1c0, 0xe1c0, 0xe1c0,
  0xe1c0, 0xe1c0, 0xe1c0, 0xe1c0, 0xe1c0, 0xe1c0, 0xe1c0, 0xe1c0,
  0xe1c0, 0xe1c0, 0xe1c0, 0xe1c0, 0xe1c0, 0xe1c0, 0xe1c0, 0xe1c0,
  0xe1c0, 0xe1c0, 0xe1c0, 0xe1c0, 0xe1c0, 0xe1c0, 0xe1c0, 0xe1c0,
  0xe1c0, 0xe1c0, 0xe1c0, 0xe1c0, 0xe1c0, 0xe1c0, 0xe1c0, 0xe1c0,
  0xe1c0, 0xe1c0, 0xe1c0, 0xe1c0, 0xe1c0, 0xe1c0, 0xe1c0, 0xe1c0,
  0xe1c0, 0xe1c0, 0xe1c0, 0xe1c0, 0xe1c0, 0xe1c0, 0xe1c0, 0xe1c0,
  0xe1c0, 0xe1c0, 0xe1c0, 0xe1c0, 0xe1c0, 0xe1c0, 0xe1c0, 0xe1c0,
  0xe1c0, 0xe1c0, 0xe1c0, 0xe1c0, 0xe1c0, 0xe1c0, 0xe1c0, 0xe1c0,
  0xe1c0, 0xe1c0, 0xe1c0, 0xe1c0, 0xe1c0, 0xe1c0, 0xe1c0, 0xe1c0,
  0xe1c0, 0xe1c0, 0xe1c0, 0xe1c0, 0xe1c0, 0xe1c0, 0xe1c0, 0xe1c0,
  0xe1c0, 0xe1c0, 0xe1c0, 0xe1c0, 0xe1c0, 0xe1c0, 0xe1c0, 0xe1c0,
  0xe1c0, 0xe1c0, 0xe1c0, 0xe1c0, 0xe1c0, 0xe1c0, 0xe1c0, 0xe1c0,
  0xe1c0, 0xe1c0, 0xe1c0, 0xe1c0, 0xe1c0, 0xe1c0, 0xe1c0, 0xe1c0,
  0xe1c0, 0xe1c0, 0xe1c0, 0xe1c0, 0xe1c0, 0xe1c0, 0xe1c0, 0xe1c0,
  0xe1c0, 0xe1c0, 0xe1c0, 0xe1c0, 0xe1c0, 0xe1c0, 0xe1c0, 0xe1c0,
  0xe1c0, 0xe1c0, 0xe1c0, 0xe1c0, 0xe1c0, 0xe1c0, 0xe1c0, 0xe1c0,
  0xe1c0, 0xe1c0, 0xe1c0, 0xe1c0, 0xe1c0, 0xe1c0, 0xe1c0, 0xe1c0,
  0xe1c0, 0xe1c0, 0xe1c0, 0xe1c0, 0xe1c0, 0xe1c0, 0xe1c0, 0xe1c0,
  0xe1c0, 0xe1c0, 0xe1c0, 0xe1c0, 0xe1c0, 0xe1c0, 0xe1c0, 0xe1c0,
  0xe1c0, 0xe1c0, 0xe1c0, 0xe1c0, 0xe1c0, 0xe1c0, 0xe1c0, 0xe1c0,
  0xe1c0, 0xe1c0, 0xe1c0, 0xe1c0, 0xe1c0, 0xe1c0, 0xe1c0, 0xe1c0,
  0xe1c0, 0xe1c0, 0xe1c0, 0xe1c0, 0xe1c0, 0xe1c0, 0xe1c0, 0xe1c0,
  0xe1c0, 0xe1c0, 0xe1c0, 0xe1c0, 0xe1c0, 0xe1c0, 0xe1c0, 0xe1c0,
  0xe1c0, 0xe1c0, 0xe1c0, 0xe1c0, 0xe1c0, 0xe1c0, 0xe1c0, 0xe1c0,
  0xe1c0, 0xe1c0, 0xe1c0, 0xe1c0, 0xe1c0, 0xe1c0, 0xe1c0, 0xe1c0,
  0xe1c0, 0xe1c0, 0xe1c0, 0xe1c0, 0xe1c0, 0xe1c0, 0xe1c0, 0xe1c0,
  0xe1c0, 0xe1c0, 0xe1c0, 0xe1c0, 0xe1c0, 0xe1c0, 0xe1c0, 0xe1c0,
  0xe1c0, 0xe1c0, 0xe1c0, 0xe1c0, 0xe1c0, 0xe1c0, 0xe1c0, 0xe1c0,
  0xe1c0, 0xe1c0, 0xe1c0, 0xe1c0, 0xe1c0, 0xe1c0, 0xe1c0, 0xe1c0,
  0xe1c0, 0xe1c0, 0xe1c0, 0xe1c0, 0xe1c0, 0xe1c0, 0xe1c0, 0xe1c0,
  0xe1c0, 0xe1c0, 0xe1c0, 0xe1c0, 0xe1c0, 0xe1c0, 0xe1c0, 0xe1c0,
  0xe1c0, 0xe1c0, 0xe1c0, 0xe1c0, 0xe1c0, 0xe1c0, 0xe1c0, 0xe1c0,
  0xe1c0, 0xe1c0, 0xe1c0, 0xe1c0, 0xe1c0, 0xe1c0, 0xe1c0, 0xe1c0,
  0xe1c0, 0xe1c0, 0xe1c0, 0xe1c0, 0xe1c0, 0xe1a0, 0xe1a0, 0xe1a0,
  0xe1c0, 0xe1c0, 0xe1c0, 0xe1c0, 0xe1c0, 0xe1c0, 0xe1c0, 0xe1c0,
  0xe1c0, 0xe1c0, 0xe1c0, 0xe1c0, 0xe1c0, 0xe1c0, 0xe1c0, 0xe1c0,
  0xe1c0, 0xe1c0, 0xe1c0, 0xe1c0, 0xe1c0, 0xe1c0, 0xe1c0, 0xe1c0,
  0xe1c0, 0xe1c0, 0xe1c0, 0xe1c0, 0xe1c0, 0xe1c0, 0xe1c0, 0xe1c0,
  0xe1c0, 0xe1c0, 0xe1c0, 0xe1c0, 0xe1c0, 0xe1c0, 0xe1c0, 0xe1c0,
  0xe1c0, 0xe1c0, 0xe1c0, 0xe1c0, 0xe1c0, 0xe1c0, 0xe1c0, 0xe1c0,
  0xe1c0, 0xe1c0, 0xe1c0, 0xe1c0, 0xe1c0, 0xe1c0, 0xe1c0, 0xe1c0,
  0xe1c0, 0xe1c0, 0xe1c0, 0xe1c0, 0xe1c0, 0xe1c0, 0xe1c0, 0xe1c0,
  0xe1c0, 0xe1c0, 0xe1c0, 0xe1c0, 0xe1c0, 0xe1c0, 0xe1c0, 0xe1c0,
  0xe1c0, 0xe1c0, 0xe1c0, 0xe1c0, 0xe1c0, 0xe1c0, 0xe1c0, 0xe1c0,
  0xe1c0, 0xe1c0, 0xe1c0, 0xe1c0, 0xe1c0, 0xe1c0, 0xe1c0, 0xe1c0,
  0xe1c0, 0xe1c0, 0xe1c0, 0xe1c0, 0xe1c0, 0xe1c0, 0xe1c0, 0xe1c0,
  0xe1c0, 0xe1c0, 0xe1c0, 0xe1c0, 0xe1c0, 0xe1c0, 0xe1c0, 0xe1c0,
  0xe1c0, 0xe1c0, 0xe1c0, 0xe1c0, 0xe1c0, 0xe1c0, 0xe1c0, 0xe1c0,
  0xe1c0, 0xe1c0, 0xe1c0, 0xe1c0, 0xe1c0, 0xe1c0, 0xe1c0, 0xe1c0,
  0xe1c0, 0xe1c0, 0xe1c0, 0xe1c0, 0xe1c0, 0xe1c0, 0xe1c0, 0xe1c0,
  0xe1c0, 0xe1c0, 0xe1c0, 0xe1c0, 0xe1c0, 0xe1c0, 0xe1c0, 0xe1c0,
  0xe1c0, 0xe1c0, 0xe1c0, 0xe1c0, 0xe1c0, 0xe1c0, 0xe1c0, 0xe1c0,
  0xe1c0, 0xe1c0, 0xe1c0, 0xe1c0, 0xe1c0, 0xe1c0, 0xe1c0, 0xe1c0,
  0xe1c0, 0xe1c0, 0xe1c0, 0xe1c0, 0xe1c0, 0xe1c0, 0xe1c0, 0xe1c0,
  0xe1c0, 0xe1c0, 0xe1c0, 0xe1c0, 0xe1c0, 0xe1c0, 0xe1c0, 0xe1c0,
  0xe1c0, 0xe1c0, 0xe1c0, 0xe1c0, 0xe1c0, 0xe1c0, 0xe1c0, 0xe1c0,
  0xe1c0, 0xe1c0, 0xe1c0, 0xe1c0, 0xe1c0, 0xe1c0, 0xe1c0, 0xe1c0,
  0xe1c0, 0xe1c0, 0xe1c0, 0xe1c0, 0xe1c0, 0xe1c0, 0xe1c0, 0xe1c0,
  0xe1c0, 0xe1c0, 0xe1c0, 0xe1c0, 0xe1c0, 0xe1c0, 0xe1c0, 0xe1c0,
  0xe1c0, 0xe1c0, 0xe1c0, 0xe1c0, 0xe1a0, 0xe1c0, 0xe1c0, 0xe1c0,
  0xe1c0, 0xe1c0, 0xe1c0, 0xe1c0, 0xe1c0, 0xe1c0, 0xe1c0, 0xe1c0,
  0xe1c0, 0xe1c0, 0xe1c0, 0xe1c0, 0xe1c0, 0xe1c0, 0xe1c0, 0xe1c0,
  0xe1c0, 0xe1c0, 0xe1c0, 0xe1c0, 0xe1c0, 0xe1c0, 0xe1c0, 0xe1c0,
  0xe1c0, 0xe1c0, 0xe1c0, 0xe1c0, 0xe1c0, 0xe1c0, 0xe1c0, 0xe1a0,
  0xe1a0, 0xe1a0, 0xe1a0, 0xe1c0, 0xe1c0, 0xe1c0, 0xe1c0, 0xe1c0,
  0xe1c0, 0xe1c0, 0xe1c0, 0xe1c0, 0xe1c0, 0xe1c0, 0xe1c0, 0xe1c0,
  0xe1c0, 0xe1c0, 0xe1c0, 0xe1c0, 0xe1c0, 0xe1c0, 0xe1c0, 0xe1c0,
  0xe1c0, 0xe1c0, 0xe1c0, 0xe1c0, 0xe1c0, 0xe1c0, 0xe1c0, 0xe1c0,
  0xe1c0, 0xe1c0, 0xe1c0, 0xe1c0, 0xe1c0, 0xe1c0, 0xe1c0, 0xe1c0,
  0xe1c0, 0xe1c0, 0xe1c0, 0xe1c0, 0xe1c0, 0xe1c0, 0xe1c0, 0xe1c0,
  0xe1c0, 0xe1c0, 0xe1c0, 0xe1c0, 0xe1c0, 0xe1c0, 0xe1c0, 0xe1c0,
  0xe1c0, 0xe1c0, 0xe1c0, 0xe1c0, 0xe1c0, 0xe1c0, 0xe1c0, 0xe1c0,
  0xe1c0, 0xe1c0, 0xe1c0, 0xe1c0, 0xe1c0, 0xe1c0, 0xe1c0, 0xe1c0,
  0xe1c0, 0xe1c0, 0xe1c0, 0xe1c0, 0xe1c0, 0xe1c0, 0xe1c0, 0xe1c0,
  0xe1c0, 0xe1c0, 0xe1c0, 0xe1c0, 0xe1c0, 0xe1c0, 0xe1c0, 0xe1c0,
  0xe1c0, 0xe1c0, 0xe1c0, 0xe1c0, 0xe1c0, 0xe1c0, 0xe1c0, 0xe1c0,
  0xe1c0, 0xe1c0, 0xe1c0, 0xe1c0, 0xe1c0, 0xe1c0, 0xe1c0, 0xe1c0,
  0xe1c0, 0xe1c0, 0xe1c0, 0xe1c0, 0xe1c0, 0xe1c0, 0xe1c0, 0xe1c0,
  0xe1c0, 0xe1c0, 0xe1c0, 0xe1c0, 0xe1c0, 0xe1c0, 0xe1c0, 0xe1c0,
  0xe1c0, 0xe1c0, 0xe1c0, 0xe1c0, 0xe1c0, 0xe1c0, 0xe1c0, 0xe1c0,
  0xe1c0, 0xe1c0, 0xe1c0, 0xe1c0, 0xe1c0, 0xe1c0, 0xe1c0, 0xe1c0,
  0xe1c0, 0xe1c0, 0xe1c0, 0xe1c0, 0xe1c0, 0xe1c0, 0xe1c0, 0xe1c0,
  0xe1c0, 0xe1c0, 0xd9e0, 0xd9e1, 0xda01, 0xd202, 0xc9e2, 0xc9c1,
  0xd9c0, 0xe1c0, 0xe1c0, 0xe1a0, 0xe1a0, 0xe1c0, 0xe1c0, 0xe1c0,
  0xe1c0, 0xe1c0, 0xe1c0, 0xe1c0, 0xe1c0, 0xe1c0, 0xe1c0, 0xe1c0,
  0xe1c0, 0xe1c0, 0xe1c0, 0xe1c0, 0xe1c0, 0xe1c0, 0xe1c0, 0xe1c0,
  0xe1c0, 0xe1c0, 0xe1c0, 0xe1c0, 0xe1c0, 0xe1c0, 0xe1c0, 0xe1c0,
  0xe1c0, 0xe1c0, 0xe1c0, 0xe1c0, 0xe1c0, 0xe1c0, 0xe1c0, 0xe1c0,
  0xe1c0, 0xe1c0, 0xe1c0, 0xe1c0, 0xe1c0, 0xe1c0, 0xe1c0, 0xe1c0,
  0xe1c0, 0xe1c0, 0xe1c0, 0xe1c0, 0xe1c0, 0xe1c0, 0xe1c0, 0xe1c0,
  0xe1c0, 0xe1c0, 0xe1c0, 0xe1c0, 0xe1c0, 0xe1c0, 0xe1c0, 0xe1c0,
  0xe1c0, 0xe1c0, 0xe1c0, 0xe1c0, 0xe1c0, 0xe1c0, 0xe1c0, 0xe1c0,
  0xe1c0, 0xe1c0, 0xe1a0, 0xe1a0, 0xe1c0, 0xe1c0, 0xe1c0, 0xe1c0,
  0xe1c0, 0xe1a0, 0xe1a0, 0xe1a0, 0xe1c0, 0xe1c0, 0xe1c0, 0xe1a0,
  0xe1a0, 0xe1a0, 0xe1a0, 0xe1c0, 0xe1c0, 0xe1c0, 0xe1c0, 0xe1c0,
  0xe1c0, 0xe1c0, 0xe1c0, 0xe1c0, 0xe1c0, 0xe1c0, 0xe1c0, 0xe1c0,
  0xe1c0, 0xe1c0, 0xe1c0, 0xe1c0, 0xe1c0, 0xe1c0, 0xe1c0, 0xe1c0,
  0xe1c0, 0xe1c0, 0xe1c0, 0xe1c0, 0xe1c0, 0xe1c0, 0xe1c0, 0xe1c0,
  0xe1c0, 0xe1c0, 0xe1c0, 0xe1c0, 0xe1c0, 0xe1c0, 0xe1c0, 0xe1c0,
  0xe1c0, 0xe1c0, 0xe1c0, 0xe1c0, 0xe1c0, 0xe1c0, 0xe1c0, 0xe1c0,
  0xe1c0, 0xe1c0, 0xe1c0, 0xe1c0, 0xe1c0, 0xe1c0, 0xe1c0, 0xe1c0,
  0xe1c0, 0xe1c0, 0xe1c0, 0xe1c0, 0xe1c0, 0xe1c0, 0xe1c0, 0xe1c0,
  0xe1c0, 0xe1c0, 0xe1c0, 0xe1c0, 0xe1c0, 0xe1c0, 0xe1c0, 0xe1c0,
  0xe1c0, 0xe1c0, 0xe1c0, 0xe1c0, 0xe1c0, 0xe1c0, 0xe1c0, 0xe1c0,
  0xe1c0, 0xe1c0, 0xe1c0, 0xe1c0, 0xe1c0, 0xe1c0, 0xe1c0, 0xe1c0,
  0xe1c0, 0xe1c0, 0xe1c0, 0xe1c0, 0xe1c0, 0xe1c0, 0xe1c0, 0xe1c0,
  0xe1c0, 0xe1c0, 0xe1c0, 0xe1c0, 0xe1c0, 0xe1c0, 0xe1c0, 0xe1c0,
  0xe1c0, 0xe1c0, 0xe1c0, 0xe1c0, 0xe1c0, 0xe1c0, 0xe1c0, 0xe1c0,
  0xe1c0, 0xe1c0, 0xe1c0, 0xe1c0, 0xe1c0, 0xe1c0, 0xe1c0, 0xe1c0,
  0xe1c0, 0xe1c0, 0xe1c0, 0xe1c0, 0xe1c0, 0xe1c0, 0xe1c0, 0xe1c0,
  0xe1c0, 0xe1c0, 0xe1c0, 0xe1c0, 0xe1c0, 0xe1c0, 0xe1c0, 0xe1c0,
  0xe1a0, 0xe1a0, 0xe1c0, 0xe1c0, 0xe1c0, 0xd9c0, 0xd9c0, 0xc9e1,
  0xc9e2, 0xb9e2, 0xa9e3, 0x99c4, 0x81a3, 0x6143, 0x48a2, 0x60a1,
  0xc9c1, 0xe1c0, 0xe1a0, 0xe1a0, 0xe1a0, 0xe1c0, 0xe1c0, 0xe1c0,
  0xe1c0, 0xe1c0, 0xe1c0, 0xe1c0, 0xe1c0, 0xe1c0, 0xe1c0, 0xe1c0,
  0xe1c0, 0xe1c0, 0xe1c0, 0xe1c0, 0xe1c0, 0xe1c0, 0xe1c0, 0xe1c0,
  0xe1c0, 0xe1c0, 0xe1c0, 0xe1c0, 0xe1c0, 0xe1c0, 0xe1c0, 0xe1c0,
  0xe1c0, 0xe1c0, 0xe1c0, 0xe1c0, 0xe1c0, 0xe1c0, 0xe1c0, 0xe1c0,
  0xe1c0, 0xe1c0, 0xe1c0, 0xe1c0, 0xe1c0, 0xe1c0, 0xe1c0, 0xe1c0,
  0xe1c0, 0xe1c0, 0xe1c0, 0xe1c0, 0xe1c0, 0xe1c0, 0xe1c0, 0xe1c0,
  0xe1c0, 0xe1c0, 0xe1c0, 0xe1c0, 0xe1c0, 0xe1c0, 0xe1c0, 0xe1c0,
  0xe1c0, 0xe1c0, 0xe1c0, 0xe1c0, 0xe1c0, 0xe1c0, 0xe1c0, 0xe1c0,
  0xe1c0, 0xe1c0, 0xe1c0, 0xe1c0, 0xe1c0, 0xe1c0, 0xe1c0, 0xe1c0,
  0xe1c0, 0xe1a0, 0xe1a0, 0xe1a0, 0xe1c0, 0xe1c0, 0xe1c0, 0xe1a0,
  0xe1a0, 0xe1a0, 0xe1c0, 0xe1c0, 0xe1c0, 0xe1c0, 0xe1c0, 0xe1c0,
  0xe1c0, 0xe1c0, 0xe1c0, 0xe1c0, 0xe1c0, 0xe1c0, 0xe1c0, 0xe1c0,
  0xe1c0, 0xe1c0, 0xe1c0, 0xe1c0, 0xe1c0, 0xe1c0, 0xe1c0, 0xe1c0,
  0xe1c0, 0xe1c0, 0xe1c0, 0xe1c0, 0xe1c0, 0xe1c0, 0xe1c0, 0xe1c0,
  0xe1c0, 0xe1c0, 0xe1c0, 0xe1c0, 0xe1c0, 0xe1c0, 0xe1c0, 0xe1c0,
  0xe1c0, 0xe1c0, 0xe1c0, 0xe1c0, 0xe1c0, 0xe1c0, 0xe1c0, 0xe1c0,
  0xe1c0, 0xe1c0, 0xe1c0, 0xe1c0, 0xe1c0, 0xe1c0, 0xe1c0, 0xe1c0,
  0xe1c0, 0xe1c0, 0xe1c0, 0xe1c0, 0xe1c0, 0xe1c0, 0xe1c0, 0xe1c0,
  0xe1c0, 0xe1c0, 0xe1c0, 0xe1c0, 0xe1c0, 0xe1c0, 0xe1c0, 0xe1c0,
  0xe1c0, 0xe1c0, 0xe1c0, 0xe1c0, 0xe1c0, 0xe1c0, 0xe1c0, 0xe1c0,
  0xe1c0, 0xe1c0, 0xe1c0, 0xe1c0, 0xe1c0, 0xe1c0, 0xe1c0, 0xe1c0,
  0xe1c0, 0xe1c0, 0xe1c0, 0xe1c0, 0xe1c0, 0xe1c0, 0xe1c0, 0xe1c0,
  0xe1c0, 0xe1c0, 0xe1c0, 0xe1c0, 0xe1c0, 0xe1c0, 0xe1c0, 0xe1c0,
  0xe1c0, 0xe1c0, 0xe1c0, 0xe1c0, 0xe1c0, 0xe1c0, 0xe1c0, 0xe1c0,
  0xe1c0, 0xe1c0, 0xe1c0, 0xe1c0, 0xe1c0, 0xe1c0, 0xe1c0, 0xe1c0,
  0xe1c0, 0xe1c0, 0xe1c0, 0xe1c0, 0xe1c0, 0xe1c0, 0xe1c0, 0xe1c0,
  0xe1c0, 0xe1c0, 0xe1c0, 0xe1c0, 0xe1c0, 0xe1c0, 0xe1a0, 0xe1a0,
  0xd9c0, 0xd9c0, 0xd1c1, 0xc9c1, 0xc1c2, 0xb1c3, 0xa1c4, 0x8183,
  0x6143, 0x5144, 0x4144, 0x49e7, 0x6b0c, 0xa514, 0x9471, 0x6123,
  0xc9c2, 0xd9c0, 0xe1a0, 0xe1a0, 0xe1c0, 0xe1c0, 0xe1c0, 0xe1c0,
  0xe1c0, 0xe1c0, 0xe1c0, 0xe1c0, 0xe1c0, 0xe1c0, 0xe1c0, 0xe1c0,
  0xe1c0, 0xe1c0, 0xe1c0, 0xe1c0, 0xe1c0, 0xe1c0, 0xe1c0, 0xe1c0,
  0xe1c0, 0xe1c0, 0xe1c0, 0xe1c0, 0xe1c0, 0xe1c0, 0xe1c0, 0xe1c0,
  0xe1c0, 0xe1c0, 0xe1c0, 0xe1c0, 0xe1c0, 0xe1c0, 0xe1c0, 0xe1c0,
  0xe1c0, 0xe1c0, 0xe1c0, 0xe1c0, 0xe1c0, 0xe1c0, 0xe1c0, 0xe1c0,
  0xe1c0, 0xe1c0, 0xe1c0, 0xe1c0, 0xe1c0, 0xe1c0, 0xe1c0, 0xe1c0,
  0xe1c0, 0xe1c0, 0xe1c0, 0xe1c0, 0xe1c0, 0xe1c0, 0xe1c0, 0xe1c0,
  0xe1c0, 0xe1c0, 0xe1c0, 0xe1c0, 0xe1c0, 0xe1c0, 0xe1c0, 0xe1c0,
  0xe1c0, 0xe1c0, 0xe1c0, 0xe1c0, 0xe1c0, 0xe1c0, 0xe1c0, 0xe1c0,
  0xe1c0, 0xe1a0, 0xe1a0, 0xe1a0, 0xe1c0, 0xe1c0, 0xe1c0, 0xe1a0,
  0xe1a0, 0xe1c0, 0xe1c0, 0xe1c0, 0xe1c0, 0xe1c0, 0xe1c0, 0xe1c0,
  0xe1c0, 0xe1c0, 0xe1c0, 0xe1c0, 0xe1c0, 0xe1c0, 0xe1c0, 0xe1c0,
  0xe1c0, 0xe1c0, 0xe1c0, 0xe1c0, 0xe1c0, 0xe1c0, 0xe1c0, 0xe1c0,
  0xe1c0, 0xe1c0, 0xe1c0, 0xe1c0, 0xe1c0, 0xe1c0, 0xe1c0, 0xe1c0,
  0xe1c0, 0xe1c0, 0xe1c0, 0xe1c0, 0xe1c0, 0xe1c0, 0xe1c0, 0xe1c0,
  0xe1c0, 0xe1c0, 0xe1c0, 0xe1c0, 0xe1c0, 0xe1c0, 0xe1c0, 0xe1c0,
  0xe1c0, 0xe1c0, 0xe1c0, 0xe1c0, 0xe1c0, 0xe1c0, 0xe1c0, 0xe1c0,
  0xe1c0, 0xe1c0, 0xe1c0, 0xe1c0, 0xe1c0, 0xe1c0, 0xe1c0, 0xe1c0,
  0xe1c0, 0xe1c0, 0xe1c0, 0xe1c0, 0xe1c0, 0xe1c0, 0xe1c0, 0xe1c0,
  0xe1c0, 0xe1c0, 0xe1c0, 0xe1c0, 0xe1c0, 0xe1c0, 0xe1c0, 0xe1c0,
  0xe1c0, 0xe1c0, 0xe1c0, 0xe1c0, 0xe1c0, 0xe1c0, 0xe1c0, 0xe1c0,
  0xe1c0, 0xe1c0, 0xe1c0, 0xe1c0, 0xe1c0, 0xe1c0, 0xe1c0, 0xe1c0,
  0xe1c0, 0xe1c0, 0xe1c0, 0xe1c0, 0xe1c0, 0xe1c0, 0xe1c0, 0xe1c0,
  0xe1c0, 0xe1c0, 0xe1c0, 0xe1c0, 0xe1c0, 0xe1c0, 0xe1c0, 0xe1c0,
  0xe1c0, 0xe1c0, 0xe1c0, 0xe1c0, 0xe1c0, 0xe1c0, 0xe1c0, 0xe1c0,
  0xe1c0, 0xe1c0, 0xe1c0, 0xe1c0, 0xe1c0, 0xe1c0, 0xe1c0, 0xe1c0,
  0xe1c0, 0xe1c0, 0xe1a0, 0xe1a0, 0xe1a0, 0xe1c0, 0xd9c0, 0xc9a1,
  0xb1a2, 0x99a3, 0x8183, 0x7184, 0x6164, 0x59a5, 0x5a07, 0x6aeb,
  0x8c10, 0xbdd7, 0xdefb, 0xf7be, 0xffdf, 0xffff, 0x9492, 0x7164,
  0xc9a1, 0xd9a0, 0xe1a0, 0xe1a0, 0xe1a0, 0xe1a0, 0xe1a0, 0xe1a0,
  0xe1a0, 0xe1c0, 0xe1c0, 0xe1c0, 0xe1c0, 0xe1c0, 0xe1c0, 0xe1c0,
  0xe1c0, 0xe1c0, 0xe1c0, 0xe1c0, 0xe1c0, 0xe1c0, 0xe1c0, 0xe1c0,
  0xe1c0, 0xe1c0, 0xe1c0, 0xe1c0, 0xe1c0, 0xe1c0, 0xe1c0, 0xe1c0,
  0xe1c0, 0xe1c0, 0xe1c0, 0xe1c0, 0xe1c0, 0xe1c0, 0xe1c0, 0xe1c0,
  0xe1c0, 0xe1c0, 0xe1c0, 0xe1c0, 0xe1c0, 0xe1c0, 0xe1c0, 0xe1c0,
  0xe1c0, 0xe1c0, 0xe1c0, 0xe1c0, 0xe1c0, 0xe1c0, 0xe1c0, 0xe1c0,
  0xe1c0, 0xe1c0, 0xe1c0, 0xe1c0, 0xe1c0, 0xe1c0, 0xe1c0, 0xe1c0,
  0xe1c0, 0xe1a0, 0xe1a0, 0xe1c0, 0xe1c0, 0xe1c0, 0xe1c0, 0xe1c0,
  0xe1c0, 0xe1c0, 0xe1c0, 0xe1c0, 0xe1c0, 0xe1c0, 0xe1c0, 0xe1c0,
  0xe1c0, 0xe1c0, 0xe1c0, 0xe1c0, 0xe1c0, 0xe1c0, 0xe1c0, 0xe1c0,
  0xe1c0, 0xe1c0, 0xe1c0, 0xe1c0, 0xe1c0, 0xe1c0, 0xe1c0, 0xe1c0,
  0xe1c0, 0xe1c0, 0xe1c0, 0xe1c0, 0xe1c0, 0xe1c0, 0xe1c0, 0xe1c0,
  0xe1c0, 0xe1c0, 0xe1c0, 0xe1c0, 0xe1c0, 0xe1c0, 0xe1c0, 0xe1c0,
  0xe1c0, 0xe1c0, 0xe1c0, 0xe1c0, 0xe1c0, 0xe1c0, 0xe1c0, 0xe1c0,
  0xe1c0, 0xe1c0, 0xe1c0, 0xe1c0, 0xe1c0, 0xe1c0, 0xe1c0, 0xe1c0,
  0xe1c0, 0xe1c0, 0xe1c0, 0xe1c0, 0xe1c0, 0xe1c0, 0xe1c0, 0xe1c0,
  0xe1c0, 0xe1c0, 0xe1c0, 0xe1c0, 0xe1c0, 0xe1c0, 0xe1c0, 0xe1c0,
  0xe1c0, 0xe1c0, 0xe1c0, 0xe1c0, 0xe1c0, 0xe1c0, 0xe1c0, 0xe1c0,
  0xe1c0, 0xe1c0, 0xe1c0, 0xe1c0, 0xe1c0, 0xe1c0, 0xe1c0, 0xe1c0,
  0xe1c0, 0xe1c0, 0xe1c0, 0xe1c0, 0xe1c0, 0xe1c0, 0xe1c0, 0xe1c0,
  0xe1c0, 0xe1c0, 0xe1c0, 0xe1c0, 0xe1c0, 0xe1c0, 0xe1c0, 0xe1c0,
  0xe1c0, 0xe1c0, 0xe1c0, 0xe1c0, 0xe1c0, 0xe1c0, 0xe1c0, 0xe1c0,
  0xe1c0, 0xe1c0, 0xe1c0, 0xe1c0, 0xe1c0, 0xe1c0, 0xe1c0, 0xe1c0,
  0xe1c0, 0xe1c0, 0xe1c0, 0xe1c0, 0xe1c0, 0xe1c0, 0xe1c0, 0xe1a0,
  0xe1c0, 0xe1c0, 0xe1c0, 0xe1c0, 0xe1c0, 0xe1c0, 0xe1c0, 0xe1c0,
  0xe1c0, 0xe1c0, 0xe1c0, 0xe1c0, 0xe1c0, 0xe1c0, 0xe1c0, 0xe1c0,
  0xe1c0, 0xe1c0, 0xe1a0, 0xe1a0, 0xe1a0, 0xe1c0, 0xc9e3, 0x8163,
  0x7227, 0x6aca, 0x734c, 0x9471, 0xad75, 0xe71c, 0xffbe, 0xffdf,
  0xffff, 0xffff, 0xffff, 0xffff, 0xffff, 0xffff, 0x83cf, 0x7984,
  0xc181, 0xd9a0, 0xe1a0, 0xe1c0, 0xe1a0, 0xe1a0, 0xe1a0, 0xe1a0,
  0xe1a0, 0xe1c0, 0xe1c0, 0xe1c0, 0xe1c0, 0xe1c0, 0xe1c0, 0xe1c0,
  0xe1c0, 0xe1c0, 0xe1c0, 0xe1c0, 0xe1c0, 0xe1c0, 0xe1c0, 0xe1c0,
  0xe1c0, 0xe1c0, 0xe1c0, 0xe1c0, 0xe1c0, 0xe1c0, 0xe1c0, 0xe1c0,
  0xe1c0, 0xe1c0, 0xe1c0, 0xe1c0, 0xe1c0, 0xe1c0, 0xe1c0, 0xe1c0,
  0xe1c0, 0xe1c0, 0xe1c0, 0xe1c0, 0xe1c0, 0xe1c0, 0xe1c0, 0xe1c0,
  0xe1c0, 0xe1c0, 0xe1c0, 0xe1c0, 0xe1c0, 0xe1c0, 0xe1c0, 0xe1c0,
  0xe1c0, 0xe1c0, 0xe1c0, 0xe1c0, 0xe1c0, 0xe1c0, 0xe1c0, 0xe1c0,
  0xe1c0, 0xe1a0, 0xe1a0, 0xe1c0, 0xe1c0, 0xe1c0, 0xe1c0, 0xe1c0,
  0xe1c0, 0xe1c0, 0xe1c0, 0xe1c0, 0xe1c0, 0xe1c0, 0xe1c0, 0xe1c0,
  0xe1c0, 0xe1c0, 0xe1c0, 0xe1c0, 0xe1c0, 0xe1c0, 0xe1c0, 0xe1c0,
  0xe1c0, 0xe1c0, 0xe1c0, 0xe1c0, 0xe1c0, 0xe1c0, 0xe1c0, 0xe1c0,
  0xe1c0, 0xe1c0, 0xe1c0, 0xe1c0, 0xe1c0, 0xe1c0, 0xe1c0, 0xe1c0,
  0xe1c0, 0xe1c0, 0xe1c0, 0xe1c0, 0xe1c0, 0xe1c0, 0xe1c0, 0xe1c0,
  0xe1c0, 0xe1c0, 0xe1c0, 0xe1c0, 0xe1c0, 0xe1c0, 0xe1c0, 0xe1c0,
  0xe1c0, 0xe1c0, 0xe1c0, 0xe1c0, 0xe1c0, 0xe1c0, 0xe1c0, 0xe1c0,
  0xe1c0, 0xe1c0, 0xe1c0, 0xe1c0, 0xe1c0, 0xe1c0, 0xe1c0, 0xe1c0,
  0xe1c0, 0xe1c0, 0xe1c0, 0xe1c0, 0xe1c0, 0xe1c0, 0xe1c0, 0xe1c0,
  0xe1c0, 0xe1c0, 0xe1c0, 0xe1c0, 0xe1c0, 0xe1c0, 0xe1c0, 0xe1c0,
  0xe1c0, 0xe1c0, 0xe1c0, 0xe1c0, 0xe1c0, 0xe1c0, 0xe1c0, 0xe1c0,
  0xe1c0, 0xe1c0, 0xe1c0, 0xe1c0, 0xe1c0, 0xe1c0, 0xe1c0, 0xe1c0,
  0xe1c0, 0xe1c0, 0xe1c0, 0xe1c0, 0xe1c0, 0xe1c0, 0xe1c0, 0xe1c0,
  0xe1c0, 0xe1c0, 0xe1c0, 0xe1c0, 0xe1c0, 0xe1c0, 0xe1c0, 0xe1c0,
  0xe1c0, 0xe1c0, 0xe1c0, 0xe1c0, 0xe1c0, 0xe1c0, 0xe1c0, 0xe1c0,
  0xe1c0, 0xe1c0, 0xe1c0, 0xe1c0, 0xe1c0, 0xe1c0, 0xe1a0, 0xe1a0,
  0xe1c0, 0xe1c0, 0xe1c0, 0xe1c0, 0xe1c0, 0xe1c0, 0xe1c0, 0xe1c0,
  0xe1c0, 0xe1c0, 0xe1c0, 0xe1c0, 0xe1c0, 0xe1c0, 0xe1c0, 0xe1c0,
  0xe1c0, 0xe1c0, 0xe1c0, 0xe1c0, 0xe1a0, 0xd1c1, 0x9162, 0x7289,
  0xd679, 0xf79e, 0xffff, 0xffff, 0xffff, 0xffff, 0xffff, 0xffff,
  0xffff, 0xffff, 0xffff, 0xffff, 0xffff, 0xffdf, 0x6b0b, 0x8184,
  0xc180, 0xd9a0, 0xe1c0, 0xe1c0, 0xe1a0, 0xe1a0, 0xe1a0, 0xe1a0,
  0xe1a0, 0xe1c0, 0xe1c0, 0xe1c0, 0xe1c0, 0xe1c0, 0xe1c0, 0xe1a0,
  0xe1c0, 0xe1c0, 0xe1c0, 0xe1c0, 0xe1c0, 0xe1c0, 0xe1c0, 0xe1c0,
  0xe1c0, 0xe1c0, 0xe1c0, 0xe1c0, 0xe1c0, 0xe1c0, 0xe1c0, 0xe1c0,
  0xe1c0, 0xe1c0, 0xe1c0, 0xe1c0, 0xe1c0, 0xe1c0, 0xe1c0, 0xe1c0,
  0xe1c0, 0xe1c0, 0xe1c0, 0xe1c0, 0xe1c0, 0xe1c0, 0xe1c0, 0xe1c0,
  0xe1c0, 0xe1c0, 0xe1c0, 0xe1c0, 0xe1c0, 0xe1c0, 0xe1c0, 0xe1c0,
  0xe1c0, 0xe1c0, 0xe1c0, 0xe1c0, 0xe1c0, 0xe1c0, 0xe1c0, 0xe1c0,
  0xe1c0, 0xe1a0, 0xe1a0, 0xe1c0, 0xe1c0, 0xe1c0, 0xe1c0, 0xe1c0,
  0xe1c0, 0xe1c0, 0xe1c0, 0xe1c0, 0xe1c0, 0xe1c0, 0xe1c0, 0xe1c0,
  0xe1c0, 0xe1c0, 0xe1c0, 0xe1c0, 0xe1c0, 0xe1c0, 0xe1c0, 0xe1c0,
  0xe1c0, 0xe1c0, 0xe1c0, 0xe1c0, 0xe1c0, 0xe1c0, 0xe1c0, 0xe1c0,
  0xe1c0, 0xe1c0, 0xe1c0, 0xe1c0, 0xe1c0, 0xe1c0, 0xe1c0, 0xe1c0,
  0xe1c0, 0xe1c0, 0xe1c0, 0xe1c0, 0xe1c0, 0xe1c0, 0xe1c0, 0xe1c0,
  0xe1c0, 0xe1c0, 0xe1c0, 0xe1c0, 0xe1c0, 0xe1c0, 0xe1c0, 0xe1c0,
  0xe1c0, 0xe1c0, 0xe1c0, 0xe1c0, 0xe1c0, 0xe1c0, 0xe1c0, 0xe1c0,
  0xe1c0, 0xe1c0, 0xe1c0, 0xe1c0, 0xe1c0, 0xe1c0, 0xe1c0, 0xe1c0,
  0xe1c0, 0xe1c0, 0xe1c0, 0xe1c0, 0xe1c0, 0xe1c0, 0xe1c0, 0xe1c0,
  0xe1c0, 0xe1c0, 0xe1c0, 0xe1c0, 0xe1c0, 0xe1c0, 0xe1c0, 0xe1c0,
  0xe1c0, 0xe1c0, 0xe1c0, 0xe1c0, 0xe1c0, 0xe1c0, 0xe1c0, 0xe1c0,
  0xe1c0, 0xe1c0, 0xe1c0, 0xe1c0, 0xe1c0, 0xe1c0, 0xe1c0, 0xe1c0,
  0xe1c0, 0xe1c0, 0xe1c0, 0xe1c0, 0xe1c0, 0xe1c0, 0xe1c0, 0xe1c0,
  0xe1c0, 0xe1c0, 0xe1c0, 0xe1c0, 0xe1c0, 0xe1c0, 0xe1c0, 0xe1c0,
  0xe1c0, 0xe1c0, 0xe1c0, 0xe1c0, 0xe1c0, 0xe1c0, 0xe1c0, 0xe1c0,
  0xe1c0, 0xe1c0, 0xe1c0, 0xe1c0, 0xe1c0, 0xe1c0, 0xe1a0, 0xe1a0,
  0xe1c0, 0xe1c0, 0xe1c0, 0xe1c0, 0xe1c0, 0xe1c0, 0xe1c0, 0xe1c0,
  0xe1c0, 0xe1c0, 0xe1c0, 0xe1c0, 0xe1c0, 0xe1c0, 0xe1c0, 0xe1c0,
  0xe1c0, 0xe1c0, 0xe1c0, 0xe1c0, 0xd9c0, 0xc1c2, 0x6102, 0xacd3,
  0xf7be, 0xffff, 0xffff, 0xffff, 0xffff, 0xffff, 0xffff, 0xffff,
  0xffff, 0xffff, 0xffff, 0xffff, 0xffff, 0xf7be, 0x5a69, 0x7962,
  0xc160, 0xd9a0, 0xe1c0, 0xe1c0, 0xe1c0, 0xe1c0, 0xe1c0, 0xe1c0,
  0xe1c0, 0xe1c0, 0xe1c0, 0xe1c0, 0xe1c0, 0xe1c0, 0xe1c0, 0xe1a0,
  0xe1c0, 0xe1c0, 0xe1c0, 0xe1c0, 0xe1c0, 0xe1c0, 0xe1c0, 0xe1c0,
  0xe1c0, 0xe1c0, 0xe1c0, 0xe1c0, 0xe1c0, 0xe1c0, 0xe1c0, 0xe1c0,
  0xe1c0, 0xe1c0, 0xe1c0, 0xe1c0, 0xe1c0, 0xe1c0, 0xe1c0, 0xe1c0,
  0xe1c0, 0xe1c0, 0xe1c0, 0xe1c0, 0xe1c0, 0xe1c0, 0xe1c0, 0xe1c0,
  0xe1c0, 0xe1c0, 0xe1c0, 0xe1c0, 0xe1c0, 0xe1c0, 0xe1c0, 0xe1c0,
  0xe1c0, 0xe1c0, 0xe1c0, 0xe1c0, 0xe1c0, 0xe1c0, 0xe1c0, 0xe1c0,
  0xe1c0, 0xe1a0, 0xe1a0, 0xe1c0, 0xe1c0, 0xe1c0, 0xe1c0, 0xe1c0,
  0xe1c0, 0xe1c0, 0xe1c0, 0xe1c0, 0xe1c0, 0xe1c0, 0xe1c0, 0xe1c0,
  0xe1c0, 0xe1c0, 0xe1c0, 0xe1c0, 0xe1c0, 0xe1c0, 0xe1c0, 0xe1c0,
  0xe1c0, 0xe1c0, 0xe1c0, 0xe1c0, 0xe1c0, 0xe1c0, 0xe1c0, 0xe1c0,
  0xe1c0, 0xe1c0, 0xe1c0, 0xe1c0, 0xe1c0, 0xe1c0, 0xe1c0, 0xe1c0,
  0xe1c0, 0xe1c0, 0xe1c0, 0xe1c0, 0xe1c0, 0xe1c0, 0xe1c0, 0xe1c0,
  0xe1c0, 0xe1c0, 0xe1c0, 0xe1c0, 0xe1c0, 0xe1c0, 0xe1c0, 0xe1c0,
  0xe1c0, 0xe1c0, 0xe1c0, 0xe1c0, 0xe1c0, 0xe1c0, 0xe1c0, 0xe1c0,
  0xe1c0, 0xe1c0, 0xe1c0, 0xe1c0, 0xe1c0, 0xe1c0, 0xe1c0, 0xe1c0,
  0xe1c0, 0xe1c0, 0xe1c0, 0xe1c0, 0xe1c0, 0xe1c0, 0xe1c0, 0xe1c0,
  0xe1c0, 0xe1c0, 0xe1c0, 0xe1c0, 0xe1c0, 0xe1c0, 0xe1c0, 0xe1c0,
  0xe1c0, 0xe1c0, 0xe1c0, 0xe1c0, 0xe1c0, 0xe1c0, 0xe1c0, 0xe1c0,
  0xe1c0, 0xe1c0, 0xe1c0, 0xe1c0, 0xe1c0, 0xe1c0, 0xe1c0, 0xe1c0,
  0xe1c0, 0xe1c0, 0xe1c0, 0xe1c0, 0xe1c0, 0xe1c0, 0xe1c0, 0xe1c0,
  0xe1c0, 0xe1c0, 0xe1c0, 0xe1c0, 0xe1c0, 0xe1c0, 0xe1c0, 0xe1c0,
  0xe1c0, 0xe1c0, 0xe1c0, 0xe1a0, 0xe1c0, 0xe1c0, 0xe1c0, 0xe1c0,
  0xe1c0, 0xe1c0, 0xe1c0, 0xe1c0, 0xe1c0, 0xe1c0, 0xe1c0, 0xd9c0,
  0xd9c0, 0xe1c0, 0xe1c0, 0xe1a0, 0xe1a0, 0xe1a0, 0xe1c0, 0xe1c0,
  0xe1c0, 0xe1c0, 0xe1c0, 0xe1c0, 0xe1c0, 0xe1c0, 0xe1c0, 0xe1c0,
  0xe1c0, 0xe1c0, 0xe1c0, 0xe1c0, 0xd1c1, 0x9982, 0x59c6, 0xd679,
  0xffff, 0xffff, 0xffff, 0xffff, 0xffff, 0xffff, 0xffff, 0xffff,
  0xffff, 0xffff, 0xffff, 0xffff, 0xffff, 0xef7d, 0x49e7, 0x7941,
  0xc180, 0xd9a0, 0xe1c0, 0xe1a0, 0xe1a0, 0xe1c0, 0xe1c0, 0xe1c0,
  0xe1c0, 0xe1c0, 0xe1c0, 0xe1c0, 0xe1c0, 0xe1a0, 0xe1a0, 0xe1a0,
  0xe1c0, 0xe1c0, 0xe1c0, 0xe1c0, 0xe1c0, 0xe1c0, 0xe1c0, 0xe1c0,
  0xe1c0, 0xe1c0, 0xe1c0, 0xe1c0, 0xe1c0, 0xe1c0, 0xe1c0, 0xe1c0,
  0xe1c0, 0xe1c0, 0xe1c0, 0xe1c0, 0xe1c0, 0xe1c0, 0xe1c0, 0xe1c0,
  0xe1c0, 0xe1c0, 0xe1c0, 0xe1c0, 0xe1c0, 0xe1c0, 0xe1c0, 0xe1c0,
  0xe1c0, 0xe1c0, 0xe1c0, 0xe1c0, 0xe1c0, 0xe1c0, 0xe1c0, 0xe1c0,
  0xe1c0, 0xe1c0, 0xe1c0, 0xe1c0, 0xe1c0, 0xe1c0, 0xe1c0, 0xe1c0,
  0xe1c0, 0xe1c0, 0xe1c0, 0xe1c0, 0xe1c0, 0xe1c0, 0xe1c0, 0xe1c0,
  0xe1c0, 0xe1c0, 0xe1c0, 0xe1c0, 0xe1c0, 0xe1c0, 0xe1c0, 0xe1c0,
  0xe1c0, 0xe1c0, 0xe1c0, 0xe1c0, 0xe1c0, 0xe1c0, 0xe1c0, 0xe1c0,
  0xe1c0, 0xe1c0, 0xe1c0, 0xe1c0, 0xe1c0, 0xe1c0, 0xe1c0, 0xe1c0,
  0xe1c0, 0xe1c0, 0xe1c0, 0xe1c0, 0xe1c0, 0xe1c0, 0xe1c0, 0xe1c0,
  0xe1c0, 0xe1c0, 0xe1c0, 0xe1c0, 0xe1c0, 0xe1c0, 0xe1c0, 0xe1c0,
  0xe1c0, 0xe1c0, 0xe1c0, 0xe1c0, 0xe1c0, 0xe1c0, 0xe1c0, 0xe1c0,
  0xe1c0, 0xe1c0, 0xe1c0, 0xe1c0, 0xe1c0, 0xe1c0, 0xe1c0, 0xe1c0,
  0xe1c0, 0xe1c0, 0xe1c0, 0xe1c0, 0xe1c0, 0xe1c0, 0xe1c0, 0xe1c0,
  0xe1c0, 0xe1c0, 0xe1c0, 0xe1c0, 0xe1c0, 0xe1c0, 0xe1c0, 0xe1c0,
  0xe1c0, 0xe1c0, 0xe1c0, 0xe1c0, 0xe1c0, 0xe1c0, 0xe1c0, 0xe1c0,
  0xe1c0, 0xe1c0, 0xe1c0, 0xe1c0, 0xe1c0, 0xe1c0, 0xe1c0, 0xe1c0,
  0xe1c0, 0xe1c0, 0xe1c0, 0xe1c0, 0xe1c0, 0xe1c0, 0xe1c0, 0xe1c0,
  0xe1c0, 0xe1c0, 0xe1c0, 0xe1c0, 0xe1c0, 0xe1c0, 0xe1c0, 0xe1c0,
  0xe1c0, 0xe1c0, 0xe1c0, 0xe1c0, 0xe1c0, 0xe1c0, 0xe1c0, 0xe1c0,
  0xe1c0, 0xe1c0, 0xe1a0, 0xe1a0, 0xe1a0, 0xe1c0, 0xe1c0, 0xe1c0,
  0xe1c0, 0xe1c0, 0xe1c0, 0xe1c0, 0xd9c1, 0xc9e1, 0xc1e2, 0xb1c2,
  0xa9a2, 0xb181, 0xd9e1, 0xe1a0, 0xe1a0, 0xe1c0, 0xe1c0, 0xe1c0,
  0xe1c0, 0xe1c0, 0xe1c0, 0xe1c0, 0xe1c0, 0xe1c0, 0xe1c0, 0xe1c0,
  0xe1c0, 0xe1c0, 0xe1c0, 0xd9c0, 0xc9c2, 0x7102, 0x8bae, 0xef5d,
  0xffff, 0xffff, 0xffff, 0xffff, 0xffff, 0xffff, 0xffff, 0xffff,
  0xffff, 0xffff, 0xffff, 0xffff, 0xffff, 0xef3c, 0x49a6, 0x8141,
  0xc180, 0xd9a0, 0xe1c0, 0xe1c0, 0xe1a0, 0xe1c0, 0xe1c0, 0xe1c0,
  0xe1c0, 0xe1c0, 0xe1c0, 0xe1c0, 0xe1c0, 0xe1a0, 0xe1a0, 0xe1a0,
  0xe1c0, 0xe1c0, 0xe1c0, 0xe1c0, 0xe1c0, 0xe1c0, 0xe1c0, 0xe1c0,
  0xe1c0, 0xe1c0, 0xe1c0, 0xe1c0, 0xe1c0, 0xe1c0, 0xe1c0, 0xe1c0,
  0xe1c0, 0xe1c0, 0xe1c0, 0xe1c0, 0xe1c0, 0xe1c0, 0xe1c0, 0xe1c0,
  0xe1c0, 0xe1c0, 0xe1c0, 0xe1c0, 0xe1c0, 0xe1c0, 0xe1c0, 0xe1c0,
  0xe1c0, 0xe1c0, 0xe1c0, 0xe1c0, 0xe1c0, 0xe1c0, 0xe1c0, 0xe1c0,
  0xe1c0, 0xe1c0, 0xe1c0, 0xe1c0, 0xe1c0, 0xe1c0, 0xe1c0, 0xe1c0,
  0xe1c0, 0xe1c0, 0xe1c0, 0xe1c0, 0xe1c0, 0xe1c0, 0xe1c0, 0xe1c0,
  0xe1c0, 0xe1c0, 0xe1c0, 0xe1c0, 0xe1c0, 0xe1c0, 0xe1c0, 0xe1c0,
  0xe1c0, 0xe1c0, 0xe1c0, 0xe1c0, 0xe1c0, 0xe1c0, 0xe1c0, 0xe1c0,
  0xe1c0, 0xe1c0, 0xe1c0, 0xe1c0, 0xe1c0, 0xe1c0, 0xe1c0, 0xe1c0,
  0xe1c0, 0xe1c0, 0xe1c0, 0xe1c0, 0xe1c0, 0xe1c0, 0xe1c0, 0xe1c0,
  0xe1c0, 0xe1c0, 0xe1c0, 0xe1c0, 0xe1c0, 0xe1c0, 0xe1c0, 0xe1c0,
  0xe1c0, 0xe1c0, 0xe1c0, 0xe1c0, 0xe1c0, 0xe1c0, 0xe1c0, 0xe1c0,
  0xe1c0, 0xe1c0, 0xe1c0, 0xe1c0, 0xe1c0, 0xe1c0, 0xe1c0, 0xe1c0,
  0xe1c0, 0xe1c0, 0xe1c0, 0xe1c0, 0xe1c0, 0xe1c0, 0xe1c0, 0xe1c0,
  0xe1c0, 0xe1c0, 0xe1c0, 0xe1c0, 0xe1c0, 0xe1c0, 0xe1c0, 0xe1c0,
  0xe1c0, 0xe1c0, 0xe1c0, 0xe1c0, 0xe1c0, 0xe1c0, 0xe1c0, 0xe1c0,
  0xe1c0, 0xe1c0, 0xe1c0, 0xe1c0, 0xe1c0, 0xe1c0, 0xe1c0, 0xe1c0,
  0xe1c0, 0xe1c0, 0xe1c0, 0xe1c0, 0xe1c0, 0xe1c0, 0xe1c0, 0xe1c0,
  0xe1c0, 0xe1c0, 0xe1c0, 0xe1c0, 0xe1c0, 0xe1c0, 0xe1c0, 0xe1c0,
  0xe1c0, 0xe1c0, 0xe1c0, 0xe1c0, 0xe1c0, 0xe1c0, 0xe1c0, 0xe1c0,
  0xe1c0, 0xe1a0, 0xe1a0, 0xe1a0, 0xd9c0, 0xd9c0, 0xd9c0, 0xd1e0,
  0xd1e1, 0xc9c1, 0xb9a1, 0xa982, 0x9162, 0x7121, 0x6123, 0x5985,
  0x61e7, 0x7122, 0xc9e2, 0xe1c0, 0xe1c0, 0xe1c0, 0xe1c0, 0xe1c0,
  0xe1c0, 0xe1c0, 0xe1c0, 0xe1c0, 0xe1c0, 0xe1c0, 0xe1c0, 0xe1c0,
  0xe1c0, 0xe1c0, 0xe1a0, 0xd9c0, 0xb1a2, 0x5943, 0xb595, 0xffde,
  0xffff, 0xffff, 0xffff, 0xffff, 0xffff, 0xffff, 0xffff, 0xffff,
  0xffff, 0xffff, 0xffff, 0xffff, 0xffff, 0xd6ba, 0x4164, 0x8941,
  0xc980, 0xd9a0, 0xe1a0, 0xe1c0, 0xe1c0, 0xe1c0, 0xe1c0, 0xe1c0,
  0xe1c0, 0xe1c0, 0xe1c0, 0xe1c0, 0xe1c0, 0xe1a0, 0xe1a0, 0xe1a0,
  0xe1c0, 0xe1c0, 0xe1c0, 0xe1c0, 0xe1c0, 0xe1c0, 0xe1c0, 0xe1c0,
  0xe1c0, 0xe1c0, 0xe1c0, 0xe1c0, 0xe1c0, 0xe1c0, 0xe1c0, 0xe1c0,
  0xe1c0, 0xe1c0, 0xe1c0, 0xe1c0, 0xe1c0, 0xe1c0, 0xe1c0, 0xe1c0,
  0xe1c0, 0xe1c0, 0xe1c0, 0xe1c0, 0xe1c0, 0xe1c0, 0xe1c0, 0xe1c0,
  0xe1c0, 0xe1c0, 0xe1c0, 0xe1c0, 0xe1c0, 0xe1c0, 0xe1c0, 0xe1c0,
  0xe1c0, 0xe1c0, 0xe1c0, 0xe1c0, 0xe1c0, 0xe1c0, 0xe1c0, 0xe1c0,
  0xe1c0, 0xe1c0, 0xe1c0, 0xe1c0, 0xe1c0, 0xe9c0, 0xe1c0, 0xe1c0,
  0xe1c0, 0xe1c0, 0xe1c0, 0xe1c0, 0xe1c0, 0xe1c0, 0xe1c0, 0xe1c0,
  0xe1c0, 0xe1c0, 0xe1c0, 0xe1c0, 0xe1c0, 0xe1c0, 0xe1c0, 0xe1c0,
  0xe1c0, 0xe1c0, 0xe1c0, 0xe1c0, 0xe1c0, 0xe1c0, 0xe1c0, 0xe1c0,
  0xe1c0, 0xe1c0, 0xe1c0, 0xe1c0, 0xe1c0, 0xe1c0, 0xe1c0, 0xe1c0,
  0xe1c0, 0xe1c0, 0xe1c0, 0xe1c0, 0xe1c0, 0xe1c0, 0xe1c0, 0xe1c0,
  0xe1c0, 0xe1c0, 0xe1c0, 0xe1c0, 0xe1c0, 0xe1c0, 0xe1c0, 0xe1c0,
  0xe1c0, 0xe1c0, 0xe1c0, 0xe1c0, 0xe1c0, 0xe1c0, 0xe1c0, 0xe1c0,
  0xe1c0, 0xe1c0, 0xe1c0, 0xe1c0, 0xe1c0, 0xe1c0, 0xe1c0, 0xe1c0,
  0xe1c0, 0xe1c0, 0xe1c0, 0xe1c0, 0xe1c0, 0xe1c0, 0xe1c0, 0xe1c0,
  0xe1c0, 0xe1c0, 0xe1c0, 0xe1c0, 0xe1c0, 0xe1c0, 0xe1c0, 0xe1c0,
  0xe1c0, 0xe1c0, 0xe1c0, 0xe1c0, 0xe1c0, 0xe1c0, 0xe1c0, 0xe1c0,
  0xe1c0, 0xe1c0, 0xe1c0, 0xe1c0, 0xe1c0, 0xe1c0, 0xe1c0, 0xe1c0,
  0xe1c0, 0xe1c0, 0xe1c0, 0xe1c0, 0xe1c0, 0xe1c0, 0xe1c0, 0xe1c0,
  0xe1c0, 0xe1c0, 0xe1c0, 0xe1c0, 0xe1c0, 0xe1c0, 0xe1c0, 0xe1c0,
  0xe1a0, 0xd9c0, 0xd9c0, 0xd1e1, 0xc9e2, 0xc1e2, 0xa9c3, 0x9182,
  0x7921, 0x6902, 0x5123, 0x5185, 0x7b0b, 0x9c71, 0xb554, 0xbdd6,
  0xb554, 0x69e7, 0xa982, 0xd9c0, 0xe1c0, 0xe1c0, 0xe1c0, 0xe1c0,
  0xe1c0, 0xe1c0, 0xe1c0, 0xe1c0, 0xe1c0, 0xe1c0, 0xe1c0, 0xe1c0,
  0xe1c0, 0xe1c0, 0xe1a0, 0xd1c0, 0x8941, 0x72a9, 0xdeba, 0xffff,
  0xffff, 0xffff, 0xffff, 0xffff, 0xffff, 0xffff, 0xffff, 0xffff,
  0xffff, 0xffff, 0xffff, 0xffff, 0xffff, 0xc5f7, 0x4944, 0x9141,
  0xc980, 0xd9a0, 0xe1a0, 0xe1c0, 0xe1c0, 0xe1c0, 0xe1c0, 0xe1c0,
  0xe1c0, 0xe1c0, 0xe1c0, 0xe1c0, 0xe1c0, 0xe1a0, 0xe1a0, 0xe1c0,
  0xe1c0, 0xe1c0, 0xe1c0, 0xe1c0, 0xe1c0, 0xe1c0, 0xe1c0, 0xe1c0,
  0xe1c0, 0xe1c0, 0xe1c0, 0xe1c0, 0xe1c0, 0xe1c0, 0xe1c0, 0xe1c0,
  0xe1c0, 0xe1c0, 0xe1c0, 0xe1c0, 0xe1c0, 0xe1c0, 0xe1c0, 0xe1c0,
  0xe1a0, 0xe1c0, 0xe1c0, 0xe1c0, 0xe1c0, 0xe1c0, 0xe1c0, 0xe1c0,
  0xe1c0, 0xe1c0, 0xe1c0, 0xe1c0, 0xe1c0, 0xe1c0, 0xe1c0, 0xe1c0,
  0xe1c0, 0xe1c0, 0xe1c0, 0xe1c0, 0xe1c0, 0xe1c0, 0xe1c0, 0xe1c0,
  0xe1c0, 0xe1c0, 0xe1c0, 0xe1c0, 0xe1c0, 0xe1c0, 0xe1c0, 0xe1c0,
  0xe1c0, 0xe1c0, 0xe1c0, 0xe1c0, 0xe1c0, 0xe1c0, 0xe1c0, 0xe1c0,
  0xe1c0, 0xe1c0, 0xe1c0, 0xe1c0, 0xe1c0, 0xe1c0, 0xe1c0, 0xe1c0,
  0xe1c0, 0xe1c0, 0xe1c0, 0xe1c0, 0xe1c0, 0xe1c0, 0xe1c0, 0xe1c0,
  0xe1c0, 0xe1c0, 0xe1c0, 0xe1c0, 0xe1c0, 0xe1c0, 0xe1c0, 0xe1c0,
  0xe1c0, 0xe1c0, 0xe1c0, 0xe1c0, 0xe1c0, 0xe1c0, 0xe1c0, 0xe1c0,
  0xe1c0, 0xe1c0, 0xe1c0, 0xe1c0, 0xe1c0, 0xe1c0, 0xe1c0, 0xe1c0,
  0xe1c0, 0xe1c0, 0xe1c0, 0xe1c0, 0xe1c0, 0xe1c0, 0xe1c0, 0xe1c0,
  0xe1c0, 0xe1c0, 0xe1c0, 0xe1c0, 0xe1c0, 0xe1c0, 0xe1c0, 0xe1c0,
  0xe1c0, 0xe1c0, 0xe1c0, 0xe1c0, 0xe1c0, 0xe1c0, 0xe1c0, 0xe1c0,
  0xe1c0, 0xe1c0, 0xe1c0, 0xe1c0, 0xe1c0, 0xe1c0, 0xe1c0, 0xe1c0,
  0xe1c0, 0xe1c0, 0xe1c0, 0xe1c0, 0xe1c0, 0xe1c0, 0xe1c0, 0xe1c0,
  0xe1c0, 0xe1c0, 0xe1c0, 0xe1c0, 0xe1c0, 0xe1c0, 0xe1c0, 0xe1a0,
  0xe1a0, 0xe1a0, 0xe1c0, 0xe1c0, 0xe1c0, 0xe1c0, 0xe1c0, 0xe1c0,
  0xe1c0, 0xe1c0, 0xe1c0, 0xe1c0, 0xe1c0, 0xe1c0, 0xe1c0, 0xe1c0,
  0xd9c0, 0xc1c1, 0xa182, 0x7921, 0x60e1, 0x5102, 0x5164, 0x6a89,
  0x8bef, 0xb555, 0xce18, 0xce79, 0xdefb, 0xef7d, 0xffdf, 0xffff,
  0xe6fb, 0x830c, 0x8942, 0xd1c1, 0xe1c0, 0xe1c0, 0xe1c0, 0xe1c0,
  0xe1a0, 0xe1c0, 0xe1c0, 0xe1c0, 0xe1c0, 0xe1c0, 0xe1a0, 0xe1a0,
  0xe1c0, 0xe1a0, 0xe1c0, 0xc1c1, 0x60e1, 0x9c71, 0xf79d, 0xffff,
  0xffff, 0xffff, 0xffff, 0xffff, 0xffff, 0xffff, 0xffff, 0xffff,
  0xffff, 0xffff, 0xffff, 0xffff, 0xffff, 0xad55, 0x5144, 0x9941,
  0xc980, 0xd9a0, 0xe1a0, 0xe1c0, 0xe1c0, 0xe1c0, 0xe1c0, 0xe1c0,
  0xe1c0, 0xe1c0, 0xe1c0, 0xe1c0, 0xe1c0, 0xe1a0, 0xe1c0, 0xe1c0,
  0xe1c0, 0xe1c0, 0xe1c0, 0xe1c0, 0xe1c0, 0xe1c0, 0xe1c0, 0xe1c0,
  0xe1c0, 0xe1c0, 0xe1c0, 0xe1c0, 0xe1c0, 0xe1c0, 0xe1c0, 0xe1c0,
  0xe1c0, 0xe1c0, 0xe1c0, 0xe1c0, 0xe1c0, 0xe1c0, 0xe1c0, 0xe1c0,
  0xe1a0, 0xe1a0, 0xe1c0, 0xe1c0, 0xe1c0, 0xe1c0, 0xe1c0, 0xe1c0,
  0xe1c0, 0xe1c0, 0xe1c0, 0xe1c0, 0xe1c0, 0xe1c0, 0xe1c0, 0xe1c0,
  0xe1c0, 0xe1c0, 0xe1c0, 0xe1c0, 0xe1c0, 0xe1c0, 0xe1c0, 0xe1c0,
  0xe1c0, 0xe1c0, 0xe1c0, 0xe1c0, 0xe1c0, 0xe1c0, 0xe1c0, 0xe1c0,
  0xe1c0, 0xe1c0, 0xe1c0, 0xe1c0, 0xe1c0, 0xe1c0, 0xe1c0, 0xe1c0,
  0xe1c0, 0xe1c0, 0xe1c0, 0xe1c0, 0xe1c0, 0xe1c0, 0xe1c0, 0xe1c0,
  0xe1c0, 0xe1c0, 0xe1c0, 0xe1c0, 0xe1c0, 0xe1c0, 0xe1c0, 0xe1c0,
  0xe1c0, 0xe1c0, 0xe1c0, 0xe1c0, 0xe1c0, 0xe1c0, 0xe1c0, 0xe1c0,
  0xe1c0, 0xe1c0, 0xe1c0, 0xe1c0, 0xe1c0, 0xe1c0, 0xe1c0, 0xe1c0,
  0xe1c0, 0xe1c0, 0xe1c0, 0xe1c0, 0xe1c0, 0xe1c0, 0xe1c0, 0xe1c0,
  0xe1c0, 0xe1c0, 0xe1c0, 0xe1c0, 0xe1c0, 0xe1c0, 0xe1c0, 0xe1c0,
  0xe1c0, 0xe1c0, 0xe1c0, 0xe1c0, 0xe1c0, 0xe1c0, 0xe1c0, 0xe1c0,
  0xe1c0, 0xe1c0, 0xe1c0, 0xe1c0, 0xe1c0, 0xe1c0, 0xe1c0, 0xe1c0,
  0xe1c0, 0xe1c0, 0xe1c0, 0xe1c0, 0xe1c0, 0xe1c0, 0xe1c0, 0xe1c0,
  0xe1c0, 0xe1c0, 0xe1c0, 0xe1c0, 0xe1c0, 0xe1c0, 0xe1c0, 0xe1c0,
  0xe1c0, 0xe1c0, 0xe1c0, 0xe1c0, 0xe1c0, 0xe1c0, 0xe1c0, 0xe1a0,
  0xe1a0, 0xe1a0, 0xe1a0, 0xe1a0, 0xe1a0, 0xe1c0, 0xe1c0, 0xe1c0,
  0xe1c0, 0xd9c0, 0xe1c0, 0xe1c0, 0xe1c0, 0xe1c0, 0xe1c0, 0xe1a0,
  0xc9a0, 0x7922, 0x4103, 0x6289, 0x9c71, 0xc5f7, 0xd69a, 0xdefb,
  0xef5d, 0xffbe, 0xffff, 0xffff, 0xffff, 0xffff, 0xffff, 0xffff,
  0xef7d, 0x9430, 0x68e1, 0xc1a1, 0xe1c0, 0xe1c0, 0xe1c0, 0xe1c0,
  0xe1a0, 0xe1c0, 0xe1c0, 0xe1c0, 0xe1c0, 0xe1c0, 0xe1a0, 0xe1a0,
  0xe1c0, 0xe1a0, 0xd9a0, 0x9961, 0x5164, 0xbdd7, 0xffff, 0xffff,
  0xffff, 0xffff, 0xffff, 0xffff, 0xffff, 0xffff, 0xffff, 0xffff,
  0xffff, 0xffff, 0xffff, 0xffff, 0xffff, 0x9cb2, 0x5943, 0xa141,
  0xd180, 0xd9a0, 0xe1a0, 0xe1a0, 0xe1a0, 0xe1c0, 0xe1c0, 0xe1c0,
  0xe1c0, 0xe1c0, 0xe1c0, 0xe1c0, 0xe1c0, 0xe1c0, 0xe1c0, 0xe1c0,
  0xe1c0, 0xe1c0, 0xe1c0, 0xe1c0, 0xe1c0, 0xe1c0, 0xe1c0, 0xe1c0,
  0xe1c0, 0xe1c0, 0xe1c0, 0xe1c0, 0xe1c0, 0xe1c0, 0xe1c0, 0xe1c0,
  0xe1c0, 0xe1c0, 0xe1c0, 0xe1c0, 0xe1c0, 0xe1c0, 0xe1c0, 0xe1c0,
  0xe1c0, 0xe1c0, 0xe1c0, 0xe1c0, 0xe1c0, 0xe1c0, 0xe1c0, 0xe1c0,
  0xe1c0, 0xe1c0, 0xe1c0, 0xe1c0, 0xe1c0, 0xe1c0, 0xe1c0, 0xe1c0,
  0xe1c0, 0xe1c0, 0xe1c0, 0xe1c0, 0xe1c0, 0xe1c0, 0xe1c0, 0xe1c0,
  0xe1c0, 0xe1c0, 0xe1c0, 0xe1c0, 0xe1c0, 0xe1c0, 0xe1c0, 0xe1c0,
  0xe1c0, 0xe1c0, 0xe1c0, 0xe1c0, 0xe1c0, 0xe1c0, 0xe1c0, 0xe1c0,
  0xe1c0, 0xe1c0, 0xe1c0, 0xe1c0, 0xe1c0, 0xe1c0, 0xe1c0, 0xe1c0,
  0xe1c0, 0xe1c0, 0xe1c0, 0xe1c0, 0xe1c0, 0xe1c0, 0xe1c0, 0xe1c0,
  0xe1c0, 0xe1c0, 0xe1c0, 0xe1c0, 0xe1c0, 0xe1c0, 0xe1c0, 0xe1c0,
  0xe1c0, 0xe1c0, 0xe1c0, 0xe1c0, 0xe1c0, 0xe1c0, 0xe1c0, 0xe1c0,
  0xe1c0, 0xe1c0, 0xe1c0, 0xe1c0, 0xe1c0, 0xe1c0, 0xe1c0, 0xe1c0,
  0xe1c0, 0xe1c0, 0xe1c0, 0xe1c0, 0xe1c0, 0xe1c0, 0xe1c0, 0xe1c0,
  0xe1c0, 0xe1c0, 0xe1c0, 0xe1c0, 0xe1c0, 0xe1c0, 0xe1c0, 0xe1c0,
  0xe1c0, 0xe1c0, 0xe1c0, 0xe1c0, 0xe1c0, 0xe1c0, 0xe1c0, 0xe1c0,
  0xe1c0, 0xe1c0, 0xe1c0, 0xe1c0, 0xe1c0, 0xe1c0, 0xe1c0, 0xe1c0,
  0xe1c0, 0xe1c0, 0xe1c0, 0xe1c0, 0xe1c0, 0xe1c0, 0xe1c0, 0xe1c0,
  0xe1c0, 0xe1c0, 0xe1c0, 0xe1c0, 0xe1c0, 0xe1c0, 0xe1c0, 0xe1c0,
  0xe1c0, 0xe1c0, 0xd9c0, 0xd9c0, 0xd9e1, 0xd1e1, 0xc9e1, 0xb1c2,
  0xa1a2, 0x9141, 0xc181, 0xd9c0, 0xe1c0, 0xe1c0, 0xe1c0, 0xd9c0,
  0xc1a1, 0x7184, 0x8c51, 0xf79e, 0xffbe, 0xffff, 0xffff, 0xffff,
  0xffff, 0xffff, 0xffff, 0xffff, 0xffff, 0xffff, 0xffff, 0xffff,
  0xffdf, 0xad34, 0x48c1, 0xa981, 0xd9c0, 0xe1c0, 0xe9c0, 0xe1a0,
  0xe1a0, 0xe1a0, 0xe1a0, 0xe1c0, 0xe1c0, 0xe1c0, 0xe1a0, 0xe1a0,
  0xe1c0, 0xe1a0, 0xc9c1, 0x7922, 0x730b, 0xdeda, 0xffff, 0xffff,
  0xffff, 0xffff, 0xffff, 0xffff, 0xffff, 0xffff, 0xffff, 0xffff,
  0xffff, 0xffff, 0xffff, 0xffff, 0xffff, 0x8c30, 0x6143, 0xb140,
  0xd180, 0xd9a0, 0xe1a0, 0xe1a0, 0xe1a0, 0xe1c0, 0xe1c0, 0xe1c0,
  0xe1c0, 0xe1c0, 0xe1c0, 0xe1c0, 0xe1c0, 0xe1c0, 0xe1c0, 0xe1c0,
  0xe1c0, 0xe1c0, 0xe1c0, 0xe1c0, 0xe1c0, 0xe1c0, 0xe1c0, 0xe1c0,
  0xe1c0, 0xe1c0, 0xe1c0, 0xe1c0, 0xe1c0, 0xe1c0, 0xe1c0, 0xe1c0,
  0xe1c0, 0xe1c0, 0xe1c0, 0xe1c0, 0xe1c0, 0xe1c0, 0xe1c0, 0xe1c0,
  0xe1c0, 0xe1c0, 0xe1c0, 0xe1c0, 0xe1c0, 0xe1c0, 0xe1c0, 0xe1c0,
  0xe1c0, 0xe1c0, 0xe1c0, 0xe1c0, 0xe1c0, 0xe1c0, 0xe1c0, 0xe1c0,
  0xe1c0, 0xe1c0, 0xe1c0, 0xe1c0, 0xe1c0, 0xe1c0, 0xe1c0, 0xe1c0,
  0xe1c0, 0xe1c0, 0xe1c0, 0xe1c0, 0xe1c0, 0xe1c0, 0xe1c0, 0xe1c0,
  0xe1c0, 0xe1c0, 0xe1c0, 0xe1c0, 0xe1c0, 0xe1c0, 0xe1c0, 0xe1c0,
  0xe1c0, 0xe1c0, 0xe1c0, 0xe1c0, 0xe1c0, 0xe1c0, 0xe1c0, 0xe1c0,
  0xe1c0, 0xe1c0, 0xe1c0, 0xe1c0, 0xe1c0, 0xe1c0, 0xe1c0, 0xe1c0,
  0xe1c0, 0xe1c0, 0xe1c0, 0xe1c0, 0xe1c0, 0xe1c0, 0xe1c0, 0xe1c0,
  0xe1c0, 0xe1c0, 0xe1c0, 0xe1c0, 0xe1c0, 0xe1c0, 0xe1c0, 0xe1c0,
  0xe1c0, 0xe1c0, 0xe1c0, 0xe1c0, 0xe1c0, 0xe1c0, 0xe1c0, 0xe1c0,
  0xe1c0, 0xe1c0, 0xe1c0, 0xe1c0, 0xe1c0, 0xe1c0, 0xe1c0, 0xe1c0,
  0xe1c0, 0xe1c0, 0xe1c0, 0xe1c0, 0xe1c0, 0xe1c0, 0xe1c0, 0xe1c0,
  0xe1c0, 0xe1c0, 0xe1c0, 0xe1c0, 0xe1c0, 0xe1c0, 0xe1c0, 0xe1c0,
  0xe1c0, 0xe1c0, 0xe1c0, 0xe1c0, 0xe1c0, 0xe1c0, 0xe1c0, 0xe1c0,
  0xe1c0, 0xe1c0, 0xe1c0, 0xe1c0, 0xe1c0, 0xe1c0, 0xe1c0, 0xe1c0,
  0xe1c0, 0xe1c0, 0xe1c0, 0xe1c0, 0xe1c0, 0xe1c0, 0xd9c0, 0xd9c0,
  0xd1e1, 0xc9e1, 0xc1e2, 0xb203, 0xa1e4, 0x7963, 0x50e2, 0x30a2,
  0x3124, 0x2861, 0x9942, 0xd9a0, 0xe1a0, 0xe1a0, 0xe1a0, 0xd9c0,
  0xb9a1, 0x71c5, 0xb575, 0xffff, 0xffff, 0xffff, 0xffff, 0xffff,
  0xffff, 0xffff, 0xffff, 0xffff, 0xffff, 0xffff, 0xffff, 0xffff,
  0xffff, 0xc618, 0x59a6, 0xa161, 0xd9c0, 0xe1c0, 0xe1c0, 0xe1a0,
  0xe1a0, 0xe1a0, 0xe1a0, 0xe1c0, 0xe1c0, 0xe1c0, 0xe1c0, 0xe1c0,
  0xe1a0, 0xd9a0, 0xb181, 0x58e2, 0xa4d3, 0xf7be, 0xffff, 0xffff,
  0xffff, 0xffff, 0xffff, 0xffff, 0xffff, 0xffff, 0xffff, 0xffff,
  0xffff, 0xffff, 0xffff, 0xffff, 0xffdf, 0x734c, 0x7122, 0xb160,
  0xd180, 0xd9a0, 0xe1a0, 0xe1a0, 0xe1a0, 0xe1c0, 0xe1c0, 0xe1c0,
  0xe1c0, 0xe1c0, 0xe1c0, 0xe1c0, 0xe1c0, 0xe1c0, 0xe1c0, 0xe1c0,
  0xe1c0, 0xe1c0, 0xe1c0, 0xe1c0, 0xe1c0, 0xe1c0, 0xe1c0, 0xe1c0,
  0xe1c0, 0xe1c0, 0xe1c0, 0xe1c0, 0xe1c0, 0xe1c0, 0xe1c0, 0xe1c0,
  0xe1c0, 0xe1c0, 0xe1c0, 0xe1c0, 0xe1c0, 0xe1c0, 0xe1c0, 0xe1c0,
  0xe1c0, 0xe1c0, 0xe1c0, 0xe1c0, 0xe1c0, 0xe1c0, 0xe1c0, 0xe1c0,
  0xe1c0, 0xe1c0, 0xe1c0, 0xe1c0, 0xe1c0, 0xe1c0, 0xe1c0, 0xe1c0,
  0xe1c0, 0xe1c0, 0xe1c0, 0xe1c0, 0xe1c0, 0xe1c0, 0xe1c0, 0xe1c0,
  0xe1c0, 0xe1c0, 0xe1c0, 0xe1c0, 0xe1c0, 0xe1c0, 0xe1c0, 0xe1c0,
  0xe1c0, 0xe1c0, 0xe1c0, 0xe1c0, 0xe1c0, 0xe1c0, 0xe1c0, 0xe1c0,
  0xe1c0, 0xe1c0, 0xe1c0, 0xe1a0, 0xe1a0, 0xe1a0, 0xe1a0, 0xe1c0,
  0xe1c0, 0xe1c0, 0xe1c0, 0xe1c0, 0xe1c0, 0xe1c0, 0xe1c0, 0xe1c0,
  0xe1c0, 0xe1c0, 0xe1c0, 0xe1c0, 0xe1c0, 0xe1c0, 0xe1c0, 0xe1c0,
  0xe1c0, 0xe1c0, 0xe1c0, 0xe1c0, 0xe1c0, 0xe1c0, 0xe1c0, 0xe1c0,
  0xe1c0, 0xe1c0, 0xe1c0, 0xe1c0, 0xe1c0, 0xe1c0, 0xe1c0, 0xe1c0,
  0xe1c0, 0xe1c0, 0xe1c0, 0xe1c0, 0xe1c0, 0xe1c0, 0xe1c0, 0xe1c0,
  0xe1c0, 0xe1c0, 0xe1c0, 0xe1c0, 0xe1c0, 0xe1c0, 0xe1c0, 0xe1c0,
  0xe1c0, 0xe1c0, 0xe1c0, 0xe1c0, 0xe1c0, 0xe1c0, 0xe1c0, 0xe1c0,
  0xe1c0, 0xe1c0, 0xe1c0, 0xe1c0, 0xe1a0, 0xe1a0, 0xe1a0, 0xe1c0,
  0xe1c0, 0xe1c0, 0xe1c0, 0xe1c0, 0xe1c0, 0xe1c0, 0xe1c0, 0xe1c0,
  0xe1c0, 0xe1c0, 0xe1a0, 0xe1a0, 0xe1a0, 0xd1c1, 0xb9e3, 0xa1c3,
  0x7983, 0x5922, 0x4903, 0x3903, 0x4186, 0x736d, 0xbdd7, 0xef3c,
  0xe71c, 0x5a08, 0x9962, 0xd1a0, 0xe1a0, 0xe1c0, 0xe1a0, 0xd9a0,
  0xb1a1, 0x71e6, 0xce17, 0xffff, 0xffff, 0xffff, 0xffff, 0xffff,
  0xffff, 0xffff, 0xffff, 0xffff, 0xffff, 0xffff, 0xffff, 0xffff,
  0xffff, 0xdedb, 0x7aeb, 0x8941, 0xd1c0, 0xe1a0, 0xe1c0, 0xe1a0,
  0xe1a0, 0xe1a0, 0xe1a0, 0xe1c0, 0xe1c0, 0xe1c0, 0xe1c0, 0xe1c0,
  0xe1a0, 0xd1c0, 0x9141, 0x6a68, 0xce58, 0xffff, 0xffff, 0xffff,
  0xffff, 0xffff, 0xffff, 0xffdf, 0xffff, 0xffff, 0xffff, 0xffff,
  0xffff, 0xffff, 0xffff, 0xffff, 0xffde, 0x6aeb, 0x7942, 0xb960,
  0xd980, 0xe1a0, 0xe1a0, 0xe1c0, 0xe1a0, 0xe1a0, 0xe1a0, 0xe1a0,
  0xe1c0, 0xe1c0, 0xe1c0, 0xe1c0, 0xe1c0, 0xe1a0, 0xe1a0, 0xe1c0,
  0xe1c0, 0xe1c0, 0xe1c0, 0xe1c0, 0xe1c0, 0xe1c0, 0xe1c0, 0xe1c0,
  0xe1c0, 0xe1c0, 0xe1c0, 0xe1c0, 0xe1c0, 0xe1c0, 0xe1c0, 0xe1c0,
  0xe1c0, 0xe1c0, 0xe1c0, 0xe1c0, 0xe1c0, 0xe1c0, 0xe1c0, 0xe1c0,
  0xe1c0, 0xe1c0, 0xe1c0, 0xe1c0, 0xe1c0, 0xe1c0, 0xe1c0, 0xe1c0,
  0xe1c0, 0xe1c0, 0xe1c0, 0xe1c0, 0xe1c0, 0xe1c0, 0xe1c0, 0xe1c0,
  0xe1c0, 0xe1c0, 0xe1c0, 0xe1c0, 0xe1c0, 0xe1c0, 0xe1c0, 0xe1c0,
  0xe1c0, 0xe1c0, 0xe1c0, 0xe1c0, 0xe1c0, 0xe1c0, 0xe1c0, 0xe1c0,
  0xe1c0, 0xe1c0, 0xe1c0, 0xe1c0, 0xe1c0, 0xe1c0, 0xe1c0, 0xe1c0,
  0xe1c0, 0xe1c0, 0xe1c0, 0xe1a0, 0xe1a0, 0xe1c0, 0xe1c0, 0xe1c0,
  0xe1c0, 0xe1c0, 0xe1c0, 0xe1c0, 0xe1c0, 0xe1c0, 0xe1c0, 0xe1c0,
  0xe1c0, 0xe1c0, 0xe1c0, 0xe1c0, 0xe1c0, 0xe1c0, 0xe1c0, 0xe1c0,
  0xe1c0, 0xe1c0, 0xe1c0, 0xe1c0, 0xe1c0, 0xe1c0, 0xe1c0, 0xe1c0,
  0xe1c0, 0xe1c0, 0xe1c0, 0xe1c0, 0xe1c0, 0xe1c0, 0xe1c0, 0xe1c0,
  0xe1c0, 0xe1c0, 0xe1c0, 0xe1c0, 0xe1c0, 0xe1c0, 0xe1c0, 0xe1c0,
  0xe1c0, 0xe1c0, 0xe1c0, 0xe1c0, 0xe1c0, 0xe1c0, 0xe1c0, 0xe1c0,
  0xe1c0, 0xe1c0, 0xe1c0, 0xe1c0, 0xe1c0, 0xe1c0, 0xe1c0, 0xe1c0,
  0xe1c0, 0xe1c0, 0xe1c0, 0xe1c0, 0xe1c0, 0xe1a0, 0xe1a0, 0xe1a0,
  0xe1a0, 0xe1a0, 0xe1a0, 0xe1c0, 0xe1c0, 0xe1c0, 0xe1c0, 0xe1c0,
  0xe1c0, 0xe1c0, 0xe1a0, 0xe1a0, 0xd9e1, 0x9121, 0x4903, 0x49c6,
  0x5269, 0x8c71, 0xc618, 0xef7d, 0xffdf, 0xffdf, 0xffff, 0xffff,
  0xd69a, 0x51c6, 0x9961, 0xd1a0, 0xd9a0, 0xd9a0, 0xd9a0, 0xd1a0,
  0xa181, 0x6207, 0xd6ba, 0xffff, 0xffff, 0xffff, 0xffff, 0xffff,
  0xffff, 0xffff, 0xffff, 0xffff, 0xffff, 0xffff, 0xffff, 0xffff,
  0xffff, 0xef7d, 0x9c10, 0x8121, 0xd1a1, 0xe1a0, 0xe1c0, 0xe1a0,
  0xe1a0, 0xe1a0, 0xe1a0, 0xe1c0, 0xe1c0, 0xe1c0, 0xe1a0, 0xe1a0,
  0xe1a0, 0xc9a1, 0x7122, 0x8bef, 0xef5d, 0xffff, 0xffff, 0xffff,
  0xffff, 0xffff, 0xffff, 0xd69a, 0xef7d, 0xffff, 0xffff, 0xffff,
  0xffff, 0xffff, 0xffff, 0xffff, 0xf79d, 0x6289, 0x7921, 0xb960,
  0xd1a0, 0xe1a0, 0xe1a0, 0xe1c0, 0xe1a0, 0xe1a0, 0xe1a0, 0xe1a0,
  0xe1c0, 0xe1c0, 0xe1c0, 0xe1c0, 0xe1c0, 0xe1a0, 0xe1a0, 0xe1c0,
  0xe1c0, 0xe1c0, 0xe1c0, 0xe1c0, 0xe1c0, 0xe1c0, 0xe1a0, 0xe1a0,
  0xe1c0, 0xe1c0, 0xe1c0, 0xe1c0, 0xe1c0, 0xe1c0, 0xe1c0, 0xe1c0,
  0xe1c0, 0xe1c0, 0xe1c0, 0xe1c0, 0xe1c0, 0xe1c0, 0xe1c0, 0xe1c0,
  0xe1c0, 0xe1c0, 0xe1c0, 0xe1c0, 0xe1c0, 0xe1c0, 0xe1c0, 0xe1c0,
  0xe1c0, 0xe1c0, 0xe1c0, 0xe1c0, 0xe1c0, 0xe1c0, 0xe1c0, 0xe1c0,
  0xe1c0, 0xe1c0, 0xe1c0, 0xe1c0, 0xe1c0, 0xe1c0, 0xe1c0, 0xe1c0,
  0xe1c0, 0xe1c0, 0xe1c0, 0xe1c0, 0xe1c0, 0xe1c0, 0xe1c0, 0xe1c0,
  0xe1c0, 0xe1c0, 0xe1c0, 0xe1c0, 0xe1c0, 0xe1c0, 0xe1c0, 0xe1c0,
  0xe1c0, 0xe1c0, 0xe1c0, 0xe1c0, 0xe1c0, 0xe1a0, 0xe1a0, 0xe1c0,
  0xe1c0, 0xe1c0, 0xe1c0, 0xe1c0, 0xe1c0, 0xe1c0, 0xe1c0, 0xe1c0,
  0xe1c0, 0xe1c0, 0xe1c0, 0xe1c0, 0xe1c0, 0xe1c0, 0xe1c0, 0xe1c0,
  0xe1c0, 0xe1c0, 0xe1c0, 0xe1c0, 0xe1c0, 0xe1c0, 0xe1c0, 0xe1c0,
  0xe1c0, 0xe1c0, 0xe1c0, 0xe1c0, 0xe1c0, 0xe1c0, 0xe1c0, 0xe1c0,
  0xe1c0, 0xe1c0, 0xe1c0, 0xe1c0, 0xe1c0, 0xe1c0, 0xe1c0, 0xe1c0,
  0xe1c0, 0xe1c0, 0xe1c0, 0xe1c0, 0xe1c0, 0xe1c0, 0xe1c0, 0xe1c0,
  0xe1c0, 0xe1c0, 0xe1c0, 0xe1c0, 0xe1c0, 0xe1c0, 0xe1c0, 0xe1c0,
  0xe1c0, 0xe1c0, 0xe1c0, 0xe1a0, 0xe1a0, 0xe1a0, 0xe1a0, 0xe1a0,
  0xe1a0, 0xe1a0, 0xe1a0, 0xe1c0, 0xe1c0, 0xe1c0, 0xe1c0, 0xe1c0,
  0xe1c0, 0xe1c0, 0xe1a0, 0xe1a0, 0xd1c2, 0x58c1, 0xad34, 0xffdf,
  0xffff, 0xffff, 0xffff, 0xffff, 0xffff, 0xffff, 0xffff, 0xffff,
  0xc617, 0x61c6, 0xa981, 0xd1a0, 0xd9a0, 0xd9a0, 0xd9a0, 0xc980,
  0x9162, 0x6248, 0xef5c, 0xffff, 0xffff, 0xffff, 0xffff, 0xffff,
  0xffff, 0xffff, 0xffff, 0xffff, 0xffff, 0xffff, 0xffff, 0xffff,
  0xffff, 0xffdf, 0xb534, 0x7963, 0xc1a1, 0xe1a0, 0xe1a0, 0xe1a0,
  0xe1a0, 0xe1a0, 0xe1a0, 0xe1c0, 0xe1c0, 0xe1a0, 0xe1a0, 0xe1a0,
  0xd9c0, 0xb1a2, 0x71e6, 0xb575, 0xffff, 0xffff, 0xffff, 0xffff,
  0xffff, 0xffff, 0xffdf, 0x8c71, 0xef7d, 0xffff, 0xffff, 0xffff,
  0xffff, 0xffff, 0xffff, 0xffff, 0xef3c, 0x5a28, 0x8141, 0xc160,
  0xd9a0, 0xe1c0, 0xe1a0, 0xe1c0, 0xe1a0, 0xe1a0, 0xe1a0, 0xe1a0,
  0xe1c0, 0xe1c0, 0xe1c0, 0xe1c0, 0xe1c0, 0xe1a0, 0xe1a0, 0xe1c0,
  0xe1c0, 0xe1c0, 0xe1c0, 0xe1c0, 0xe1c0, 0xe1c0, 0xe1a0, 0xe1a0,
  0xe1c0, 0xe1c0, 0xe1c0, 0xe1c0, 0xe1c0, 0xe1c0, 0xe1c0, 0xe1c0,
  0xe1c0, 0xe1c0, 0xe1c0, 0xe1c0, 0xe1c0, 0xe1c0, 0xe1c0, 0xe1c0,
  0xe1c0, 0xe1c0, 0xe1c0, 0xe1c0, 0xe1c0, 0xe1c0, 0xe1c0, 0xe1c0,
  0xe1c0, 0xe1c0, 0xe1c0, 0xe1c0, 0xe1c0, 0xe1c0, 0xe1c0, 0xe1c0,
  0xe1c0, 0xe1c0, 0xe1c0, 0xe1c0, 0xe1c0, 0xe1c0, 0xe1c0, 0xe1c0,
  0xe1c0, 0xe1c0, 0xe1c0, 0xe1c0, 0xe1c0, 0xe1c0, 0xe1c0, 0xe1c0,
  0xe1c0, 0xe1c0, 0xe1c0, 0xe1c0, 0xe1c0, 0xe1c0, 0xe1c0, 0xe1c0,
  0xe1c0, 0xe1c0, 0xe1c0, 0xe1c0, 0xe1c0, 0xe1a0, 0xe1a0, 0xe1c0,
  0xe1c0, 0xe1c0, 0xe1c0, 0xe1c0, 0xe1c0, 0xe1c0, 0xe1c0, 0xe1c0,
  0xe1c0, 0xe1c0, 0xe1c0, 0xe1c0, 0xe1c0, 0xe1c0, 0xe1c0, 0xe1c0,
  0xe1c0, 0xe1c0, 0xe1c0, 0xe1c0, 0xe1c0, 0xe1c0, 0xe1c0, 0xe1c0,
  0xe1c0, 0xe1c0, 0xe1c0, 0xe1c0, 0xe1c0, 0xe1c0, 0xe1c0, 0xe1c0,
  0xe1c0, 0xe1c0, 0xe1c0, 0xe1c0, 0xe1c0, 0xe1c0, 0xe1c0, 0xe1c0,
  0xe1c0, 0xe1c0, 0xe1c0, 0xe1c0, 0xe1a0, 0xe1a0, 0xe1a0, 0xe1a0,
  0xe1c0, 0xe1a0, 0xe1a0, 0xe1c0, 0xe1c0, 0xe1a0, 0xe1a0, 0xe1c0,
  0xe1c0, 0xe1c0, 0xe1c0, 0xd9c0, 0xd9c0, 0xd9c0, 0xd9c0, 0xe1a0,
  0xe1a0, 0xe1a0, 0xe1a0, 0xe1c0, 0xe1c0, 0xe1c0, 0xe1c0, 0xe1c0,
  0xe1c0, 0xe1c0, 0xe1c0, 0xd9c0, 0xc1e2, 0x4081, 0xd69a, 0xffff,
  0xffff, 0xffff, 0xffff, 0xffff, 0xffff, 0xffff, 0xffff, 0xffff,
  0xb575, 0x69c5, 0xa981, 0xd1a0, 0xe1a0, 0xe1a0, 0xd9a0, 0xc180,
  0x8962, 0x628a, 0xf79d, 0xffff, 0xffff, 0xffff, 0xffff, 0xffff,
  0xffff, 0xffff, 0xffff, 0xffff, 0xffff, 0xffff, 0xffff, 0xffff,
  0xffff, 0xffff, 0xc5f7, 0x7a27, 0xb181, 0xd9a0, 0xe1a0, 0xe1a0,
  0xe1a0, 0xe1a0, 0xe1a0, 0xe1c0, 0xe1c0, 0xe1a0, 0xe1a0, 0xe1a0,
  0xc9c1, 0x9162, 0x7b0b, 0xdeda, 0xffff, 0xffff, 0xffff, 0xffff,
  0xffff, 0xffff, 0xe71c, 0x632c, 0xffdf, 0xffff, 0xffff, 0xffff,
  0xffff, 0xffff, 0xffff, 0xffff, 0xdedb, 0x51c6, 0x8941, 0xc180,
  0xd9a0, 0xe1c0, 0xe1a0, 0xe1c0, 0xe1a0, 0xe1a0, 0xe1a0, 0xe1a0,
  0xe1c0, 0xe1c0, 0xe1c0, 0xe1c0, 0xe1c0, 0xe1a0, 0xe1a0, 0xe1c0,
  0xe1c0, 0xe1c0, 0xe1c0, 0xe1c0, 0xe1c0, 0xe1c0, 0xe1a0, 0xe1a0,
  0xe1c0, 0xe1c0, 0xe1c0, 0xe1c0, 0xe1c0, 0xe1c0, 0xe1c0, 0xe1c0,
  0xe1c0, 0xe1c0, 0xe1c0, 0xe1c0, 0xe1c0, 0xe1c0, 0xe1c0, 0xe1c0,
  0xe1c0, 0xe1c0, 0xe1c0, 0xe1c0, 0xe1c0, 0xe1c0, 0xe1c0, 0xe1c0,
  0xe1c0, 0xe1c0, 0xe1c0, 0xe1c0, 0xe1c0, 0xe1c0, 0xe1c0, 0xe1c0,
  0xe1c0, 0xe1c0, 0xe1c0, 0xe1c0, 0xe1c0, 0xe1c0, 0xe1c0, 0xe1c0,
  0xe1c0, 0xe1c0, 0xe1c0, 0xe1c0, 0xe1c0, 0xe1c0, 0xe1c0, 0xe1c0,
  0xe1c0, 0xe1c0, 0xe1c0, 0xe1c0, 0xe1c0, 0xe1c0, 0xe1c0, 0xe1c0,
  0xe1a0, 0xe1a0, 0xe1a0, 0xe1c0, 0xe1c0, 0xe1c0, 0xe1c0, 0xe1c0,
  0xe1c0, 0xe1c0, 0xe1c0, 0xe1c0, 0xe1c0, 0xe1c0, 0xe1c0, 0xe1c0,
  0xe1c0, 0xe1c0, 0xe1c0, 0xe1c0, 0xe1c0, 0xe1c0, 0xe1c0, 0xe1c0,
  0xe1c0, 0xe1c0, 0xe1c0, 0xe1c0, 0xe1c0, 0xe1c0, 0xe1c0, 0xe1c0,
  0xe1c0, 0xe1c0, 0xe1c0, 0xe1c0, 0xe1c0, 0xe1c0, 0xe1c0, 0xe1c0,
  0xe1c0, 0xe1c0, 0xe1c0, 0xe1c0, 0xe1c0, 0xe1c0, 0xe1c0, 0xe1c0,
  0xe1c0, 0xe1c0, 0xe1c0, 0xe1c0, 0xe1a0, 0xe1a0, 0xe1a0, 0xe1a0,
  0xe1a0, 0xe1a0, 0xe1a0, 0xe1c0, 0xe1c0, 0xd9c0, 0xd9c0, 0xd1c1,
  0xc9c1, 0xc1a1, 0xb1a2, 0xa182, 0x9182, 0x9142, 0xc9a2, 0xe1a0,
  0xe1a0, 0xe1c0, 0xe1a0, 0xe1a0, 0xe1a0, 0xe1c0, 0xe1c0, 0xe1c0,
  0xe1c0, 0xe1a0, 0xe1a0, 0xd1a0, 0xa9c2, 0x3081, 0xe73c, 0xffff,
  0xffff, 0xffff, 0xffff, 0xffff, 0xffff, 0xffff, 0xffff, 0xffff,
  0xa4f3, 0x69a5, 0xb181, 0xd1a0, 0xe1a0, 0xe1a0, 0xd9a0, 0xb980,
  0x7942, 0x62ca, 0xf7be, 0xffff, 0xffff, 0xffff, 0xffff, 0xffff,
  0xffff, 0xffff, 0xffff, 0xffff, 0xffff, 0xffff, 0xffff, 0xffff,
  0xffff, 0xffff, 0xd699, 0x7a89, 0x9941, 0xd1a0, 0xe1a0, 0xe1c0,
  0xe1c0, 0xe1c0, 0xe1c0, 0xe1a0, 0xe1c0, 0xe1a0, 0xe1a0, 0xd9a0,
  0xb981, 0x7163, 0x9c91, 0xffde, 0xffff, 0xffff, 0xffff, 0xffff,
  0xffff, 0xffdf, 0x8c71, 0x6b6d, 0xffff, 0xffff, 0xffff, 0xffff,
  0xffff, 0xffff, 0xffff, 0xffff, 0xce39, 0x51a5, 0x9141, 0xc980,
  0xd9a0, 0xe1c0, 0xe1c0, 0xe1c0, 0xe1a0, 0xe1a0, 0xe1a0, 0xe1c0,
  0xe1c0, 0xe1c0, 0xe1c0, 0xe1c0, 0xe1c0, 0xe1c0, 0xe1c0, 0xe1c0,
  0xe1c0, 0xe1c0, 0xe1c0, 0xe1c0, 0xe1c0, 0xe1c0, 0xe1a0, 0xe1a0,
  0xe1c0, 0xe1c0, 0xe1c0, 0xe1c0, 0xe1c0, 0xe1c0, 0xe1c0, 0xe1c0,
  0xe1c0, 0xe1c0, 0xe1c0, 0xe1c0, 0xe1c0, 0xe1c0, 0xe1c0, 0xe1c0,
  0xe1c0, 0xe1c0, 0xe1c0, 0xe1c0, 0xe1c0, 0xe1c0, 0xe1c0, 0xe1c0,
  0xe1c0, 0xe1c0, 0xe1c0, 0xe1c0, 0xe1c0, 0xe1c0, 0xe1c0, 0xe1c0,
  0xe9c0, 0xe1c0, 0xe1c0, 0xe1c0, 0xe1c0, 0xe1c0, 0xe1c0, 0xe1c0,
  0xe1c0, 0xe1c0, 0xe1c0, 0xe1c0, 0xe1c0, 0xe1c0, 0xe1c0, 0xe1c0,
  0xe1c0, 0xe1c0, 0xe1c0, 0xe1c0, 0xe1c0, 0xe1c0, 0xe1c0, 0xe1c0,
  0xe1a0, 0xe1a0, 0xe1a0, 0xe1a0, 0xe1c0, 0xe1c0, 0xe1c0, 0xe1c0,
  0xe1c0, 0xe1c0, 0xe1c0, 0xe1c0, 0xe1c0, 0xe1c0, 0xe1c0, 0xe1c0,
  0xe1c0, 0xe1c0, 0xe1c0, 0xe1c0, 0xe1c0, 0xe1c0, 0xe1c0, 0xe1c0,
  0xe1c0, 0xe1c0, 0xe1c0, 0xe1c0, 0xe1c0, 0xe1c0, 0xe1c0, 0xe1c0,
  0xe1c0, 0xe1c0, 0xe1c0, 0xe1c0, 0xe1c0, 0xe1c0, 0xe1c0, 0xe1c0,
  0xe1c0, 0xe1c0, 0xe1c0, 0xe1c0, 0xe1c0, 0xe1c0, 0xe1c0, 0xe1c0,
  0xe1c0, 0xe1a0, 0xe1a0, 0xe1c0, 0xe1c0, 0xe1c0, 0xe1c0, 0xe1c0,
  0xe1a0, 0xd9c0, 0xd1c1, 0xd1c1, 0xc1c1, 0xb1a1, 0xa181, 0x8962,
  0x7963, 0x7184, 0x7207, 0x7aca, 0x7aeb, 0x4882, 0xb1a3, 0xd9a0,
  0xe1a0, 0xe1c0, 0xe1a0, 0xe1a0, 0xe1a0, 0xe1c0, 0xe1c0, 0xe1c0,
  0xe1c0, 0xe1a0, 0xd9a0, 0xc9a0, 0x9161, 0x3103, 0xf79e, 0xffff,
  0xffff, 0xffff, 0xffff, 0xffff, 0xffff, 0xffff, 0xffff, 0xffff,
  0x8c30, 0x6963, 0xb161, 0xd1a0, 0xe1a0, 0xe1a0, 0xd9a0, 0xb980,
  0x7163, 0x7b6d, 0xffde, 0xffff, 0xffff, 0xffff, 0xffff, 0xffff,
  0xffff, 0xffff, 0xffff, 0xffff, 0xffff, 0xffff, 0xffff, 0xffff,
  0xffff, 0xffff, 0xef5c, 0x834c, 0x7901, 0xc980, 0xd9a0, 0xe1c0,
  0xe1c0, 0xe1c0, 0xe1c0, 0xe1a0, 0xe1c0, 0xe1a0, 0xe1a0, 0xd1a0,
  0x9961, 0x6207, 0xc617, 0xffff, 0xffff, 0xffff, 0xffff, 0xffff,
  0xffff, 0xef5d, 0x3186, 0x94b2, 0xffff, 0xffff, 0xffff, 0xffff,
  0xffff, 0xffff, 0xffff, 0xffff, 0xb596, 0x59a5, 0x9941, 0xc980,
  0xd9a0, 0xe1c0, 0xe1c0, 0xe1a0, 0xe1a0, 0xe1a0, 0xe1c0, 0xe1c0,
  0xe1c0, 0xe1c0, 0xe1c0, 0xe1c0, 0xe1c0, 0xe1c0, 0xe1c0, 0xe1c0,
  0xe1c0, 0xe1c0, 0xe1c0, 0xe1c0, 0xe1c0, 0xe1c0, 0xe1c0, 0xe1c0,
  0xe1c0, 0xe1c0, 0xe1c0, 0xe1c0, 0xe1c0, 0xe1c0, 0xe1c0, 0xe1c0,
  0xe1c0, 0xe1c0, 0xe1c0, 0xe1c0, 0xe1c0, 0xe1c0, 0xe1c0, 0xe1c0,
  0xe1c0, 0xe1c0, 0xe1c0, 0xe1c0, 0xe1c0, 0xe1c0, 0xe1c0, 0xe1c0,
  0xe1c0, 0xe1c0, 0xe1c0, 0xe1c0, 0xe1c0, 0xe1c0, 0xe1c0, 0xe1c0,
  0xe1c0, 0xe1c0, 0xe1c0, 0xe1c0, 0xe1c0, 0xe1c0, 0xe1c0, 0xe1c0,
  0xe1c0, 0xe1c0, 0xe1c0, 0xe1c0, 0xe1c0, 0xe1c0, 0xe1c0, 0xe1c0,
  0xe1c0, 0xe1c0, 0xe1c0, 0xe1c0, 0xe1c0, 0xe1c0, 0xe1c0, 0xe1c0,
  0xe1c0, 0xe1c0, 0xe1c0, 0xe1c0, 0xe1c0, 0xe1c0, 0xe1c0, 0xe1c0,
  0xe1c0, 0xe1c0, 0xe1c0, 0xe1c0, 0xe1c0, 0xe1c0, 0xe1c0, 0xe1c0,
  0xe1c0, 0xe1c0, 0xe1c0, 0xe1c0, 0xe1c0, 0xe1c0, 0xe1c0, 0xe1c0,
  0xe1c0, 0xe1c0, 0xe1c0, 0xe1c0, 0xe1c0, 0xe1c0, 0xe1c0, 0xe1c0,
  0xe1c0, 0xe1c0, 0xe1c0, 0xe1c0, 0xe1c0, 0xe1c0, 0xe1c0, 0xe1c0,
  0xe1c0, 0xe1c0, 0xe1c0, 0xe1c0, 0xe1c0, 0xe1c0, 0xe1c0, 0xe1c0,
  0xe1c0, 0xe1a0, 0xe1c0, 0xd9c0, 0xd9c0, 0xd9c0, 0xe1a0, 0xe1a0,
  0xd9a0, 0xb981, 0x8921, 0x7142, 0x6963, 0x61a5, 0x72a9, 0x8bce,
  0x9430, 0x9cb2, 0xbdd7, 0xe71c, 0xdefb, 0x4924, 0xb1a2, 0xd9a0,
  0xe1a0, 0xe1c0, 0xe1a0, 0xe1a0, 0xe1a0, 0xe1c0, 0xe1c0, 0xe1c0,
  0xe1a0, 0xe1a0, 0xd9a0, 0xc9a0, 0x8121, 0x41a6, 0xffbe, 0xffff,
  0xffff, 0xffff, 0xffff, 0xffff, 0xffff, 0xffff, 0xffff, 0xffdf,
  0x7bae, 0x6942, 0xb160, 0xd1a0, 0xe1a0, 0xe1a0, 0xd9a0, 0xb181,
  0x6983, 0x8c50, 0xffdf, 0xffff, 0xffff, 0xffff, 0xffff, 0xffff,
  0xffff, 0xffff, 0xffff, 0xffff, 0xffff, 0xffff, 0xffff, 0xffff,
  0xffff, 0xffff, 0xf7be, 0x9430, 0x6122, 0xb180, 0xd9a0, 0xe1c0,
  0xe1c0, 0xe1c0, 0xe1a0, 0xe1a0, 0xe1a0, 0xe1a0, 0xd9a0, 0xb980,
  0x7122, 0x732c, 0xef7d, 0xffff, 0xffff, 0xffff, 0xffff, 0xffff,
  0xffff, 0xad55, 0x0841, 0xb5b6, 0xffff, 0xffff, 0xffff, 0xffff,
  0xffff, 0xffff, 0xffff, 0xffff, 0x9cf3, 0x5984, 0x9940, 0xc980,
  0xd9a0, 0xe1c0, 0xe1c0, 0xe1a0, 0xe1a0, 0xe1a0, 0xe1c0, 0xe1c0,
  0xe1c0, 0xe1c0, 0xe1c0, 0xe1c0, 0xe1c0, 0xe1c0, 0xe1c0, 0xe1c0,
  0xe1c0, 0xe1c0, 0xe1c0, 0xe1c0, 0xe1c0, 0xe1c0, 0xe1c0, 0xe1c0,
  0xe1c0, 0xe1c0, 0xe1c0, 0xe1c0, 0xe1c0, 0xe1c0, 0xe1c0, 0xe1c0,
  0xe1c0, 0xe1c0, 0xe1c0, 0xe1c0, 0xe1c0, 0xe1c0, 0xe1c0, 0xe1c0,
  0xe1c0, 0xe1c0, 0xe1c0, 0xe1c0, 0xe1c0, 0xe1c0, 0xe1c0, 0xe1c0,
  0xe1c0, 0xe1c0, 0xe1c0, 0xe1c0, 0xe1c0, 0xe1c0, 0xe1c0, 0xe1c0,
  0xe1c0, 0xe1c0, 0xe1c0, 0xe1c0, 0xe1c0, 0xe1c0, 0xe1c0, 0xe1c0,
  0xe1c0, 0xe1c0, 0xe1c0, 0xe1c0, 0xe1c0, 0xe1c0, 0xe1c0, 0xe1c0,
  0xe1c0, 0xe1c0, 0xe1c0, 0xe1c0, 0xe1c0, 0xe1c0, 0xe1c0, 0xe1c0,
  0xe1c0, 0xe1c0, 0xe1c0, 0xe1c0, 0xe1c0, 0xe1c0, 0xe1c0, 0xe1c0,
  0xe1c0, 0xe1c0, 0xe1c0, 0xe1c0, 0xe1c0, 0xe1c0, 0xe1c0, 0xe1c0,
  0xe1c0, 0xe1c0, 0xe1c0, 0xe1c0, 0xe1c0, 0xe1c0, 0xe1c0, 0xe1c0,
  0xe1c0, 0xe1c0, 0xe1c0, 0xe1c0, 0xe1c0, 0xe1c0, 0xe1c0, 0xe1c0,
  0xe1c0, 0xe1c0, 0xe1c0, 0xe1c0, 0xe1a0, 0xe1a0, 0xe1a0, 0xe1c0,
  0xe1c0, 0xe1a0, 0xe1c0, 0xe1c0, 0xe1c0, 0xe1c0, 0xe1c0, 0xd9c0,
  0xd9c0, 0xd1e1, 0xc1e2, 0xb9c2, 0xb181, 0xd1a0, 0xe1a0, 0xe1a0,
  0xd1c1, 0x8142, 0x72aa, 0x9c51, 0xa4d3, 0xad55, 0xce59, 0xf77d,
  0xffdf, 0xffff, 0xffff, 0xffff, 0xce59, 0x4103, 0xb182, 0xd9a0,
  0xe1a0, 0xe1a0, 0xe1a0, 0xe1a0, 0xe1a0, 0xe1a0, 0xe1a0, 0xe1a0,
  0xe1a0, 0xe1a0, 0xd9a0, 0xc1a0, 0x7901, 0x5a69, 0xffff, 0xffff,
  0xffff, 0xffff, 0xffff, 0xffff, 0xffff, 0xffff, 0xffff, 0xf7be,
  0x6b0c, 0x6922, 0xb960, 0xd9a0, 0xe1a0, 0xe1a0, 0xd9a0, 0xb161,
  0x6184, 0xa4f3, 0xffff, 0xffff, 0xffff, 0xffff, 0xffff, 0xffff,
  0xffff, 0xffff, 0xe71c, 0xffdf, 0xffff, 0xffff, 0xffff, 0xffff,
  0xffff, 0xffff, 0xffff, 0xad34, 0x61a5, 0xa161, 0xd1a0, 0xe1c0,
  0xe1a0, 0xe1a0, 0xe1a0, 0xe1a0, 0xe1a0, 0xe1a0, 0xd1a0, 0xa141,
  0x5964, 0x9cd2, 0xffdf, 0xffff, 0xffff, 0xffff, 0xffff, 0xffff,
  0xf79e, 0x528a, 0x1082, 0xd69a, 0xffff, 0xffff, 0xffff, 0xffff,
  0xffff, 0xffff, 0xffff, 0xffff, 0x9471, 0x6164, 0xa160, 0xd180,
  0xe1a0, 0xe1c0, 0xe1a0, 0xe1a0, 0xe1a0, 0xe1a0, 0xe1c0, 0xe1c0,
  0xe1c0, 0xe1c0, 0xe1c0, 0xe1c0, 0xe1c0, 0xe1c0, 0xe1c0, 0xe1c0,
  0xe1c0, 0xe1c0, 0xe1c0, 0xe1c0, 0xe1c0, 0xe1c0, 0xe1c0, 0xe1c0,
  0xe1c0, 0xe1c0, 0xe1c0, 0xe1c0, 0xe1c0, 0xe1c0, 0xe1c0, 0xe1c0,
  0xe1c0, 0xe1c0, 0xe1c0, 0xe1c0, 0xe1c0, 0xe1c0, 0xe1c0, 0xe1c0,
  0xe1c0, 0xe1c0, 0xe1c0, 0xe1c0, 0xe1c0, 0xe1c0, 0xe1c0, 0xe1c0,
  0xe1c0, 0xe1c0, 0xe1c0, 0xe1c0, 0xe1c0, 0xe1c0, 0xe1c0, 0xe1c0,
  0xe1c0, 0xe1c0, 0xe1c0, 0xe1c0, 0xe1c0, 0xe1c0, 0xe1c0, 0xe1c0,
  0xe1c0, 0xe1c0, 0xe1c0, 0xe1c0, 0xe1c0, 0xe1c0, 0xe1c0, 0xe1c0,
  0xe1c0, 0xe1c0, 0xe1c0, 0xe1c0, 0xe1c0, 0xe1c0, 0xe1c0, 0xe1c0,
  0xe1c0, 0xe1c0, 0xe1c0, 0xe1c0, 0xe1c0, 0xe1c0, 0xe1c0, 0xe1c0,
  0xe1c0, 0xe1c0, 0xe1c0, 0xe1c0, 0xe1c0, 0xe1c0, 0xe1c0, 0xe1c0,
  0xe1c0, 0xe1c0, 0xe1c0, 0xe1c0, 0xe1c0, 0xe1c0, 0xe1c0, 0xe1c0,
  0xe1c0, 0xe1c0, 0xe1c0, 0xe1c0, 0xe1c0, 0xe1c0, 0xe1c0, 0xe1c0,
  0xe1c0, 0xe1c0, 0xe1c0, 0xe1a0, 0xe1a0, 0xe1a0, 0xe1a0, 0xe1a0,
  0xd9c0, 0xd9c0, 0xd9c0, 0xd9c0, 0xd1e1, 0xd1e1, 0xc202, 0xb1c2,
  0x9182, 0x7101, 0x58e2, 0x48c1, 0x70e1, 0xc181, 0xe1a0, 0xd9a0,
  0xc9e2, 0x5923, 0xad55, 0xf7be, 0xffff, 0xffff, 0xffff, 0xffff,
  0xffff, 0xffff, 0xffff, 0xffff, 0xbdb6, 0x4923, 0xb181, 0xd180,
  0xe1a0, 0xe1c0, 0xe1a0, 0xe1a0, 0xe1a0, 0xe1a0, 0xe1a0, 0xe1a0,
  0xe1a0, 0xe1a0, 0xd9a0, 0xc1a0, 0x68e1, 0x7b6d, 0xffff, 0xffff,
  0xffff, 0xffff, 0xffff, 0xffff, 0xffff, 0xffff, 0xffff, 0xef7d,
  0x62aa, 0x7121, 0xb960, 0xd980, 0xe1a0, 0xd9a0, 0xd1a0, 0xa961,
  0x5984, 0xb595, 0xffff, 0xffff, 0xffff, 0xffff, 0xffff, 0xffff,
  0xffff, 0xffff, 0x9cf3, 0xef7d, 0xffff, 0xffff, 0xffff, 0xffff,
  0xffff, 0xffff, 0xffff, 0xc638, 0x6248, 0x9141, 0xd1a0, 0xe1c0,
  0xe1c0, 0xe1a0, 0xe1c0, 0xe1a0, 0xe1a0, 0xe1a0, 0xc9a0, 0x8941,
  0x51e7, 0xd69a, 0xffff, 0xffff, 0xffff, 0xffff, 0xffff, 0xffff,
  0xce59, 0x18e3, 0x18e3, 0xe73c, 0xffff, 0xffff, 0xffff, 0xffff,
  0xffff, 0xffff, 0xffff, 0xffff, 0x83cf, 0x6143, 0xa960, 0xd180,
  0xe1a0, 0xe1c0, 0xe1a0, 0xe1a0, 0xe1a0, 0xe1c0, 0xe1c0, 0xe1c0,
  0xe1c0, 0xe1c0, 0xe1c0, 0xe1c0, 0xe1c0, 0xe1c0, 0xe1c0, 0xe1c0,
  0xe1c0, 0xe1c0, 0xe1c0, 0xe1c0, 0xe1c0, 0xe1c0, 0xe1c0, 0xe1c0,
  0xe1c0, 0xe1c0, 0xe1c0, 0xe1c0, 0xe1c0, 0xe1c0, 0xe1c0, 0xe1c0,
  0xe1c0, 0xe1c0, 0xe1c0, 0xe1c0, 0xe1c0, 0xe1c0, 0xe1c0, 0xe1c0,
  0xe1c0, 0xe1c0, 0xe1c0, 0xe1c0, 0xe1c0, 0xe1c0, 0xe1c0, 0xe1c0,
  0xe1c0, 0xe1c0, 0xe1c0, 0xe1c0, 0xe1c0, 0xe1c0, 0xe1c0, 0xe1c0,
  0xe1c0, 0xe1c0, 0xe1c0, 0xe1c0, 0xe1c0, 0xe1c0, 0xe1c0, 0xe1c0,
  0xe1c0, 0xe1c0, 0xe1c0, 0xe1c0, 0xe1c0, 0xe1c0, 0xe1c0, 0xe1c0,
  0xe1c0, 0xe1c0, 0xe1c0, 0xe1c0, 0xe1c0, 0xe1c0, 0xe1c0, 0xe1c0,
  0xe1c0, 0xe1c0, 0xe1c0, 0xe1c0, 0xe1c0, 0xe1c0, 0xe1c0, 0xe1c0,
  0xe1c0, 0xe1c0, 0xe1c0, 0xe1c0, 0xe1c0, 0xe1c0, 0xe1c0, 0xe1c0,
  0xe1c0, 0xe1c0, 0xe1c0, 0xe1c0, 0xe1c0, 0xe1c0, 0xe1c0, 0xe1c0,
  0xe1c0, 0xe1c0, 0xe1c0, 0xe1c0, 0xe1c0, 0xe1c0, 0xe1c0, 0xe1c0,
  0xe1c0, 0xe1c0, 0xe1c0, 0xe1a0, 0xe1a0, 0xe1c0, 0xd9c0, 0xd1c1,
  0xc9e1, 0xb9e2, 0xa9c2, 0x9982, 0x8141, 0x6922, 0x5902, 0x5964,
  0x72ea, 0x9c71, 0x7bae, 0x3903, 0x7921, 0xc1a1, 0xd9a0, 0xd1a0,
  0xb1a1, 0x4903, 0xd679, 0xffff, 0xffff, 0xffff, 0xffff, 0xffff,
  0xffff, 0xffff, 0xffff, 0xffff, 0x9cd3, 0x5103, 0xa961, 0xd180,
  0xd9a0, 0xe1c0, 0xe1c0, 0xe1a0, 0xe1a0, 0xe1a0, 0xe1a0, 0xe1a0,
  0xe1a0, 0xe1a0, 0xd9a0, 0xc1a1, 0x60c1, 0x9c71, 0xffff, 0xffff,
  0xffff, 0xffff, 0xffff, 0xffff, 0xffff, 0xffff, 0xffff, 0xe71b,
  0x6248, 0x7921, 0xc160, 0xd980, 0xd9a0, 0xd9a0, 0xd1a0, 0xa161,
  0x5985, 0xce38, 0xffff, 0xffff, 0xffff, 0xffff, 0xffff, 0xffff,
  0xffff, 0xffdf, 0x738e, 0xdedb, 0xffff, 0xffff, 0xffff, 0xffff,
  0xffff, 0xffff, 0xffff, 0xe73c, 0x730b, 0x8142, 0xc9a0, 0xd9c0,
  0xe1a0, 0xe1a0, 0xe1a0, 0xe1a0, 0xe1a0, 0xd9a0, 0xc1a1, 0x7143,
  0x732c, 0xf7be, 0xffff, 0xffff, 0xffff, 0xffff, 0xffff, 0xffff,
  0x7bef, 0x1082, 0x2124, 0xf79e, 0xffff, 0xffff, 0xffff, 0xffff,
  0xffff, 0xffff, 0xffff, 0xffdf, 0x7b8d, 0x6122, 0xa960, 0xd1a0,
  0xe1c0, 0xe1c0, 0xe1a0, 0xe1a0, 0xe1a0, 0xe1c0, 0xe1c0, 0xe1c0,
  0xe1c0, 0xe1c0, 0xe1c0, 0xe1c0, 0xe1c0, 0xe1c0, 0xe1c0, 0xe1c0,
  0xe1c0, 0xe1c0, 0xe1c0, 0xe1c0, 0xe1c0, 0xe1c0, 0xe1c0, 0xe1c0,
  0xe1c0, 0xe1c0, 0xe1c0, 0xe1c0, 0xe1c0, 0xe1c0, 0xe1c0, 0xe1c0,
  0xe1c0, 0xe1c0, 0xe1c0, 0xe1c0, 0xe1c0, 0xe1c0, 0xe1c0, 0xe1c0,
  0xe1c0, 0xe1c0, 0xe1c0, 0xe1c0, 0xe1c0, 0xe1c0, 0xe1c0, 0xe1c0,
  0xe1c0, 0xe1a0, 0xe1a0, 0xe1c0, 0xe1a0, 0xe1a0, 0xe1c0, 0xe1c0,
  0xe1c0, 0xe1c0, 0xe1c0, 0xe1c0, 0xe1c0, 0xe1c0, 0xe1c0, 0xe1c0,
  0xe1c0, 0xe1c0, 0xe1c0, 0xe1c0, 0xe1c0, 0xe1c0, 0xe1c0, 0xe1c0,
  0xe1c0, 0xe1c0, 0xe1c0, 0xe1c0, 0xe1c0, 0xe1c0, 0xe1c0, 0xe1c0,
  0xe1c0, 0xe1c0, 0xe1c0, 0xe1c0, 0xe1c0, 0xe1c0, 0xe1c0, 0xe1c0,
  0xe1c0, 0xe1c0, 0xe1c0, 0xe1c0, 0xe1c0, 0xe1c0, 0xe1c0, 0xe1c0,
  0xe1c0, 0xe1c0, 0xe1c0, 0xe1c0, 0xe1c0, 0xe1c0, 0xe1c0, 0xe1c0,
  0xe1c0, 0xe1c0, 0xe1c0, 0xe1c0, 0xe1c0, 0xe1c0, 0xe1c0, 0xe1c0,
  0xe1c0, 0xe1c0, 0xe1a0, 0xe1a0, 0xe1c0, 0xd1c1, 0xa9a2, 0x7921,
  0x58a1, 0x40a1, 0x40e2, 0x6248, 0x93ef, 0xb555, 0xc5f7, 0xce38,
  0xdedb, 0xef5d, 0x83ef, 0x5123, 0x9961, 0xc980, 0xd1a0, 0xc980,
  0xa181, 0x38e3, 0xe73c, 0xffff, 0xffff, 0xffff, 0xffff, 0xffff,
  0xffff, 0xffff, 0xffff, 0xffff, 0x8c50, 0x6123, 0xb160, 0xd180,
  0xd9a0, 0xe1c0, 0xe1c0, 0xe1a0, 0xe1a0, 0xe1a0, 0xe1a0, 0xe1a0,
  0xe1a0, 0xe1a0, 0xd9a0, 0xb9a1, 0x50a1, 0xb534, 0xffff, 0xffff,
  0xffff, 0xffff, 0xffff, 0xffff, 0xffff, 0xffff, 0xffff, 0xd679,
  0x6207, 0x8921, 0xc180, 0xd9a0, 0xe1a0, 0xe1a0, 0xc9a0, 0x9941,
  0x5185, 0xdedb, 0xffff, 0xffff, 0xffff, 0xffff, 0xffff, 0xffff,
  0xffff, 0xffdf, 0x630c, 0xad55, 0xffff, 0xffff, 0xffff, 0xffff,
  0xffff, 0xffff, 0xffff, 0xf7be, 0x8c0f, 0x7963, 0xc1a1, 0xd9c0,
  0xe1a0, 0xe1a0, 0xe1a0, 0xe1a0, 0xe1a0, 0xd9c0, 0xb1a2, 0x61a5,
  0xb575, 0xffff, 0xffff, 0xffff, 0xffff, 0xffff, 0xffff, 0xe71c,
  0x39a6, 0x18c2, 0x4228, 0xffdf, 0xffff, 0xffff, 0xffff, 0xffff,
  0xffff, 0xffff, 0xffff, 0xf7be, 0x732c, 0x6922, 0xb160, 0xd1a0,
  0xe1c0, 0xe1c0, 0xe1a0, 0xe1c0, 0xe1c0, 0xe1c0, 0xe1c0, 0xe1c0,
  0xe1c0, 0xe1c0, 0xe1c0, 0xe1c0, 0xe1c0, 0xe1c0, 0xe1c0, 0xe1c0,
  0xe1c0, 0xe1c0, 0xe1c0, 0xe1c0, 0xe1c0, 0xe1c0, 0xe1c0, 0xe1c0,
  0xe1c0, 0xe1c0, 0xe1c0, 0xe1c0, 0xe1c0, 0xe1c0, 0xe1c0, 0xe1c0,
  0xe1c0, 0xe1c0, 0xe1c0, 0xe1c0, 0xe1c0, 0xe1c0, 0xe1c0, 0xe1c0,
  0xe1c0, 0xe1c0, 0xe1c0, 0xe1c0, 0xe1c0, 0xe1c0, 0xe1c0, 0xe1c0,
  0xe1c0, 0xe1c0, 0xe1c0, 0xe1c0, 0xe1c0, 0xe1c0, 0xe1c0, 0xe1c0,
  0xe1c0, 0xe1c0, 0xe1c0, 0xe1c0, 0xe1c0, 0xe1c0, 0xe1c0, 0xe1c0,
  0xe1c0, 0xe1c0, 0xe1c0, 0xe1c0, 0xe1c0, 0xe1c0, 0xe1c0, 0xe1c0,
  0xe1c0, 0xe1c0, 0xe1c0, 0xe1c0, 0xe1c0, 0xe1c0, 0xe1c0, 0xe1c0,
  0xe1c0, 0xe1c0, 0xe1c0, 0xe1c0, 0xe1c0, 0xe1c0, 0xe1c0, 0xe1c0,
  0xe1c0, 0xe1c0, 0xe1c0, 0xe1c0, 0xe1a0, 0xe1a0, 0xe1a0, 0xe1c0,
  0xe1c0, 0xe1a0, 0xe1a0, 0xe1c0, 0xe1c0, 0xe1c0, 0xe1c0, 0xe1a0,
  0xe1c0, 0xe1c0, 0xe1c0, 0xe1c0, 0xe1c0, 0xe1c0, 0xe1c0, 0xe1c0,
  0xe1c0, 0xe1c0, 0xe1a0, 0xe1a0, 0xd9c0, 0xa9a2, 0x5923, 0x7b2c,
  0xacf3, 0xc5f7, 0xd699, 0xdefb, 0xef5d, 0xf7be, 0xffff, 0xffff,
  0xffff, 0xc658, 0x5a28, 0x7101, 0xa961, 0xc980, 0xd180, 0xc980,
  0x9962, 0x4165, 0xf79d, 0xffff, 0xffff, 0xffff, 0xffff, 0xffff,
  0xffff, 0xffff, 0xffff, 0xffde, 0x7b8e, 0x6942, 0xb180, 0xd180,
  0xd9a0, 0xe1c0, 0xe1c0, 0xe1a0, 0xe1a0, 0xe1a0, 0xe1a0, 0xe1a0,
  0xe1a0, 0xd9a0, 0xd1a0, 0xb1c1, 0x4081, 0xce38, 0xffff, 0xffff,
  0xffff, 0xffff, 0xffff, 0xffff, 0xffff, 0xffff, 0xffff, 0xbdd7,
  0x61e6, 0x9141, 0xc980, 0xd9a0, 0xe1a0, 0xd9a0, 0xc980, 0x9161,
  0x51c6, 0xef3c, 0xffff, 0xffff, 0xffff, 0xffff, 0xffff, 0xffff,
  0xffff, 0xffdf, 0x52aa, 0x5aeb, 0xffff, 0xffff, 0xffff, 0xffff,
  0xffff, 0xffff, 0xffff, 0xffff, 0xad13, 0x79c5, 0xb181, 0xd9a0,
  0xe1a0, 0xe1a0, 0xe1a0, 0xe1a0, 0xe1a0, 0xd1c0, 0x9183, 0x5a28,
  0xe75c, 0xffff, 0xffff, 0xffff, 0xffff, 0xffff, 0xffff, 0x9cf4,
  0x2903, 0x28c2, 0x5aeb, 0xffff, 0xffff, 0xffff, 0xffff, 0xffff,
  0xffff, 0xffff, 0xffff, 0xf79e, 0x6b0b, 0x7142, 0xb980, 0xd1a0,
  0xe1c0, 0xe1c0, 0xe1a0, 0xe1a0, 0xe1c0, 0xe1c0, 0xe1c0, 0xe1c0,
  0xe1c0, 0xe1c0, 0xe1c0, 0xe1c0, 0xe1c0, 0xe1c0, 0xe1c0, 0xe1c0,
  0xe1c0, 0xe1c0, 0xe1c0, 0xe1c0, 0xe1c0, 0xe1c0, 0xe1c0, 0xe1c0,
  0xe1c0, 0xe1c0, 0xe1c0, 0xe1c0, 0xe1c0, 0xe1c0, 0xe1c0, 0xe1c0,
  0xe1c0, 0xe1c0, 0xe1c0, 0xe1c0, 0xe1c0, 0xe1c0, 0xe1c0, 0xe1c0,
  0xe1c0, 0xe1c0, 0xe1c0, 0xe1c0, 0xe1c0, 0xe1c0, 0xe1c0, 0xe1c0,
  0xe1c0, 0xe1c0, 0xe1c0, 0xe1c0, 0xe1c0, 0xe1c0, 0xe1c0, 0xe1c0,
  0xe1c0, 0xe1c0, 0xe1c0, 0xe1c0, 0xe1c0, 0xe1c0, 0xe1c0, 0xe1c0,
  0xe1c0, 0xe1c0, 0xe1c0, 0xe1c0, 0xe1c0, 0xe1c0, 0xe1c0, 0xe1c0,
  0xe1c0, 0xe1c0, 0xe1c0, 0xe9c0, 0xe1c0, 0xe1c0, 0xe1c0, 0xe1c0,
  0xe1c0, 0xe1c0, 0xe1c0, 0xe1c0, 0xe1c0, 0xe1c0, 0xe1c0, 0xe1c0,
  0xe1c0, 0xe1c0, 0xe1c0, 0xe1c0, 0xe1a0, 0xe1a0, 0xe1a0, 0xe1a0,
  0xe1a0, 0xe1a0, 0xe1a0, 0xe1a0, 0xe1a0, 0xe1a0, 0xe1c0, 0xe1c0,
  0xe1c0, 0xe1a0, 0xe1a0, 0xe1c0, 0xe1c0, 0xe1c0, 0xe1c0, 0xe1c0,
  0xe1c0, 0xe1c0, 0xe1c0, 0xe1a0, 0xc9e2, 0x7102, 0x9410, 0xe71c,
  0xf7be, 0xffdf, 0xffff, 0xffff, 0xffff, 0xffff, 0xffff, 0xffff,
  0xf7be, 0x83ef, 0x5102, 0x9120, 0xb960, 0xc980, 0xc980, 0xc180,
  0x8942, 0x49c7, 0xf7be, 0xffff, 0xffff, 0xffff, 0xffff, 0xffff,
  0xffff, 0xffff, 0xffff, 0xf7be, 0x6b0b, 0x6942, 0xb180, 0xd180,
  0xd9a0, 0xe1a0, 0xe1a0, 0xe1a0, 0xe1a0, 0xe1a0, 0xe1a0, 0xe1a0,
  0xe1a0, 0xd9a0, 0xd1a0, 0xb1c2, 0x40c2, 0xdeba, 0xffff, 0xffff,
  0xffff, 0xffff, 0xffff, 0xffff, 0xffff, 0xffff, 0xffff, 0xb575,
  0x69e6, 0x9961, 0xc980, 0xd9a0, 0xe1a0, 0xd9a0, 0xc980, 0x8962,
  0x5a28, 0xf7be, 0xffff, 0xffff, 0xffff, 0xffff, 0xffff, 0xffff,
  0xffff, 0xffdf, 0x4a49, 0x2965, 0xf79e, 0xffff, 0xffff, 0xffff,
  0xffff, 0xffff, 0xffff, 0xffff, 0xc5f7, 0x7227, 0x9961, 0xd1c0,
  0xe1a0, 0xe1a0, 0xe1a0, 0xe1a0, 0xd9c0, 0xc1c1, 0x7184, 0x9c92,
  0xffff, 0xffff, 0xffff, 0xffff, 0xffff, 0xffff, 0xf77e, 0x5269,
  0x30e2, 0x28c2, 0x738e, 0xffff, 0xffff, 0xffff, 0xffff, 0xffff,
  0xffff, 0xffff, 0xffff, 0xe73c, 0x5a48, 0x7921, 0xb980, 0xd9a0,
  0xe1c0, 0xe1c0, 0xe1a0, 0xe1a0, 0xe1c0, 0xe1c0, 0xe1c0, 0xe1c0,
  0xe1c0, 0xe1c0, 0xe1c0, 0xe1c0, 0xe1c0, 0xe1a0, 0xe1a0, 0xe1c0,
  0xe1c0, 0xe1c0, 0xe1c0, 0xe1c0, 0xe1c0, 0xe1c0, 0xe1c0, 0xe1c0,
  0xe1c0, 0xe1c0, 0xe1c0, 0xe1c0, 0xe1c0, 0xe1c0, 0xe1c0, 0xe1c0,
  0xe1c0, 0xe1c0, 0xe1c0, 0xe1c0, 0xe1c0, 0xe1c0, 0xe1c0, 0xe1c0,
  0xe1c0, 0xe1c0, 0xe1c0, 0xe1c0, 0xe1c0, 0xe1c0, 0xe1c0, 0xe1c0,
  0xe1c0, 0xe1c0, 0xe1c0, 0xe1c0, 0xe1c0, 0xe1c0, 0xe1c0, 0xe1c0,
  0xe1c0, 0xe1c0, 0xe1c0, 0xe1c0, 0xe1c0, 0xe1c0, 0xe1c0, 0xe1c0,
  0xe1c0, 0xe1c0, 0xe1c0, 0xe1c0, 0xe1a0, 0xe1a0, 0xe1a0, 0xe1c0,
  0xe1c0, 0xe1c0, 0xe1c0, 0xe9c0, 0xe1c0, 0xe1c0, 0xe1c0, 0xe1c0,
  0xe1c0, 0xe1c0, 0xe1c0, 0xe1c0, 0xe1c0, 0xe1c0, 0xe1c0, 0xe1c0,
  0xe1c0, 0xe1c0, 0xe1c0, 0xe1a0, 0xe1c0, 0xe1c0, 0xe1c0, 0xe1c0,
  0xe1c0, 0xe1c0, 0xe1c0, 0xd9c0, 0xd9c0, 0xd9e0, 0xd9c0, 0xe1c0,
  0xe1c0, 0xe1a0, 0xe1a0, 0xe1c0, 0xe1c0, 0xe1c0, 0xe1c0, 0xe1c0,
  0xe1c0, 0xe1c0, 0xe1c0, 0xd9c1, 0xa182, 0x61e6, 0xde99, 0xffff,
  0xffff, 0xffff, 0xffff, 0xffff, 0xffff, 0xffff, 0xffff, 0xffff,
  0xbdf7, 0x5a07, 0x7101, 0xa940, 0xc180, 0xc9a0, 0xd1a0, 0xc1a0,
  0x7122, 0x5249, 0xffbe, 0xffff, 0xffff, 0xffff, 0xffff, 0xffff,
  0xffff, 0xffff, 0xffff, 0xf7be, 0x5a48, 0x7122, 0xb960, 0xd980,
  0xe1a0, 0xe1a0, 0xe1a0, 0xe1a0, 0xe1a0, 0xe1a0, 0xe1a0, 0xe1a0,
  0xe1a0, 0xd9a0, 0xd1a0, 0xa1a2, 0x3903, 0xe71b, 0xffff, 0xffff,
  0xffff, 0xffff, 0xffff, 0xffff, 0xffff, 0xffff, 0xffff, 0x9c92,
  0x6184, 0xa161, 0xd180, 0xd9a0, 0xe1a0, 0xd9a0, 0xc980, 0x8142,
  0x6269, 0xffdf, 0xffff, 0xffff, 0xffff, 0xffff, 0xffff, 0xffff,
  0xffff, 0xffbe, 0x4208, 0x0841, 0xd6ba, 0xffff, 0xffff, 0xffff,
  0xffff, 0xffff, 0xffff, 0xffff, 0xe6fb, 0x6a89, 0x8101, 0xc9a0,
  0xe1a0, 0xe1a0, 0xe1a0, 0xe1a0, 0xd9c0, 0xa982, 0x59a6, 0xdeba,
  0xffff, 0xffff, 0xffff, 0xffff, 0xffff, 0xffff, 0xc638, 0x3144,
  0x4102, 0x20a1, 0x9492, 0xffff, 0xffff, 0xffff, 0xffff, 0xffff,
  0xffff, 0xffff, 0xffff, 0xdedb, 0x6228, 0x8121, 0xc180, 0xd9a0,
  0xe1a0, 0xe1c0, 0xe1a0, 0xe1a0, 0xe1c0, 0xe1c0, 0xe1c0, 0xe1c0,
  0xe1c0, 0xe1c0, 0xe1c0, 0xe1c0, 0xe1c0, 0xe1a0, 0xe1a0, 0xe1c0,
  0xe1c0, 0xe1c0, 0xe1c0, 0xe1c0, 0xe1c0, 0xe1c0, 0xe1c0, 0xe1c0,
  0xe1c0, 0xe1c0, 0xe1c0, 0xe1c0, 0xe1c0, 0xe1c0, 0xe1c0, 0xe1a0,
  0xe1c0, 0xe1c0, 0xe1c0, 0xe1c0, 0xe1c0, 0xe1c0, 0xe1c0, 0xe1c0,
  0xe1c0, 0xe1c0, 0xe1c0, 0xe1c0, 0xe1c0, 0xe1c0, 0xe1c0, 0xe1c0,
  0xe1c0, 0xe1c0, 0xe1c0, 0xe1c0, 0xe1c0, 0xe1c0, 0xe1c0, 0xe1c0,
  0xe1c0, 0xe1c0, 0xe1c0, 0xe1c0, 0xe1c0, 0xe1c0, 0xe1c0, 0xe1c0,
  0xe1c0, 0xe1c0, 0xe1c0, 0xe1c0, 0xe1c0, 0xe1c0, 0xe1c0, 0xe1c0,
  0xe1c0, 0xe1c0, 0xe1c0, 0xe1c0, 0xe1c0, 0xe1c0, 0xe1c0, 0xe1c0,
  0xe1c0, 0xe1c0, 0xe1c0, 0xe1c0, 0xe1c0, 0xe1c0, 0xe1c0, 0xe1c0,
  0xe1c0, 0xe1c0, 0xe1c0, 0xe1c0, 0xe1c0, 0xd9c0, 0xd9e0, 0xd9e1,
  0xd9e2, 0xca02, 0xba03, 0xaa04, 0x91a3, 0x8942, 0xb9a1, 0xe1c0,
  0xe9c0, 0xe1c0, 0xe1c0, 0xe1a0, 0xe1a0, 0xe1a0, 0xe1c0, 0xe1c0,
  0xe1c0, 0xe1a0, 0xd9a0, 0xb9c2, 0x58c1, 0x9471, 0xf79d, 0xffff,
  0xffff, 0xffff, 0xffff, 0xffff, 0xffff, 0xffff, 0xffff, 0xf79e,
  0x83ce, 0x50e1, 0x9141, 0xb160, 0xc980, 0xd1a0, 0xd1a0, 0xc1a0,
  0x6101, 0x736d, 0xffde, 0xffff, 0xffff, 0xffff, 0xffff, 0xffff,
  0xffff, 0xffff, 0xffff, 0xf79d, 0x5207, 0x7962, 0xc180, 0xd9a0,
  0xe1a0, 0xe1a0, 0xe1a0, 0xe1a0, 0xe1a0, 0xe1a0, 0xe1a0, 0xe1a0,
  0xe1a0, 0xd9a0, 0xc9a0, 0x9181, 0x4144, 0xef5c, 0xffff, 0xffff,
  0xffff, 0xffff, 0xffff, 0xffff, 0xffff, 0xffff, 0xffff, 0x9451,
  0x6964, 0xa161, 0xd180, 0xd9a0, 0xe1a0, 0xd9a0, 0xc180, 0x7143,
  0x7b4d, 0xffff, 0xffff, 0xffff, 0xffff, 0xffff, 0xffff, 0xffff,
  0xffff, 0xf79e, 0x31a6, 0x1082, 0x8430, 0xffff, 0xffff, 0xffff,
  0xffff, 0xffff, 0xffff, 0xffff, 0xffbe, 0x7b8d, 0x7122, 0xc180,
  0xd9a0, 0xe1a0, 0xe1a0, 0xd9a0, 0xc9a0, 0x8163, 0x6aeb, 0xffdf,
  0xffff, 0xffff, 0xffff, 0xffff, 0xffff, 0xffdf, 0x7bcf, 0x38e2,
  0x50e2, 0x1840, 0xb5b6, 0xffff, 0xffff, 0xffff, 0xffff, 0xffff,
  0xffff, 0xffff, 0xffff, 0xd69a, 0x6a27, 0x8921, 0xc980, 0xd9a0,
  0xe1a0, 0xe1c0, 0xe1a0, 0xe1a0, 0xe1a0, 0xe1c0, 0xe1c0, 0xe1c0,
  0xe1c0, 0xe1c0, 0xe1c0, 0xe1c0, 0xe1c0, 0xe1a0, 0xe1a0, 0xe1c0,
  0xe1c0, 0xe1c0, 0xe1c0, 0xe1c0, 0xe1c0, 0xe1c0, 0xe1c0, 0xe1c0,
  0xe1c0, 0xe1c0, 0xe1c0, 0xe1c0, 0xe1c0, 0xe1c0, 0xe1c0, 0xe1a0,
  0xe1a0, 0xe1c0, 0xe1c0, 0xe1c0, 0xe1c0, 0xe1c0, 0xe1c0, 0xe1c0,
  0xe1c0, 0xe1c0, 0xe1c0, 0xe1c0, 0xe1c0, 0xe1c0, 0xe1c0, 0xe1c0,
  0xe1c0, 0xe1c0, 0xe1c0, 0xe1c0, 0xe1c0, 0xe1c0, 0xe1c0, 0xe1c0,
  0xe1c0, 0xe1c0, 0xe1c0, 0xe1c0, 0xe1c0, 0xe1c0, 0xe1c0, 0xe1c0,
  0xe1c0, 0xe1c0, 0xe1c0, 0xe1c0, 0xe1a0, 0xe1a0, 0xe1a0, 0xe1c0,
  0xe1c0, 0xe1a0, 0xe1a0, 0xe1a0, 0xe1c0, 0xe1c0, 0xe1c0, 0xe1c0,
  0xe1c0, 0xe1c0, 0xe1c0, 0xe1c0, 0xe1c0, 0xe1c0, 0xe1c0, 0xe1a0,
  0xd9c0, 0xd9c0, 0xd1c0, 0xc9e1, 0xc1c1, 0xb9c2, 0xa9e3, 0x91a4,
  0x7963, 0x5944, 0x4964, 0x41a6, 0x5248, 0x4165, 0x8963, 0xd1c1,
  0xe1c0, 0xe1c0, 0xe1c0, 0xe1a0, 0xe1a0, 0xe1a0, 0xe1a0, 0xe1a0,
  0xe1a0, 0xe1a0, 0xc9c1, 0x8141, 0x5a07, 0xd69a, 0xffff, 0xffff,
  0xffff, 0xffff, 0xffff, 0xffff, 0xffff, 0xffff, 0xffde, 0xbdb6,
  0x4985, 0x68e1, 0xa140, 0xb980, 0xd1a0, 0xd9a0, 0xd1a0, 0xb9a1,
  0x50e1, 0x8c10, 0xffff, 0xffff, 0xffff, 0xffff, 0xffff, 0xffff,
  0xffff, 0xffff, 0xffff, 0xdefb, 0x49a6, 0x8941, 0xc180, 0xd980,
  0xe1a0, 0xe1a0, 0xe1a0, 0xe1a0, 0xe1a0, 0xe1a0, 0xe1a0, 0xe1a0,
  0xe1a0, 0xd9a0, 0xc9a0, 0x8121, 0x5228, 0xef7d, 0xffff, 0xffff,
  0xffff, 0xffff, 0xffff, 0xffff, 0xffff, 0xffff, 0xf7be, 0x7bae,
  0x6942, 0xb160, 0xd180, 0xd9a0, 0xe1a0, 0xd980, 0xc180, 0x6143,
  0x840f, 0xffff, 0xffff, 0xffff, 0xffff, 0xffff, 0xffff, 0xffff,
  0xffff, 0xe71b, 0x2104, 0x18a2, 0x4228, 0xffdf, 0xffff, 0xffff,
  0xffff, 0xffff, 0xffff, 0xffff, 0xffff, 0x9492, 0x6164, 0xa961,
  0xd9a0, 0xe1a0, 0xe1a0, 0xd1a0, 0xa961, 0x5123, 0xb595, 0xffff,
  0xffff, 0xffff, 0xffff, 0xffff, 0xffff, 0xdefb, 0x49e7, 0x58e1,
  0x6922, 0x1840, 0xd69a, 0xffff, 0xffff, 0xffff, 0xffff, 0xffff,
  0xffff, 0xffff, 0xffff, 0xb575, 0x61a5, 0x9940, 0xc980, 0xd9a0,
  0xe1a0, 0xe1a0, 0xe1a0, 0xe1a0, 0xe1a0, 0xe1c0, 0xe1c0, 0xe1c0,
  0xe1c0, 0xe1c0, 0xe1c0, 0xe1c0, 0xe1c0, 0xe1a0, 0xe1a0, 0xe1c0,
  0xe1c0, 0xe1c0, 0xe1c0, 0xe1c0, 0xe1c0, 0xe1c0, 0xe1c0, 0xe1c0,
  0xe1c0, 0xe1c0, 0xe1c0, 0xe1c0, 0xe1c0, 0xe1c0, 0xe1c0, 0xe1c0,
  0xe1c0, 0xe1c0, 0xe1c0, 0xe1c0, 0xe1c0, 0xe1c0, 0xe1c0, 0xe1c0,
  0xe1c0, 0xe1c0, 0xe1c0, 0xe1c0, 0xe1c0, 0xe1c0, 0xe1c0, 0xe1c0,
  0xe1c0, 0xe1c0, 0xe1c0, 0xe1c0, 0xe1c0, 0xe1c0, 0xe1c0, 0xe1c0,
  0xe1c0, 0xe1c0, 0xe1c0, 0xe1c0, 0xe1c0, 0xe1c0, 0xe1c0, 0xe1c0,
  0xe1c0, 0xe1c0, 0xe1c0, 0xe1c0, 0xe1a0, 0xe1a0, 0xe1a0, 0xe1c0,
  0xe1c0, 0xe1a0, 0xe1c0, 0xe1a0, 0xe1c0, 0xe1c0, 0xe1c0, 0xe1c0,
  0xe1c0, 0xe1c0, 0xe1c0, 0xe1c0, 0xe1c0, 0xe1c0, 0xe1c0, 0xe1c0,
  0xc9c1, 0xb1a2, 0x99a2, 0x8183, 0x6964, 0x5164, 0x49a6, 0x41c7,
  0x528a, 0xa4f3, 0xe71c, 0xffdf, 0xffff, 0xb575, 0x61a5, 0xb1a3,
  0xe1c0, 0xe1c0, 0xe1a0, 0xe1a0, 0xe1a0, 0xe1a0, 0xe1a0, 0xe1c0,
  0xe1a0, 0xd9a0, 0xb9a1, 0x5902, 0x8c30, 0xef5d, 0xffff, 0xffff,
  0xffff, 0xffff, 0xffff, 0xffff, 0xffff, 0xffff, 0xe71c, 0x734d,
  0x40a1, 0x8121, 0xa960, 0xc980, 0xd1a0, 0xd9a0, 0xd1a0, 0xb9a1,
  0x40a1, 0xad34, 0xffff, 0xffff, 0xffff, 0xffff, 0xffff, 0xffff,
  0xffff, 0xffff, 0xffff, 0xce79, 0x4965, 0x9161, 0xc180, 0xd980,
  0xe1a0, 0xe1a0, 0xe1a0, 0xe1a0, 0xe1a0, 0xe1a0, 0xe1a0, 0xe1a0,
  0xe1a0, 0xd9a0, 0xc9a1, 0x7101, 0x6aca, 0xf79e, 0xffff, 0xffff,
  0xffff, 0xffff, 0xffff, 0xffff, 0xffff, 0xffff, 0xf79d, 0x734c,
  0x6922, 0xb160, 0xd180, 0xe1a0, 0xd9a0, 0xd9a0, 0xb181, 0x5943,
  0x9cd3, 0xffff, 0xffff, 0xffff, 0xffff, 0xffff, 0xffff, 0xffff,
  0xffff, 0xd6ba, 0x20e3, 0x28a2, 0x20e3, 0xef5d, 0xffff, 0xffff,
  0xffff, 0xffff, 0xffff, 0xffff, 0xffff, 0xbdb6, 0x59c6, 0x9961,
  0xd1a0, 0xe1a0, 0xd9a0, 0xc980, 0x7901, 0x41a6, 0xef7d, 0xffff,
  0xffff, 0xffff, 0xffff, 0xffff, 0xffdf, 0x9492, 0x5123, 0x7921,
  0x7121, 0x20a2, 0xef5d, 0xffff, 0xffff, 0xffff, 0xffff, 0xffff,
  0xffff, 0xffff, 0xffff, 0xa514, 0x61a5, 0xa140, 0xd180, 0xe180,
  0xe1a0, 0xe1a0, 0xe1a0, 0xe1a0, 0xe1a0, 0xe1c0, 0xe1c0, 0xe1c0,
  0xe1c0, 0xe1c0, 0xe1c0, 0xe1c0, 0xe1c0, 0xe1a0, 0xe1a0, 0xe1c0,
  0xe1c0, 0xe1c0, 0xe1c0, 0xe1c0, 0xe1c0, 0xe1c0, 0xe1c0, 0xe1c0,
  0xe1c0, 0xe1c0, 0xe1c0, 0xe1c0, 0xe1c0, 0xe1c0, 0xe1c0, 0xe1c0,
  0xe1c0, 0xe1a0, 0xe1a0, 0xe1c0, 0xe1c0, 0xe1c0, 0xe1c0, 0xe1c0,
  0xe1c0, 0xe1c0, 0xe1c0, 0xe1c0, 0xe1c0, 0xe1c0, 0xe1c0, 0xe1c0,
  0xe1c0, 0xe1c0, 0xe1c0, 0xe1c0, 0xe1c0, 0xe1c0, 0xe1c0, 0xe1c0,
  0xe1c0, 0xe1c0, 0xe1c0, 0xe1c0, 0xe1c0, 0xe1c0, 0xe1c0, 0xe1c0,
  0xe1c0, 0xe1c0, 0xe1c0, 0xe1c0, 0xe1a0, 0xe1a0, 0xe1a0, 0xe1c0,
  0xe1a0, 0xe1a0, 0xe1c0, 0xe1a0, 0xe1c0, 0xe1c0, 0xe1c0, 0xe1c0,
  0xe1c0, 0xe1c0, 0xe1c0, 0xe1c0, 0xe1c0, 0xe1a0, 0xe1a0, 0xd9c1,
  0x9101, 0x4081, 0x51e7, 0x6b0b, 0x9471, 0xce79, 0xf7be, 0xffff,
  0xffff, 0xffff, 0xffff, 0xffff, 0xffff, 0xf79d, 0x6aca, 0x8163,
  0xc9c1, 0xe1c0, 0xe1a0, 0xe1a0, 0xe1a0, 0xe1a0, 0xe1a0, 0xe1a0,
  0xe1a0, 0xd1c1, 0x8942, 0x72a9, 0xd69a, 0xffff, 0xffff, 0xffff,
  0xffff, 0xffff, 0xffff, 0xffff, 0xffff, 0xf7be, 0xad55, 0x3903,
  0x68e0, 0x9940, 0xb960, 0xc980, 0xd9a0, 0xd9a0, 0xd1a0, 0xb1a1,
  0x3881, 0xce38, 0xffff, 0xffff, 0xffff, 0xffff, 0xffff, 0xffff,
  0xffff, 0xffff, 0xffff, 0xbdb6, 0x5964, 0x9961, 0xc980, 0xd9a0,
  0xe1a0, 0xe1a0, 0xe1a0, 0xe1a0, 0xe1a0, 0xe1a0, 0xe1a0, 0xe1a0,
  0xe1a0, 0xd9a0, 0xc1c1, 0x60e1, 0x7b8d, 0xf7be, 0xffff, 0xffff,
  0xffff, 0xffff, 0xffff, 0xffff, 0xffff, 0xffff, 0xe73c, 0x6aaa,
  0x70e1, 0xb960, 0xd980, 0xe1a0, 0xd9a0, 0xd1a0, 0xa9a1, 0x5143,
  0xb575, 0xffff, 0xffff, 0xffff, 0xffff, 0xffff, 0xffff, 0xffff,
  0xffff, 0xbdf7, 0x30e3, 0x48c2, 0x2040, 0xc618, 0xffff, 0xffff,
  0xffff, 0xffff, 0xffff, 0xffff, 0xffff, 0xdefb, 0x5a48, 0x8941,
  0xd1a0, 0xe1a0, 0xd9a0, 0xb9a1, 0x50e2, 0x8c30, 0xffde, 0xffff,
  0xffff, 0xffff, 0xffff, 0xffff, 0xef5d, 0x62aa, 0x6101, 0x9120,
  0x7921, 0x3124, 0xffdf, 0xffff, 0xffff, 0xffff, 0xffff, 0xffff,
  0xffff, 0xffff, 0xffff, 0x9cd2, 0x69a4, 0xa160, 0xd180, 0xd9a0,
  0xe1a0, 0xe1a0, 0xe1a0, 0xe1c0, 0xe1c0, 0xe1c0, 0xe1c0, 0xe1c0,
  0xe1c0, 0xe1c0, 0xe1c0, 0xe1c0, 0xe1c0, 0xe1a0, 0xe1a0, 0xe1c0,
  0xe1c0, 0xe1c0, 0xe1c0, 0xe1c0, 0xe1c0, 0xe1c0, 0xe1c0, 0xe1c0,
  0xe1c0, 0xe1c0, 0xe1c0, 0xe1c0, 0xe1c0, 0xe1c0, 0xe1c0, 0xe1c0,
  0xe1c0, 0xe1a0, 0xe1a0, 0xe1c0, 0xe1c0, 0xe1c0, 0xe1c0, 0xe1c0,
  0xe1c0, 0xe1c0, 0xe1c0, 0xe1c0, 0xe1c0, 0xe1c0, 0xe1c0, 0xe1c0,
  0xe1c0, 0xe1c0, 0xe1c0, 0xe1c0, 0xe1c0, 0xe1c0, 0xe1c0, 0xe1c0,
  0xe1c0, 0xe1c0, 0xe1a0, 0xe1a0, 0xe1a0, 0xe1a0, 0xe1c0, 0xe1a0,
  0xe1c0, 0xe1c0, 0xe1a0, 0xe1a0, 0xe1a0, 0xe1a0, 0xe1c0, 0xe1c0,
  0xe1c0, 0xe1c0, 0xe1c0, 0xe1c0, 0xe1c0, 0xe1c0, 0xe1c0, 0xe1c0,
  0xe1c0, 0xe1c0, 0xe1c0, 0xe1c0, 0xe1c0, 0xe1a0, 0xe1a0, 0xd9c1,
  0xa162, 0x4903, 0xd679, 0xffff, 0xffff, 0xffff, 0xffff, 0xffff,
  0xffff, 0xffff, 0xffff, 0xffff, 0xffff, 0xffff, 0xb575, 0x6184,
  0xa982, 0xd9c0, 0xe1c0, 0xe1c0, 0xe1a0, 0xe1a0, 0xe1a0, 0xe1a0,
  0xd9a0, 0xb1a1, 0x6143, 0xa4b2, 0xf79e, 0xffff, 0xffff, 0xffff,
  0xffff, 0xffff, 0xffff, 0xffff, 0xffff, 0xdeda, 0x6aca, 0x48a0,
  0x8920, 0xa960, 0xc180, 0xd1a0, 0xd9a0, 0xd9a0, 0xd1a0, 0xa9a1,
  0x3881, 0xe71b, 0xffff, 0xffff, 0xffff, 0xffff, 0xffff, 0xffff,
  0xffff, 0xffff, 0xffff, 0x9cd2, 0x6143, 0xa161, 0xc980, 0xd9a0,
  0xe1a0, 0xe1a0, 0xe1a0, 0xe1a0, 0xe1a0, 0xe1a0, 0xe1a0, 0xe1a0,
  0xe1a0, 0xd9a0, 0xc1c1, 0x50c1, 0x9451, 0xffbe, 0xffff, 0xffff,
  0xffff, 0xffff, 0xffff, 0xffff, 0xffff, 0xffff, 0xd6ba, 0x6a69,
  0x8101, 0xc160, 0xd980, 0xe1a0, 0xd9a0, 0xd1a0, 0xa181, 0x4123,
  0xce58, 0xffff, 0xffff, 0xffff, 0xffff, 0xffff, 0xffff, 0xffff,
  0xffff, 0xad55, 0x3903, 0x6102, 0x40a1, 0x8c30, 0xffff, 0xffff,
  0xffff, 0xffff, 0xffff, 0xffff, 0xffff, 0xf7be, 0x732c, 0x8162,
  0xc9a0, 0xe1a0, 0xd9a0, 0xa182, 0x3903, 0xd69a, 0xffde, 0xffff,
  0xffff, 0xffff, 0xffff, 0xffff, 0xb596, 0x51a5, 0x7900, 0x9120,
  0x7101, 0x4186, 0xffff, 0xffff, 0xffff, 0xffff, 0xffff, 0xffff,
  0xffff, 0xffff, 0xffff, 0x8c30, 0x6963, 0xa960, 0xd1a0, 0xd9a0,
  0xe1c0, 0xe1a0, 0xe1a0, 0xe1a0, 0xe1a0, 0xe1c0, 0xe1c0, 0xe1c0,
  0xe1c0, 0xe1c0, 0xe1c0, 0xe1c0, 0xe1c0, 0xe1a0, 0xe1a0, 0xe1c0,
  0xe1c0, 0xe1c0, 0xe1c0, 0xe1c0, 0xe1c0, 0xe1c0, 0xe1c0, 0xe1c0,
  0xe1c0, 0xe1c0, 0xe1c0, 0xe1c0, 0xe1c0, 0xe1c0, 0xe1c0, 0xe1c0,
  0xe1c0, 0xe1a0, 0xe1a0, 0xe1c0, 0xe1c0, 0xe1c0, 0xe1c0, 0xe1c0,
  0xe1c0, 0xe1c0, 0xe1c0, 0xe1c0, 0xe1c0, 0xe1c0, 0xe1c0, 0xe1c0,
  0xe1c0, 0xe1c0, 0xe1c0, 0xe1c0, 0xe1c0, 0xe1c0, 0xe1c0, 0xe1c0,
  0xe1c0, 0xe1c0, 0xe1a0, 0xe1a0, 0xe1a0, 0xe1a0, 0xe1c0, 0xe1a0,
  0xe1c0, 0xe1c0, 0xe1a0, 0xe1c0, 0xd9c0, 0xd9c0, 0xd9c0, 0xd9c0,
  0xe1c0, 0xe1c0, 0xe1c0, 0xe1c0, 0xe1c0, 0xe1c0, 0xe1c0, 0xe1c0,
  0xe1c0, 0xe1c0, 0xe1c0, 0xe1c0, 0xe1c0, 0xe1c0, 0xd9a0, 0xd1a0,
  0xb9a1, 0x60e1, 0x83ae, 0xffdf, 0xffff, 0xffff, 0xffff, 0xffff,
  0xffff, 0xffff, 0xffff, 0xffff, 0xffff, 0xffff, 0xef7d, 0x628a,
  0x7942, 0xc9c1, 0xe1a0, 0xe1c0, 0xe1a0, 0xe1a0, 0xe1a0, 0xe1a0,
  0xd1c1, 0x8942, 0x72ca, 0xd699, 0xffff, 0xffff, 0xffff, 0xffff,
  0xffff, 0xffff, 0xffff, 0xffff, 0xf7be, 0xa4f3, 0x40e2, 0x7900,
  0xa140, 0xb980, 0xc9a0, 0xd9a0, 0xd9a0, 0xd980, 0xc9a0, 0xa181,
  0x38e3, 0xf77d, 0xffff, 0xffff, 0xffff, 0xffff, 0xffff, 0xffff,
  0xffff, 0xffff, 0xffff, 0x8410, 0x6143, 0xa960, 0xd180, 0xd9a0,
  0xe1a0, 0xe1a0, 0xe1a0, 0xe1a0, 0xe1a0, 0xe1a0, 0xe1a0, 0xe1a0,
  0xe1a0, 0xd1a0, 0xb9c1, 0x48c1, 0xad34, 0xffdf, 0xffff, 0xffff,
  0xffff, 0xffff, 0xffff, 0xffff, 0xffff, 0xffff, 0xc618, 0x6227,
  0x8921, 0xc160, 0xd9a0, 0xe1a0, 0xd980, 0xc9a0, 0x9181, 0x3923,
  0xdefb, 0xffff, 0xffff, 0xffff, 0xffff, 0xffff, 0xffff, 0xffff,
  0xffff, 0xa4f3, 0x4903, 0x7921, 0x60e1, 0x62aa, 0xffdf, 0xffff,
  0xffff, 0xffff, 0xffff, 0xffff, 0xffff, 0xffdf, 0x9471, 0x79a4,
  0xc1a1, 0xd9a0, 0xd1c1, 0x8163, 0x62aa, 0xf7de, 0xffff, 0xffff,
  0xffff, 0xffff, 0xffff, 0xf79e, 0x83ae, 0x5902, 0x8900, 0xa140,
  0x6901, 0x62aa, 0xffff, 0xffff, 0xffff, 0xffff, 0xffff, 0xffff,
  0xffff, 0xffff, 0xffdf, 0x7bae, 0x6922, 0xa960, 0xd1a0, 0xd9a0,
  0xe1c0, 0xe1a0, 0xe1a0, 0xe1a0, 0xe1a0, 0xe1c0, 0xe1c0, 0xe1c0,
  0xe1c0, 0xe1c0, 0xe1c0, 0xe1c0, 0xe1c0, 0xe1a0, 0xe1a0, 0xe1c0,
  0xe1c0, 0xe1c0, 0xe1c0, 0xe1c0, 0xe1c0, 0xe1c0, 0xe1c0, 0xe1c0,
  0xe1c0, 0xe1c0, 0xe1c0, 0xe1c0, 0xe1c0, 0xe1c0, 0xe1c0, 0xe1c0,
  0xe1c0, 0xe1a0, 0xe1a0, 0xe1c0, 0xe1c0, 0xe1c0, 0xe1c0, 0xe1c0,
  0xe1c0, 0xe1c0, 0xe1c0, 0xe1c0, 0xe1c0, 0xe1c0, 0xe1c0, 0xe1c0,
  0xe1c0, 0xe1c0, 0xe1c0, 0xe1c0, 0xe1c0, 0xe1c0, 0xe1c0, 0xe1c0,
  0xe1c0, 0xe1c0, 0xe1a0, 0xe1a0, 0xe1a0, 0xe1c0, 0xe1c0, 0xe1a0,
  0xd9c0, 0xd9c1, 0xd1c1, 0xc9e1, 0xb1a1, 0x9941, 0x9121, 0xb9a1,
  0xd9c0, 0xe1c0, 0xe9c0, 0xe1c0, 0xe1c0, 0xe1c0, 0xe1c0, 0xe1c0,
  0xe1c0, 0xe1c0, 0xe1c0, 0xe1c0, 0xe1c0, 0xe1c0, 0xd9c0, 0xd1a0,
  0xc1a0, 0x9161, 0x4103, 0xce38, 0xffff, 0xffff, 0xffff, 0xffff,
  0xffff, 0xffff, 0xffff, 0xffff, 0xffff, 0xffff, 0xffff, 0xad35,
  0x5123, 0xa9c2, 0xd9a0, 0xe1a0, 0xe1a0, 0xe1a0, 0xe1a0, 0xd9c0,
  0xb9a2, 0x69a4, 0xacf3, 0xf7be, 0xffff, 0xffff, 0xffff, 0xffff,
  0xffff, 0xffff, 0xffff, 0xffff, 0xd6ba, 0x5a48, 0x60e1, 0xa140,
  0xb960, 0xc980, 0xd1a0, 0xd9a0, 0xd9a0, 0xd980, 0xc9a0, 0x9162,
  0x49a6, 0xffbe, 0xffff, 0xffff, 0xffff, 0xffff, 0xffff, 0xffff,
  0xffff, 0xffff, 0xffff, 0x7b8e, 0x6943, 0xa960, 0xd180, 0xd9a0,
  0xe1a0, 0xe1a0, 0xe1a0, 0xe1a0, 0xe1a0, 0xe1a0, 0xe1a0, 0xe1a0,
  0xe1a0, 0xd1a0, 0xb1a2, 0x4081, 0xc5d7, 0xffdf, 0xffff, 0xffff,
  0xffff, 0xffff, 0xffff, 0xffff, 0xffff, 0xffff, 0xbdd6, 0x6a07,
  0x9141, 0xc980, 0xd9a0, 0xe1a0, 0xd980, 0xc9a0, 0x8962, 0x4165,
  0xef5c, 0xffff, 0xffff, 0xffff, 0xffff, 0xffff, 0xffff, 0xffff,
  0xffff, 0x8c30, 0x5122, 0x8920, 0x7101, 0x3944, 0xef7d, 0xffff,
  0xffff, 0xffff, 0xffff, 0xffff, 0xffff, 0xffff, 0xc5f7, 0x69e6,
  0xb181, 0xd1a0, 0xca02, 0x48c1, 0xb575, 0xffff, 0xffff, 0xffff,
  0xffff, 0xffff, 0xffff, 0xce59, 0x5a28, 0x68e0, 0x9920, 0xa161,
  0x6101, 0x83cf, 0xffff, 0xffff, 0xffff, 0xffff, 0xffff, 0xffff,
  0xffff, 0xffff, 0xf7be, 0x734c, 0x7122, 0xb180, 0xd1a0, 0xe1a0,
  0xe1c0, 0xe1a0, 0xe1a0, 0xe1a0, 0xe1a0, 0xe1c0, 0xe1c0, 0xe1c0,
  0xe1c0, 0xe1c0, 0xe1c0, 0xe1c0, 0xe1c0, 0xe1a0, 0xe1a0, 0xe1c0,
  0xe1c0, 0xe1c0, 0xe1c0, 0xe1c0, 0xe1c0, 0xe1c0, 0xe1c0, 0xe1c0,
  0xe1c0, 0xe1c0, 0xe1c0, 0xe1c0, 0xe1c0, 0xe1c0, 0xe1c0, 0xe1a0,
  0xe1a0, 0xe1a0, 0xe1a0, 0xe1c0, 0xe1c0, 0xe1c0, 0xe1c0, 0xe1c0,
  0xe1c0, 0xe1c0, 0xe1c0, 0xe1c0, 0xe1c0, 0xe1c0, 0xe1c0, 0xe1c0,
  0xe1c0, 0xe1c0, 0xe1c0, 0xe1c0, 0xe1c0, 0xe1c0, 0xe1c0, 0xe1c0,
  0xe1c0, 0xe1c0, 0xe1c0, 0xd9c0, 0xd9c0, 0xd1e1, 0xc9e1, 0xc1c2,
  0xa981, 0x8941, 0x7901, 0x6122, 0x5964, 0x6a68, 0x51a6, 0x8942,
  0xd1c1, 0xe1c0, 0xe9c0, 0xe1c0, 0xe1c0, 0xe1c0, 0xe1c0, 0xe1c0,
  0xe1c0, 0xe1c0, 0xe1c0, 0xe1c0, 0xe1c0, 0xe1c0, 0xd9a0, 0xd1a0,
  0xc180, 0xa161, 0x50e1, 0x5a89, 0xf7be, 0xffff, 0xffff, 0xffff,
  0xffff, 0xffff, 0xffff, 0xffff, 0xffff, 0xffff, 0xffff, 0xef5d,
  0x5a69, 0x8163, 0xd1c1, 0xe1a0, 0xe1a0, 0xe1a0, 0xd9a0, 0xc9c1,
  0x8962, 0x7b0b, 0xdeda, 0xffff, 0xffff, 0xffff, 0xffff, 0xffff,
  0xffff, 0xffff, 0xffff, 0xf79e, 0x9471, 0x40c2, 0x8921, 0xb140,
  0xc180, 0xd1a0, 0xd9a0, 0xd9a0, 0xd9a0, 0xd980, 0xc180, 0x7922,
  0x5249, 0xffdf, 0xffff, 0xffff, 0xffff, 0xffff, 0xffff, 0xffff,
  0xffff, 0xffff, 0xf7be, 0x6b0b, 0x7122, 0xb180, 0xd180, 0xe1a0,
  0xe1a0, 0xe1a0, 0xe1a0, 0xe1a0, 0xe1a0, 0xe1a0, 0xe1a0, 0xe1a0,
  0xe1a0, 0xd1a0, 0xa9a2, 0x40a2, 0xce58, 0xffff, 0xffff, 0xffff,
  0xffff, 0xffff, 0xffff, 0xffff, 0xffff, 0xffff, 0xad55, 0x61c6,
  0x9941, 0xc980, 0xd9a0, 0xe1a0, 0xd980, 0xc980, 0x8962, 0x5208,
  0xf7be, 0xffff, 0xffff, 0xffff, 0xffff, 0xffff, 0xffff, 0xffff,
  0xffff, 0x7b8e, 0x6122, 0x9120, 0x8121, 0x30c2, 0xce38, 0xffff,
  0xffff, 0xffff, 0xffff, 0xffff, 0xffff, 0xffff, 0xef5d, 0x6248,
  0x9962, 0xc1a1, 0xa1a2, 0x4165, 0xef7d, 0xffff, 0xffff, 0xffff,
  0xffff, 0xffff, 0xffdf, 0x9492, 0x4923, 0x78e0, 0xa940, 0xa161,
  0x50c1, 0x9cd2, 0xffff, 0xffff, 0xffff, 0xffff, 0xffff, 0xffff,
  0xffff, 0xffff, 0xef5d, 0x6aca, 0x7101, 0xb980, 0xd1a0, 0xe1a0,
  0xe1a0, 0xe1a0, 0xe1a0, 0xe1a0, 0xe1a0, 0xe1c0, 0xe1c0, 0xe1c0,
  0xe1c0, 0xe1c0, 0xe1c0, 0xe1c0, 0xe1c0, 0xe1a0, 0xe1a0, 0xe1c0,
  0xe1c0, 0xe1c0, 0xe1c0, 0xe1c0, 0xe1c0, 0xe1c0, 0xe1c0, 0xe1c0,
  0xe1c0, 0xe1c0, 0xe1c0, 0xe1c0, 0xe1c0, 0xe1c0, 0xe1c0, 0xe1a0,
  0xe1a0, 0xe1a0, 0xe1a0, 0xe1c0, 0xe1c0, 0xe1c0, 0xe1c0, 0xe1c0,
  0xe1c0, 0xe1c0, 0xe1c0, 0xe1c0, 0xe1c0, 0xe1c0, 0xe1c0, 0xe1c0,
  0xe1c0, 0xe1c0, 0xe1c0, 0xe1c0, 0xe1c0, 0xe1c0, 0xe1c0, 0xe1c0,
  0xe1c0, 0xd9c0, 0xc9e2, 0xb9c2, 0xa182, 0x8141, 0x6901, 0x50e2,
  0x5985, 0x72ca, 0x8bef, 0x9471, 0xa514, 0xce58, 0x8c30, 0x71a4,
  0xc1a1, 0xe1c0, 0xe9a0, 0xe1c0, 0xe1c0, 0xe1c0, 0xe1a0, 0xe1a0,
  0xe1c0, 0xe1c0, 0xe1c0, 0xe1c0, 0xe1c0, 0xe1c0, 0xd9c0, 0xd9a0,
  0xc980, 0xa960, 0x7941, 0x2881, 0xbdd7, 0xffff, 0xffff, 0xffff,
  0xffff, 0xffff, 0xffff, 0xffff, 0xffff, 0xffff, 0xffff, 0xffff,
  0xad54, 0x4903, 0xc1c2, 0xe1c0, 0xe1c0, 0xe1c0, 0xd1c0, 0xa9a1,
  0x6184, 0xa4d3, 0xffde, 0xffff, 0xffff, 0xffff, 0xffff, 0xffff,
  0xffff, 0xffff, 0xffff, 0xd69a, 0x41a6, 0x6101, 0xa140, 0xb960,
  0xc980, 0xd9a0, 0xd9a0, 0xd9a0, 0xd9a0, 0xd980, 0xc180, 0x60e1,
  0x6b2c, 0xffff, 0xffff, 0xffff, 0xffff, 0xffff, 0xffff, 0xffff,
  0xffff, 0xffff, 0xef7d, 0x5a69, 0x7921, 0xb980, 0xd180, 0xe1a0,
  0xe1a0, 0xe1a0, 0xe1a0, 0xe1a0, 0xe1a0, 0xe1a0, 0xe1a0, 0xe1a0,
  0xd9a0, 0xd1a0, 0x9982, 0x4923, 0xdeba, 0xffff, 0xffff, 0xffff,
  0xffff, 0xffff, 0xffff, 0xffff, 0xffff, 0xffff, 0x9cd3, 0x6184,
  0xa141, 0xc980, 0xd9a0, 0xe1a0, 0xd980, 0xc980, 0x7942, 0x62aa,
  0xffdf, 0xffff, 0xffff, 0xffff, 0xffff, 0xffff, 0xffff, 0xffff,
  0xffff, 0x734d, 0x7142, 0x9940, 0x9141, 0x38c2, 0x8c51, 0xffff,
  0xffff, 0xffff, 0xffff, 0xffff, 0xffff, 0xffff, 0xffdf, 0x6b0c,
  0x7142, 0xa1a2, 0x60e1, 0x7bae, 0xffff, 0xffff, 0xffff, 0xffff,
  0xffff, 0xffff, 0xdefb, 0x6aeb, 0x50c1, 0x8900, 0xa940, 0xa161,
  0x40a0, 0xc5f7, 0xffff, 0xffff, 0xffff, 0xffff, 0xffff, 0xffff,
  0xffff, 0xffff, 0xd6ba, 0x6269, 0x7921, 0xb980, 0xd1a0, 0xe1a0,
  0xe1a0, 0xe1c0, 0xe1c0, 0xe1c0, 0xe1a0, 0xe1c0, 0xe1c0, 0xe1c0,
  0xe1c0, 0xe1c0, 0xe1c0, 0xe1c0, 0xe1c0, 0xe1a0, 0xe1a0, 0xe1c0,
  0xe1c0, 0xe1c0, 0xe1c0, 0xe1c0, 0xe1c0, 0xe1c0, 0xe1c0, 0xe1c0,
  0xe1c0, 0xe1c0, 0xe1c0, 0xe1c0, 0xe1c0, 0xe1c0, 0xe1c0, 0xe1c0,
  0xe1c0, 0xe1c0, 0xe1c0, 0xe1c0, 0xe1c0, 0xe1c0, 0xe1c0, 0xe1c0,
  0xe1c0, 0xe1c0, 0xe1c0, 0xe1c0, 0xe1c0, 0xe1c0, 0xe1c0, 0xe1c0,
  0xe1c0, 0xe1c0, 0xe1c0, 0xe1c0, 0xe1c0, 0xe1a0, 0xe1a0, 0xe1c0,
  0xd9c0, 0xb1a1, 0x6901, 0x48e2, 0x5185, 0x7b2c, 0x9c71, 0xa514,
  0xb596, 0xd6ba, 0xf79e, 0xffdf, 0xffff, 0xffff, 0xc5f7, 0x6a06,
  0xb181, 0xe1c0, 0xe1a0, 0xe1c0, 0xe1c0, 0xe1a0, 0xe1a0, 0xe1a0,
  0xe1c0, 0xe1c0, 0xe1c0, 0xe1c0, 0xe1c0, 0xe1c0, 0xe1c0, 0xd9a0,
  0xc9a0, 0xb160, 0x9960, 0x58e1, 0x5a49, 0xf79e, 0xffff, 0xffff,
  0xffff, 0xffff, 0xffff, 0xffff, 0xffff, 0xffff, 0xffff, 0xffff,
  0xef7d, 0x5a28, 0x9183, 0xd1c1, 0xe1c0, 0xd9c0, 0xc9a1, 0x7942,
  0x6289, 0xdedb, 0xffff, 0xffff, 0xffff, 0xffff, 0xffff, 0xffff,
  0xffff, 0xffff, 0xf7be, 0x83ef, 0x38a1, 0x8121, 0xa940, 0xc160,
  0xd1a0, 0xd9a0, 0xe1a0, 0xe1a0, 0xe1a0, 0xd980, 0xb980, 0x50c1,
  0x8430, 0xffff, 0xffff, 0xffff, 0xffff, 0xffff, 0xffff, 0xffff,
  0xffff, 0xffff, 0xe71b, 0x5207, 0x7921, 0xb980, 0xd980, 0xe1a0,
  0xe1a0, 0xe1a0, 0xe1a0, 0xe1a0, 0xe1a0, 0xe1a0, 0xe1a0, 0xe1a0,
  0xd9a0, 0xc9a0, 0x9161, 0x4944, 0xe71c, 0xffff, 0xffff, 0xffff,
  0xffff, 0xffff, 0xffff, 0xffff, 0xffff, 0xffff, 0x9451, 0x6143,
  0xa140, 0xc980, 0xd9a0, 0xe1a0, 0xd980, 0xc180, 0x6922, 0x734d,
  0xffff, 0xffff, 0xffff, 0xffff, 0xffff, 0xffff, 0xffff, 0xffff,
  0xffdf, 0x62aa, 0x7942, 0xa140, 0x9940, 0x48e1, 0x5acb, 0xffde,
  0xffff, 0xffff, 0xffff, 0xffff, 0xffff, 0xffff, 0xffff, 0x8c51,
  0x4924, 0x7143, 0x38e2, 0xce59, 0xffff, 0xffff, 0xffff, 0xffff,
  0xffff, 0xffff, 0xb5b6, 0x49c6, 0x60c1, 0x9920, 0xb140, 0x9941,
  0x3060, 0xd69a, 0xffff, 0xffff, 0xffff, 0xffff, 0xffff, 0xffff,
  0xffff, 0xffff, 0xce59, 0x6248, 0x8941, 0xc180, 0xd9a0, 0xe1a0,
  0xe1c0, 0xe1c0, 0xe1c0, 0xe1c0, 0xe1c0, 0xe1c0, 0xe1c0, 0xe1c0,
  0xe1c0, 0xe1c0, 0xe1c0, 0xe1c0, 0xe1c0, 0xe1a0, 0xe1a0, 0xe1c0,
  0xe1c0, 0xe1c0, 0xe1c0, 0xe1c0, 0xe1c0, 0xe1c0, 0xe1c0, 0xe1c0,
  0xe1a0, 0xe1a0, 0xe1c0, 0xe1c0, 0xe1c0, 0xe1c0, 0xe1c0, 0xe1c0,
  0xe1c0, 0xe1c0, 0xe1c0, 0xe1c0, 0xe1c0, 0xe1c0, 0xe1c0, 0xe1c0,
  0xe1c0, 0xe1c0, 0xe1c0, 0xe1c0, 0xe1c0, 0xe1c0, 0xe1c0, 0xe1c0,
  0xe1c0, 0xe1c0, 0xe1c0, 0xe1c0, 0xe1c0, 0xe1c0, 0xe1c0, 0xe1c0,
  0xd1c1, 0x7921, 0x7b4c, 0xbdd6, 0xce59, 0xe71c, 0xf7be, 0xffff,
  0xffff, 0xffff, 0xffff, 0xffff, 0xffff, 0xffff, 0xef3c, 0x6a69,
  0x9162, 0xd1c0, 0xe1c0, 0xe1c0, 0xe1c0, 0xe1c0, 0xe1a0, 0xe1a0,
  0xe1c0, 0xe1c0, 0xe1c0, 0xe1c0, 0xe1c0, 0xe1c0, 0xe1c0, 0xe1c0,
  0xd1a0, 0xc1a0, 0xa960, 0x8981, 0x40e2, 0x9cd3, 0xffff, 0xffff,
  0xffff, 0xffff, 0xffff, 0xffff, 0xffff, 0xffff, 0xffff, 0xffff,
  0xffff, 0xb595, 0x48a1, 0xc1c2, 0xd9c0, 0xd9c0, 0xa981, 0x6185,
  0x9cb2, 0xffdf, 0xffff, 0xffff, 0xffff, 0xffff, 0xffff, 0xffff,
  0xffff, 0xffff, 0xce59, 0x30e3, 0x68e1, 0x9940, 0xb960, 0xd180,
  0xd9a0, 0xe1a0, 0xe1a0, 0xe1a0, 0xe1a0, 0xd980, 0xb1a1, 0x40a1,
  0x9cd3, 0xffff, 0xffff, 0xffff, 0xffff, 0xffff, 0xffff, 0xffff,
  0xffff, 0xffff, 0xd69a, 0x59c6, 0x8921, 0xc180, 0xd9a0, 0xe1a0,
  0xe1a0, 0xe1a0, 0xe1a0, 0xe1a0, 0xe1a0, 0xe1a0, 0xe1a0, 0xe1a0,
  0xd9a0, 0xc9a0, 0x8141, 0x6268, 0xef5c, 0xffff, 0xffff, 0xffff,
  0xffff, 0xffff, 0xffff, 0xffff, 0xffff, 0xffbe, 0x83ef, 0x6102,
  0xa940, 0xd180, 0xd9a0, 0xe1a0, 0xd980, 0xc180, 0x6943, 0x8c51,
  0xffff, 0xffff, 0xffff, 0xffff, 0xffff, 0xffff, 0xffff, 0xffff,
  0xf7be, 0x5a48, 0x8141, 0xa940, 0xa140, 0x6901, 0x3965, 0xe73c,
  0xffff, 0xffff, 0xffff, 0xffff, 0xffff, 0xffff, 0xffff, 0xc638,
  0x3965, 0x30c2, 0x5269, 0xf7be, 0xffff, 0xffff, 0xffff, 0xffff,
  0xffff, 0xf79e, 0x840f, 0x48e2, 0x80e0, 0xa920, 0xb160, 0x9141,
  0x30e2, 0xe71b, 0xffff, 0xffff, 0xffff, 0xffff, 0xffff, 0xffff,
  0xffff, 0xffff, 0xb5b6, 0x6206, 0x9141, 0xc180, 0xd9a0, 0xe1a0,
  0xe1c0, 0xe1c0, 0xe1c0, 0xe1c0, 0xe1c0, 0xe1c0, 0xe1c0, 0xe1c0,
  0xe1c0, 0xe1c0, 0xe1c0, 0xe1c0, 0xe1c0, 0xe1a0, 0xe1a0, 0xe1c0,
  0xe1c0, 0xe1c0, 0xe1c0, 0xe1c0, 0xe1c0, 0xe1c0, 0xe1c0, 0xe1c0,
  0xe1a0, 0xe1a0, 0xe1c0, 0xe1c0, 0xe1c0, 0xe1c0, 0xe1c0, 0xe1c0,
  0xe1c0, 0xe1c0, 0xe1c0, 0xe1c0, 0xe1c0, 0xe1c0, 0xe1c0, 0xe1c0,
  0xe1c0, 0xe1c0, 0xe1c0, 0xe1c0, 0xe1c0, 0xe1c0, 0xe1c0, 0xe1c0,
  0xe1c0, 0xe1c0, 0xe1c0, 0xe1c0, 0xe1c0, 0xe1c0, 0xe1c0, 0xd9c0,
  0xb9c2, 0x5923, 0xc5f7, 0xffdf, 0xffff, 0xffff, 0xffff, 0xffff,
  0xffff, 0xffff, 0xffff, 0xffff, 0xffff, 0xffff, 0xffdf, 0x732c,
  0x7942, 0xc9a1, 0xe1a0, 0xe1c0, 0xe1c0, 0xe1c0, 0xe1c0, 0xe1c0,
  0xe1c0, 0xe1c0, 0xe1c0, 0xe1c0, 0xe1c0, 0xe1c0, 0xe1a0, 0xe1a0,
  0xd9c0, 0xc9a0, 0xb980, 0xa140, 0x6922, 0x49a6, 0xef5d, 0xffff,
  0xffff, 0xffff, 0xffff, 0xffff, 0xffff, 0xffff, 0xffff, 0xffff,
  0xffff, 0xf79e, 0x4165, 0x8942, 0xc9e1, 0xc1c1, 0x7942, 0x5a48,
  0xdefb, 0xffff, 0xffff, 0xffff, 0xffff, 0xffff, 0xffff, 0xffff,
  0xffff, 0xffdf, 0x5289, 0x4080, 0x8920, 0xb160, 0xc980, 0xd9a0,
  0xe1a0, 0xe1a0, 0xe1a0, 0xe1a0, 0xe1a0, 0xd180, 0xb1a1, 0x3860,
  0xc618, 0xffff, 0xffff, 0xffff, 0xffff, 0xffff, 0xffff, 0xffff,
  0xffff, 0xffff, 0xbdd6, 0x59a5, 0x9121, 0xc980, 0xd9a0, 0xe1a0,
  0xe1a0, 0xe1a0, 0xe1a0, 0xe1a0, 0xe1a0, 0xe1a0, 0xe1a0, 0xe1a0,
  0xd9a0, 0xc1a0, 0x7921, 0x730b, 0xef7d, 0xffff, 0xffff, 0xffff,
  0xffff, 0xffff, 0xffff, 0xffff, 0xffff, 0xef7d, 0x7b4c, 0x68e1,
  0xb160, 0xd180, 0xe1a0, 0xd9a0, 0xd180, 0xb980, 0x5902, 0x9cd3,
  0xffff, 0xffff, 0xffff, 0xffff, 0xffff, 0xffff, 0xffff, 0xffff,
  0xf79e, 0x5207, 0x8141, 0xb140, 0xb140, 0x8121, 0x3903, 0xce38,
  0xffff, 0xffff, 0xffff, 0xffff, 0xffff, 0xffff, 0xffff, 0xef7d,
  0x4207, 0x1061, 0xa514, 0xffdf, 0xffff, 0xffff, 0xffff, 0xffff,
  0xffff, 0xd69a, 0x6269, 0x60c0, 0x9920, 0xb140, 0xb960, 0x8921,
  0x4185, 0xef5c, 0xffff, 0xffff, 0xffff, 0xffff, 0xffff, 0xffff,
  0xffff, 0xffff, 0xad34, 0x61a5, 0x9941, 0xc980, 0xd9a0, 0xe1a0,
  0xe1c0, 0xe1c0, 0xe1c0, 0xe1c0, 0xe1c0, 0xe1c0, 0xe1c0, 0xe1c0,
  0xe1c0, 0xe1c0, 0xe1c0, 0xe1c0, 0xe1c0, 0xe1a0, 0xe1a0, 0xe1c0,
  0xe1c0, 0xe1c0, 0xe1c0, 0xe1c0, 0xe1c0, 0xe1c0, 0xe1c0, 0xe1c0,
  0xe1c0, 0xe1a0, 0xe1a0, 0xe1a0, 0xe1c0, 0xe1c0, 0xe1c0, 0xe1c0,
  0xe1c0, 0xe1c0, 0xe1c0, 0xe1c0, 0xe1c0, 0xe1c0, 0xe1c0, 0xe1c0,
  0xe1c0, 0xe1c0, 0xe1c0, 0xe1c0, 0xe1c0, 0xe1c0, 0xe1c0, 0xe1c0,
  0xe1c0, 0xe1c0, 0xe1c0, 0xe1c0, 0xe1c0, 0xe1c0, 0xd9c0, 0xd1c1,
  0x8962, 0x72ca, 0xe71c, 0xffff, 0xffff, 0xffff, 0xffff, 0xffff,
  0xffff, 0xffff, 0xffff, 0xffff, 0xffff, 0xffff, 0xffff, 0x9cd3,
  0x6984, 0xb981, 0xd9c0, 0xe1c0, 0xe1c0, 0xe1c0, 0xe1c0, 0xe1c0,
  0xe1c0, 0xe1c0, 0xe1c0, 0xe1c0, 0xe1c0, 0xe1c0, 0xe1a0, 0xe1a0,
  0xd9c0, 0xd1a0, 0xc180, 0xa960, 0x8920, 0x4902, 0x8c51, 0xffff,
  0xffff, 0xffff, 0xffff, 0xffff, 0xffff, 0xffff, 0xffff, 0xffff,
  0xffff, 0xffff, 0xa4f4, 0x4080, 0xa9c2, 0xa1c3, 0x5984, 0xa4f3,
  0xffdf, 0xffff, 0xffff, 0xffff, 0xffff, 0xffff, 0xffff, 0xffff,
  0xffff, 0xad75, 0x3081, 0x7921, 0xa140, 0xc160, 0xd180, 0xd9a0,
  0xe1a0, 0xe1a0, 0xe1a0, 0xe1a0, 0xd9a0, 0xd1a0, 0xa1a2, 0x2860,
  0xe71b, 0xffff, 0xffff, 0xffff, 0xffff, 0xffff, 0xffff, 0xffff,
  0xffff, 0xffff, 0xb575, 0x61a5, 0xa160, 0xc980, 0xd9a0, 0xe1a0,
  0xe1a0, 0xe1a0, 0xe1a0, 0xe1a0, 0xe1a0, 0xe1a0, 0xe1a0, 0xe1a0,
  0xd9a0, 0xc1a0, 0x68e1, 0x838e, 0xf79d, 0xffff, 0xffff, 0xffff,
  0xffff, 0xffff, 0xffff, 0xffff, 0xffff, 0xe71c, 0x730b, 0x70e1,
  0xb960, 0xd180, 0xd9a0, 0xe1a0, 0xd180, 0xb181, 0x48c2, 0xad75,
  0xffff, 0xffff, 0xffff, 0xffff, 0xffff, 0xffff, 0xffff, 0xffff,
  0xe71c, 0x49c6, 0x8941, 0xb940, 0xb940, 0x9140, 0x4902, 0x9cb2,
  0xffff, 0xffff, 0xffff, 0xffff, 0xffff, 0xffff, 0xffff, 0xf7be,
  0x5aeb, 0x2944, 0xe71c, 0xffff, 0xffff, 0xffff, 0xffff, 0xffff,
  0xffdf, 0xad34, 0x4902, 0x8900, 0xb140, 0xc160, 0xb960, 0x7901,
  0x5207, 0xf77d, 0xffff, 0xffff, 0xffff, 0xffff, 0xffff, 0xffff,
  0xffff, 0xffff, 0xad14, 0x69a5, 0xa140, 0xc9a0, 0xd9a0, 0xe1a0,
  0xe1a0, 0xe1c0, 0xe1a0, 0xe1a0, 0xe1a0, 0xe1c0, 0xe1c0, 0xe1c0,
  0xe1c0, 0xe1c0, 0xe1c0, 0xe1c0, 0xe1c0, 0xe1a0, 0xe1a0, 0xe1c0,
  0xe1c0, 0xe1c0, 0xe1c0, 0xe1c0, 0xe1c0, 0xe1c0, 0xe1c0, 0xe1c0,
  0xe1a0, 0xe1a0, 0xe1a0, 0xe1a0, 0xe1a0, 0xe1a0, 0xe1c0, 0xe1c0,
  0xe1c0, 0xe1c0, 0xe1c0, 0xe1c0, 0xe1c0, 0xe1c0, 0xe1c0, 0xe1c0,
  0xe1c0, 0xe1c0, 0xe1c0, 0xe1c0, 0xe1c0, 0xe1c0, 0xe1c0, 0xe1c0,
  0xe1c0, 0xe1c0, 0xe1c0, 0xe1c0, 0xe1c0, 0xe1c0, 0xd9c0, 0xb9a1,
  0x50a1, 0xa4b2, 0xf79e, 0xffff, 0xffff, 0xffff, 0xffff, 0xffff,
  0xffff, 0xffff, 0xffff, 0xffff, 0xffff, 0xffff, 0xffff, 0xc5f7,
  0x59a6, 0xa982, 0xd9c0, 0xe1c0, 0xe1c0, 0xe1c0, 0xe1c0, 0xe1c0,
  0xe1c0, 0xe1c0, 0xe1c0, 0xe1c0, 0xe1c0, 0xe1c0, 0xe1c0, 0xe1c0,
  0xe1c0, 0xd9c0, 0xc9a0, 0xc160, 0xa140, 0x6901, 0x49c6, 0xe71c,
  0xffff, 0xffff, 0xffff, 0xffff, 0xffff, 0xffff, 0xffff, 0xffff,
  0xffff, 0xffff, 0xf79d, 0x4165, 0x6943, 0x6964, 0x6269, 0xf79d,
  0xffff, 0xffff, 0xffff, 0xffff, 0xffff, 0xffff, 0xffff, 0xffff,
  0xf79e, 0x3985, 0x58c1, 0x9940, 0xb160, 0xc980, 0xd980, 0xe1a0,
  0xe1a0, 0xe1a0, 0xe1a0, 0xe1a0, 0xd980, 0xc9a0, 0x9982, 0x30c2,
  0xef7d, 0xffff, 0xffff, 0xffff, 0xffff, 0xffff, 0xffff, 0xffff,
  0xffff, 0xffff, 0x9cb2, 0x69a4, 0xa960, 0xc9a0, 0xd9a0, 0xe1a0,
  0xe1a0, 0xe1a0, 0xe1a0, 0xe1a0, 0xe1a0, 0xe1a0, 0xe1a0, 0xe1a0,
  0xd9a0, 0xb9a1, 0x58c1, 0x9c91, 0xf7be, 0xffff, 0xffff, 0xffff,
  0xffff, 0xffff, 0xffff, 0xffff, 0xffff, 0xd69a, 0x6aa9, 0x8101,
  0xb960, 0xd180, 0xd9a0, 0xe1a0, 0xd180, 0xb181, 0x38c2, 0xce38,
  0xffff, 0xffff, 0xffff, 0xffff, 0xffff, 0xffff, 0xffff, 0xffff,
  0xdedb, 0x49a6, 0x8941, 0xb940, 0xc160, 0xa960, 0x6922, 0x732c,
  0xffdf, 0xffff, 0xffff, 0xffff, 0xffff, 0xffff, 0xffff, 0xffff,
  0x94b2, 0x8430, 0xf7be, 0xffff, 0xffff, 0xffff, 0xffff, 0xffff,
  0xef3d, 0x83ae, 0x58c1, 0xa140, 0xc160, 0xc960, 0xb960, 0x7101,
  0x62ca, 0xf79e, 0xffff, 0xffff, 0xffff, 0xffff, 0xffff, 0xffff,
  0xffff, 0xffff, 0xa4d3, 0x6984, 0xa960, 0xc9a0, 0xd9a0, 0xe1a0,
  0xe1a0, 0xe1c0, 0xe1a0, 0xe1a0, 0xe1a0, 0xe1c0, 0xe1c0, 0xe1c0,
  0xe1c0, 0xe1c0, 0xe1c0, 0xe1c0, 0xe1c0, 0xe1c0, 0xe1c0, 0xe1c0,
  0xe1c0, 0xe1c0, 0xe1c0, 0xe1c0, 0xe1c0, 0xe1c0, 0xe1c0, 0xe1c0,
  0xe1c0, 0xe1c0, 0xe1c0, 0xe1c0, 0xe1c0, 0xe1c0, 0xe1c0, 0xe1c0,
  0xe1c0, 0xe1c0, 0xe1c0, 0xe1c0, 0xe1c0, 0xe1c0, 0xe1c0, 0xe1c0,
  0xe1c0, 0xe1c0, 0xe1c0, 0xe1c0, 0xe1c0, 0xe1c0, 0xe1c0, 0xe1c0,
  0xe1c0, 0xe1c0, 0xe1c0, 0xe1c0, 0xe1c0, 0xe1c0, 0xd1c0, 0x9161,
  0x5185, 0xce59, 0xffff, 0xffff, 0xffff, 0xffff, 0xffff, 0xffff,
  0xffff, 0xffff, 0xffff, 0xffff, 0xffff, 0xffff, 0xffff, 0xe71c,
  0x5a28, 0x9162, 0xd1a0, 0xe1c0, 0xe1c0, 0xe1c0, 0xe1c0, 0xe1c0,
  0xe1c0, 0xe1c0, 0xe1c0, 0xe1c0, 0xe1c0, 0xe1c0, 0xe1c0, 0xe1c0,
  0xe1a0, 0xd9c0, 0xd1a0, 0xc980, 0xa960, 0x8941, 0x4923, 0x8c30,
  0xffff, 0xffff, 0xffff, 0xffff, 0xffff, 0xffff, 0xffff, 0xffff,
  0xffff, 0xffff, 0xffff, 0x9cd3, 0x2061, 0x3944, 0xb575, 0xffdf,
  0xffff, 0xffff, 0xffff, 0xffff, 0xffff, 0xffff, 0xffff, 0xffff,
  0x9cb3, 0x2860, 0x8941, 0xa940, 0xc160, 0xd1a0, 0xd9a0, 0xe1a0,
  0xe1a0, 0xe1a0, 0xe1a0, 0xe1a0, 0xd980, 0xc9a0, 0x9182, 0x30c2,
  0xffde, 0xffff, 0xffff, 0xffff, 0xffff, 0xffff, 0xffff, 0xffff,
  0xffff, 0xffff, 0x8c0f, 0x7164, 0xb160, 0xd1a0, 0xe1a0, 0xe1a0,
  0xe1a0, 0xe1a0, 0xe1a0, 0xe1a0, 0xe1a0, 0xe1a0, 0xe1a0, 0xe1a0,
  0xd9a0, 0xb1a1, 0x48a1, 0xad34, 0xffde, 0xffff, 0xffff, 0xffff,
  0xffff, 0xffff, 0xffff, 0xffff, 0xffff, 0xce58, 0x6a48, 0x8900,
  0xc160, 0xd180, 0xd9a0, 0xd9a0, 0xd1a0, 0xa181, 0x3903, 0xe73c,
  0xffff, 0xffff, 0xffff, 0xffff, 0xffff, 0xffff, 0xffff, 0xffff,
  0xce38, 0x4964, 0x8940, 0xc160, 0xc960, 0xb160, 0x8121, 0x5a07,
  0xef5d, 0xffff, 0xffff, 0xffff, 0xffff, 0xffff, 0xffff, 0xffff,
  0xc638, 0xdedb, 0xffdf, 0xffff, 0xffff, 0xffff, 0xffff, 0xffff,
  0xc618, 0x5185, 0x7900, 0xb140, 0xc960, 0xc980, 0xb981, 0x6901,
  0x8bef, 0xf7be, 0xffff, 0xffff, 0xffff, 0xffff, 0xffff, 0xffff,
  0xffff, 0xffdf, 0x9471, 0x6963, 0xa960, 0xc9a0, 0xd9a0, 0xe1a0,
  0xe1a0, 0xe1a0, 0xe1a0, 0xe1a0, 0xe1a0, 0xe1c0, 0xe1c0, 0xe1c0,
  0xe1c0, 0xe1c0, 0xe1c0, 0xe1c0, 0xe1c0, 0xe1c0, 0xe1c0, 0xe1c0,
  0xe1c0, 0xe1c0, 0xe1c0, 0xe1c0, 0xe1c0, 0xe1c0, 0xe1c0, 0xe1c0,
  0xe1c0, 0xe1c0, 0xe1c0, 0xe1c0, 0xe1c0, 0xe1a0, 0xe1a0, 0xe1c0,
  0xe1c0, 0xe1c0, 0xe1c0, 0xe1c0, 0xe1c0, 0xe1c0, 0xe1c0, 0xe1c0,
  0xe1c0, 0xe1c0, 0xe1c0, 0xe1c0, 0xe1c0, 0xe1c0, 0xe1c0, 0xe1c0,
  0xe1c0, 0xe1a0, 0xe1a0, 0xe1c0, 0xe1c0, 0xd9c0, 0xc1c1, 0x68e1,
  0x838e, 0xe73c, 0xffff, 0xffff, 0xffff, 0xffff, 0xffff, 0xffff,
  0xffff, 0xffff, 0xffff, 0xffff, 0xffff, 0xffff, 0xffff, 0xffdf,
  0x736d, 0x7963, 0xc1c1, 0xe1c0, 0xe1a0, 0xe1a0, 0xe1a0, 0xe1c0,
  0xe1c0, 0xe1c0, 0xe1c0, 0xe1c0, 0xe1c0, 0xe1c0, 0xe1c0, 0xe1c0,
  0xe1a0, 0xe1a0, 0xd9a0, 0xd1a0, 0xb960, 0x9960, 0x6101, 0x49c6,
  0xdefb, 0xffff, 0xffff, 0xffff, 0xffff, 0xffff, 0xffff, 0xffff,
  0xffff, 0xffff, 0xffff, 0xe75c, 0x39a6, 0x5acb, 0xf79e, 0xffff,
  0xffff, 0xffff, 0xffff, 0xffff, 0xffff, 0xffff, 0xffff, 0xef5d,
  0x28e4, 0x58e1, 0x9940, 0xb960, 0xc980, 0xd9a0, 0xe1a0, 0xe1a0,
  0xe1a0, 0xe1a0, 0xe1a0, 0xe1a0, 0xd980, 0xc9a0, 0x8141, 0x41a6,
  0xffde, 0xffff, 0xffff, 0xffff, 0xffff, 0xffff, 0xffff, 0xffff,
  0xffff, 0xffdf, 0x7b6d, 0x7122, 0xb140, 0xd1a0, 0xe1a0, 0xe1a0,
  0xe1a0, 0xe1a0, 0xe1a0, 0xe1a0, 0xe1a0, 0xe1a0, 0xe1a0, 0xe1a0,
  0xd1a0, 0xa981, 0x40a0, 0xbdd6, 0xffdf, 0xffff, 0xffff, 0xffff,
  0xffff, 0xffff, 0xffff, 0xffff, 0xffff, 0xbdd6, 0x69e7, 0x9100,
  0xc160, 0xd180, 0xd9a0, 0xd9a0, 0xd1a0, 0x9961, 0x3924, 0xef7d,
  0xffff, 0xffff, 0xffff, 0xffff, 0xffff, 0xffff, 0xffff, 0xffff,
  0xb595, 0x5984, 0x9940, 0xc160, 0xd160, 0xc160, 0x9121, 0x5164,
  0xce38, 0xffff, 0xffff, 0xffff, 0xffff, 0xffff, 0xffff, 0xffff,
  0xffff, 0xffff, 0xffff, 0xffff, 0xffff, 0xffff, 0xffff, 0xf79e,
  0x9471, 0x4881, 0x9920, 0xb960, 0xc980, 0xd180, 0xb980, 0x58c1,
  0xa4d2, 0xffde, 0xffff, 0xffff, 0xffff, 0xffff, 0xffff, 0xffff,
  0xffff, 0xf7be, 0x7bae, 0x6101, 0xb160, 0xd1a0, 0xd9a0, 0xe1a0,
  0xe1a0, 0xe1a0, 0xe1a0, 0xe1a0, 0xe1a0, 0xe1c0, 0xe1c0, 0xe1c0,
  0xe1c0, 0xe1c0, 0xe1c0, 0xe1c0, 0xe1c0, 0xe1c0, 0xe1c0, 0xe1c0,
  0xe1a0, 0xe1c0, 0xe1c0, 0xe1c0, 0xe1c0, 0xe1c0, 0xe1c0, 0xe1c0,
  0xe1c0, 0xe1c0, 0xe1c0, 0xe1c0, 0xe1c0, 0xe1a0, 0xe1a0, 0xe1c0,
  0xe1c0, 0xe1c0, 0xe1c0, 0xe1c0, 0xe1c0, 0xe1c0, 0xe1c0, 0xe1c0,
  0xe1c0, 0xe1c0, 0xe1c0, 0xe1c0, 0xe1c0, 0xe1c0, 0xe1c0, 0xe1c0,
  0xe1c0, 0xe1a0, 0xe1a0, 0xe1a0, 0xe1a0, 0xd1c0, 0xa9a2, 0x5964,
  0xbdb6, 0xffdf, 0xffff, 0xffff, 0xffff, 0xffff, 0xffff, 0xffff,
  0xffff, 0xffff, 0xffff, 0xffff, 0xffff, 0xffff, 0xffff, 0xffff,
  0x9cd2, 0x6164, 0xb9a1, 0xd9c0, 0xe1a0, 0xe1a0, 0xe1a0, 0xe1a0,
  0xe1a0, 0xe1a0, 0xe1a0, 0xe1a0, 0xe1c0, 0xe1c0, 0xe1c0, 0xe1c0,
  0xe1c0, 0xe1a0, 0xe1a0, 0xd9a0, 0xc180, 0xa960, 0x8120, 0x4923,
  0x83ef, 0xf7be, 0xffff, 0xffff, 0xffff, 0xffff, 0xffff, 0xffff,
  0xffff, 0xffff, 0xffff, 0xf7be, 0xa514, 0xb596, 0xffff, 0xffff,
  0xffff, 0xffff, 0xffff, 0xffff, 0xffff, 0xffff, 0xffdf, 0x83f0,
  0x30a1, 0x8121, 0xa940, 0xc160, 0xd180, 0xd9a0, 0xe1a0, 0xe1a0,
  0xe1a0, 0xe1a0, 0xe1a0, 0xe1a0, 0xd980, 0xc9a0, 0x7121, 0x62ca,
  0xffdf, 0xffff, 0xffff, 0xffff, 0xffff, 0xffff, 0xffff, 0xffff,
  0xffff, 0xf79d, 0x6aeb, 0x7921, 0xb960, 0xd1a0, 0xe1a0, 0xe1a0,
  0xe1a0, 0xe1a0, 0xe1a0, 0xe1a0, 0xe1a0, 0xe1a0, 0xe1a0, 0xe1a0,
  0xd1a0, 0xa181, 0x4902, 0xce38, 0xffff, 0xffff, 0xffff, 0xffff,
  0xffff, 0xffff, 0xffff, 0xffff, 0xffff, 0xb575, 0x69c6, 0x9920,
  0xc160, 0xd180, 0xd9a0, 0xd9a0, 0xd1a0, 0x9141, 0x4a07, 0xf7be,
  0xffff, 0xffff, 0xffff, 0xffff, 0xffff, 0xffff, 0xffff, 0xffff,
  0xa4f3, 0x5943, 0x9940, 0xc960, 0xd180, 0xc960, 0xa140, 0x6143,
  0x9c92, 0xffff, 0xffff, 0xffff, 0xffff, 0xffff, 0xffff, 0xffff,
  0xffff, 0xffff, 0xffff, 0xffff, 0xffff, 0xffff, 0xffff, 0xd69a,
  0x5208, 0x68c1, 0xa940, 0xc960, 0xd180, 0xd180, 0xb980, 0x48c1,
  0xc5f7, 0xffdf, 0xffff, 0xffff, 0xffff, 0xffff, 0xffff, 0xffff,
  0xffff, 0xf79e, 0x7b4d, 0x68e1, 0xb160, 0xd1a0, 0xd9a0, 0xe1a0,
  0xe1a0, 0xe1a0, 0xe1a0, 0xe1a0, 0xe1a0, 0xe1c0, 0xe1c0, 0xe1c0,
  0xe1c0, 0xe1c0, 0xe1c0, 0xe1c0, 0xe1c0, 0xe1c0, 0xe1c0, 0xe1c0,
  0xe1a0, 0xe1c0, 0xe1c0, 0xe1c0, 0xe1c0, 0xe1c0, 0xe1c0, 0xe1c0,
  0xe1c0, 0xe1c0, 0xe1c0, 0xe1c0, 0xe1c0, 0xe1a0, 0xe1a0, 0xe1c0,
  0xe1c0, 0xe1c0, 0xe1c0, 0xe1c0, 0xe1c0, 0xe1c0, 0xe1c0, 0xe1c0,
  0xe1c0, 0xe1c0, 0xe1c0, 0xe1c0, 0xe1c0, 0xe1c0, 0xe1c0, 0xe1c0,
  0xe1c0, 0xe1c0, 0xe1a0, 0xe1a0, 0xe1a0, 0xd1c1, 0x7921, 0x72eb,
  0xdedb, 0xffff, 0xffff, 0xffff, 0xffff, 0xffff, 0xffff, 0xffff,
  0xffff, 0xffff, 0xffff, 0xffff, 0xffff, 0xffff, 0xffff, 0xffff,
  0xce59, 0x5164, 0xa982, 0xd9c0, 0xe1c0, 0xe1a0, 0xe1a0, 0xe1a0,
  0xe1a0, 0xe1a0, 0xe1a0, 0xe1a0, 0xe1c0, 0xe1c0, 0xe1c0, 0xe1c0,
  0xe1c0, 0xe1a0, 0xe1a0, 0xd9a0, 0xc980, 0xb960, 0x9940, 0x60e1,
  0x51e6, 0xc638, 0xffff, 0xffff, 0xffff, 0xffff, 0xffff, 0xffff,
  0xffff, 0xffff, 0xffff, 0xffff, 0xffdf, 0xffff, 0xffff, 0xffff,
  0xffff, 0xffff, 0xffff, 0xffff, 0xffff, 0xffff, 0xd69a, 0x3144,
  0x58e1, 0x9120, 0xb960, 0xc980, 0xd9a0, 0xe1a0, 0xe1a0, 0xe1a0,
  0xe1a0, 0xe1a0, 0xe1a0, 0xe1a0, 0xd980, 0xc1a1, 0x60e1, 0x734d,
  0xffff, 0xffff, 0xffff, 0xffff, 0xffff, 0xffff, 0xffff, 0xffff,
  0xffff, 0xe71c, 0x5a48, 0x7901, 0xb960, 0xd9a0, 0xe1a0, 0xe1a0,
  0xe1a0, 0xe1a0, 0xe1a0, 0xe1a0, 0xe1a0, 0xe1a0, 0xe1a0, 0xe1a0,
  0xd180, 0x9961, 0x59c6, 0xdeba, 0xffff, 0xffff, 0xffff, 0xffff,
  0xffff, 0xffff, 0xffff, 0xffff, 0xffdf, 0x9cb2, 0x6143, 0xa140,
  0xc980, 0xd980, 0xd9a0, 0xd9a0, 0xc9a0, 0x8142, 0x5a69, 0xffdf,
  0xffff, 0xffff, 0xffff, 0xffff, 0xffff, 0xffff, 0xffff, 0xffff,
  0x8c30, 0x5923, 0xa960, 0xc960, 0xd980, 0xc980, 0xa960, 0x6922,
  0x62ca, 0xffbf, 0xffff, 0xffff, 0xffff, 0xffff, 0xffff, 0xffff,
  0xffff, 0xffff, 0xffff, 0xffff, 0xffff, 0xffff, 0xffdf, 0xb575,
  0x40e2, 0x8121, 0xb140, 0xc980, 0xd980, 0xd180, 0xb181, 0x48c1,
  0xce58, 0xffff, 0xffff, 0xffff, 0xffff, 0xffff, 0xffff, 0xffff,
  0xffff, 0xef5d, 0x730b, 0x70e1, 0xb980, 0xd1a0, 0xe1a0, 0xe1a0,
  0xe1a0, 0xe1a0, 0xe1a0, 0xe1a0, 0xe1a0, 0xe1c0, 0xe1c0, 0xe1c0,
  0xe1c0, 0xe1c0, 0xe1c0, 0xe1c0, 0xe1c0, 0xe1c0, 0xe1c0, 0xe1c0,
  0xe1c0, 0xe1c0, 0xe1c0, 0xe1c0, 0xe1c0, 0xe1c0, 0xe1c0, 0xe1c0,
  0xe1c0, 0xe1c0, 0xe1c0, 0xe1c0, 0xe1c0, 0xe1c0, 0xe1c0, 0xe1c0,
  0xe1c0, 0xe1c0, 0xe1c0, 0xe1c0, 0xe1c0, 0xe1c0, 0xe1c0, 0xe1c0,
  0xe1c0, 0xe1c0, 0xe1c0, 0xe1c0, 0xe1c0, 0xe1c0, 0xe1c0, 0xe1c0,
  0xe1c0, 0xe1c0, 0xe1a0, 0xe1a0, 0xd9c0, 0xb9c2, 0x5922, 0xa4b2,
  0xf7be, 0xffff, 0xffff, 0xffff, 0xffff, 0xffff, 0xffff, 0xffff,
  0xffff, 0xffff, 0xffff, 0xffff, 0xffff, 0xffff, 0xffff, 0xffff,
  0xef5d, 0x51e7, 0x9182, 0xd1a0, 0xe1c0, 0xe1c0, 0xe1c0, 0xe1c0,
  0xe1c0, 0xe1c0, 0xe1c0, 0xe1c0, 0xe1c0, 0xe1c0, 0xe1c0, 0xe1c0,
  0xe1c0, 0xe1a0, 0xe1a0, 0xe1a0, 0xd1a0, 0xc980, 0xa960, 0x8921,
  0x5123, 0x7b8e, 0xf79e, 0xffff, 0xffff, 0xffff, 0xffff, 0xffff,
  0xffff, 0xffff, 0xffff, 0xffff, 0xffff, 0xffff, 0xffff, 0xffff,
  0xffff, 0xffff, 0xffff, 0xffff, 0xffff, 0xef9e, 0x734d, 0x40e2,
  0x8100, 0xa940, 0xc180, 0xd1a0, 0xd9a0, 0xe1a0, 0xe1a0, 0xe1a0,
  0xe1a0, 0xe1a0, 0xe1a0, 0xe1a0, 0xd980, 0xc1a1, 0x50c1, 0x9cd3,
  0xffff, 0xffff, 0xffff, 0xffff, 0xffff, 0xffff, 0xffff, 0xffff,
  0xffff, 0xd6ba, 0x6227, 0x8121, 0xc160, 0xd9a0, 0xe1a0, 0xe1a0,
  0xe1a0, 0xe1a0, 0xe1a0, 0xe1a0, 0xe1a0, 0xe1a0, 0xe1a0, 0xe180,
  0xd1a0, 0x9141, 0x6227, 0xdefb, 0xffff, 0xffff, 0xffff, 0xffff,
  0xffff, 0xffff, 0xffff, 0xffff, 0xffdf, 0x9451, 0x6102, 0xa940,
  0xc980, 0xd9a0, 0xd9a0, 0xd9a0, 0xc1a0, 0x60e1, 0x6b0b, 0xffff,
  0xffff, 0xffff, 0xffff, 0xffff, 0xffff, 0xffff, 0xffff, 0xffff,
  0x83ef, 0x6122, 0xa960, 0xd160, 0xd980, 0xd180, 0xb160, 0x7901,
  0x51e7, 0xe71c, 0xffff, 0xffff, 0xffff, 0xffff, 0xffff, 0xffff,
  0xffff, 0xffff, 0xffff, 0xffff, 0xffff, 0xffff, 0xe73c, 0x734d,
  0x48a0, 0x9941, 0xb960, 0xd180, 0xd980, 0xd1a0, 0xa181, 0x4103,
  0xdeba, 0xffff, 0xffff, 0xffff, 0xffff, 0xffff, 0xffff, 0xffff,
  0xffff, 0xdefb, 0x72ca, 0x7901, 0xc180, 0xd1a0, 0xd9a0, 0xe1a0,
  0xe1a0, 0xe1a0, 0xe1a0, 0xe1a0, 0xe1a0, 0xe1c0, 0xe1c0, 0xe1c0,
  0xe1c0, 0xe1c0, 0xe1c0, 0xe1c0, 0xe1c0, 0xe1c0, 0xe1c0, 0xe1c0,
  0xe1c0, 0xe1c0, 0xe1c0, 0xe1c0, 0xe1c0, 0xe1c0, 0xe1c0, 0xe1c0,
  0xe1c0, 0xe1c0, 0xe1c0, 0xe1a0, 0xe1c0, 0xe1c0, 0xe1c0, 0xe1c0,
  0xe1c0, 0xe1c0, 0xe1c0, 0xe1c0, 0xe1c0, 0xe1c0, 0xe1c0, 0xe1c0,
  0xe1c0, 0xe1c0, 0xe1c0, 0xe1c0, 0xe1c0, 0xe1c0, 0xe1c0, 0xe1c0,
  0xe1a0, 0xe1a0, 0xe1a0, 0xe1a0, 0xd1c0, 0x9161, 0x6a27, 0xc618,
  0xffff, 0xffff, 0xffff, 0xffff, 0xffff, 0xffff, 0xffff, 0xffff,
  0xffff, 0xffff, 0xffff, 0xffff, 0xffff, 0xffff, 0xffff, 0xffff,
  0xffde, 0x6b2c, 0x7142, 0xc9a0, 0xe1c0, 0xe1c0, 0xe1a0, 0xe1a0,
  0xe1c0, 0xe1c0, 0xe1c0, 0xe1c0, 0xe1c0, 0xe1c0, 0xe1c0, 0xe1c0,
  0xe1c0, 0xe1a0, 0xe1a0, 0xe1a0, 0xd9a0, 0xd1a0, 0xb980, 0xa140,
  0x7101, 0x59e7, 0xc618, 0xffff, 0xffff, 0xffff, 0xffff, 0xffff,
  0xffff, 0xffff, 0xffff, 0xffff, 0xffff, 0xffff, 0xffff, 0xffff,
  0xffff, 0xffff, 0xffff, 0xffff, 0xffff, 0xb575, 0x4144, 0x7101,
  0xa140, 0xb960, 0xd180, 0xd9a0, 0xe1a0, 0xe1a0, 0xe1a0, 0xe1a0,
  0xe1a0, 0xe1a0, 0xe1a0, 0xe1a0, 0xd180, 0xb9a1, 0x48a1, 0xbdd7,
  0xffff, 0xffff, 0xffff, 0xffff, 0xffff, 0xffff, 0xffff, 0xffff,
  0xffff, 0xc5f7, 0x59e6, 0x8920, 0xc160, 0xd9a0, 0xe1a0, 0xe1a0,
  0xe1a0, 0xe1a0, 0xe1a0, 0xe1a0, 0xe1a0, 0xe1a0, 0xe1a0, 0xe1a0,
  0xc980, 0x8121, 0x72eb, 0xe71c, 0xffff, 0xffff, 0xffff, 0xffff,
  0xffff, 0xffff, 0xffff, 0xffff, 0xf79e, 0x8bcf, 0x6901, 0xb160,
  0xd180, 0xd9a0, 0xd9a0, 0xd180, 0xb981, 0x50c1, 0x7bae, 0xffff,
  0xffff, 0xffff, 0xffff, 0xffff, 0xffff, 0xffff, 0xffff, 0xffdf,
  0x7bae, 0x6142, 0xb160, 0xd160, 0xd980, 0xd980, 0xb960, 0x8921,
  0x5185, 0xbdd7, 0xffff, 0xffff, 0xffff, 0xffff, 0xffff, 0xffff,
  0xffff, 0xffff, 0xffff, 0xffff, 0xffff, 0xffdf, 0xce79, 0x4144,
  0x70e0, 0xa940, 0xc180, 0xd180, 0xd9a0, 0xc9a0, 0x9961, 0x59e6,
  0xe71b, 0xffff, 0xffff, 0xffff, 0xffff, 0xffff, 0xffff, 0xffff,
  0xffff, 0xd679, 0x6a89, 0x8121, 0xc180, 0xd1a0, 0xd9a0, 0xe1c0,
  0xe1c0, 0xe1a0, 0xe1a0, 0xe1a0, 0xe1a0, 0xe1c0, 0xe1c0, 0xe1c0,
  0xe1c0, 0xe1c0, 0xe1c0, 0xe1c0, 0xe1c0, 0xe1c0, 0xe1c0, 0xe1c0,
  0xe1c0, 0xe1c0, 0xe1c0, 0xe1c0, 0xe1c0, 0xe1c0, 0xe1c0, 0xe1c0,
  0xe1c0, 0xe1c0, 0xe1c0, 0xe1a0, 0xe1a0, 0xe1a0, 0xe1c0, 0xe1c0,
  0xe1c0, 0xe1c0, 0xe1c0, 0xe1c0, 0xe1c0, 0xe1c0, 0xe1c0, 0xe1c0,
  0xe1c0, 0xe1c0, 0xe1c0, 0xe1c0, 0xe1c0, 0xe1c0, 0xe1c0, 0xe1c0,
  0xe1a0, 0xe1a0, 0xe1a0, 0xd9c0, 0xc1c1, 0x7142, 0x8bef, 0xef5d,
  0xffff, 0xffff, 0xffff, 0xffff, 0xffff, 0xffff, 0xffff, 0xffdf,
  0xffff, 0xffff, 0xffff, 0xffff, 0xffff, 0xffff, 0xffff, 0xffff,
  0xffff, 0x94b2, 0x5903, 0xc1c1, 0xe1c0, 0xe1a0, 0xe1a0, 0xe1a0,
  0xe1c0, 0xe1c0, 0xe1c0, 0xe1c0, 0xe1c0, 0xe1c0, 0xe1c0, 0xe1c0,
  0xe1c0, 0xe1c0, 0xe1c0, 0xe1a0, 0xd9a0, 0xd1a0, 0xc180, 0xb160,
  0x8920, 0x5922, 0x8bef, 0xef7d, 0xffff, 0xffff, 0xffff, 0xffff,
  0xffff, 0xffff, 0xffff, 0xffff, 0xffff, 0xffff, 0xffff, 0xffff,
  0xffff, 0xffff, 0xffff, 0xffff, 0xe71c, 0x62aa, 0x5902, 0x9140,
  0xb160, 0xc980, 0xd1a0, 0xe1a0, 0xe1a0, 0xe1a0, 0xe1a0, 0xe1a0,
  0xe1a0, 0xe1a0, 0xe1a0, 0xe1a0, 0xd180, 0xb1a1, 0x48a1, 0xce59,
  0xffff, 0xffff, 0xffff, 0xffff, 0xffff, 0xffff, 0xffff, 0xffff,
  0xffff, 0xb575, 0x61c5, 0x9920, 0xc980, 0xd9a0, 0xe1a0, 0xe1a0,
  0xe1a0, 0xe1a0, 0xe1a0, 0xe1a0, 0xe1a0, 0xe1a0, 0xe1a0, 0xd9a0,
  0xc9a0, 0x7901, 0x836d, 0xef3c, 0xffff, 0xffff, 0xffff, 0xffff,
  0xffff, 0xffff, 0xffff, 0xffff, 0xe73c, 0x7b2c, 0x7101, 0xb980,
  0xd180, 0xd9a0, 0xd9a0, 0xd180, 0xb181, 0x40a1, 0x9cd2, 0xffff,
  0xffff, 0xffff, 0xffff, 0xffff, 0xffff, 0xffff, 0xffff, 0xffdf,
  0x6b2c, 0x6942, 0xb160, 0xd180, 0xd980, 0xd980, 0xc160, 0x9940,
  0x5943, 0x8c51, 0xffff, 0xffff, 0xffff, 0xffff, 0xffff, 0xffff,
  0xffff, 0xffff, 0xffff, 0xffff, 0xffff, 0xf79e, 0x9492, 0x3881,
  0x8920, 0xb960, 0xc980, 0xd9a0, 0xd9a0, 0xc9a0, 0x8941, 0x6a69,
  0xef5d, 0xffff, 0xffff, 0xffff, 0xffff, 0xffff, 0xffff, 0xffff,
  0xffff, 0xc638, 0x6a48, 0x8920, 0xc180, 0xd9a0, 0xe1a0, 0xe1a0,
  0xe1a0, 0xe1c0, 0xe1c0, 0xe1c0, 0xe1c0, 0xe1c0, 0xe1c0, 0xe1c0,
  0xe1c0, 0xe1c0, 0xe1c0, 0xe1c0, 0xe1c0, 0xe1c0, 0xe1c0, 0xe1c0,
  0xe1c0, 0xe1c0, 0xe1c0, 0xe1c0, 0xe1c0, 0xe1c0, 0xe1c0, 0xe1c0,
  0xe1c0, 0xe1c0, 0xe1c0, 0xe1c0, 0xe1c0, 0xe1c0, 0xe1c0, 0xe1c0,
  0xe1c0, 0xe1c0, 0xe1c0, 0xe1c0, 0xe1c0, 0xe1c0, 0xe1c0, 0xe1c0,
  0xe1c0, 0xe1c0, 0xe1c0, 0xe1c0, 0xe1c0, 0xe1c0, 0xe1c0, 0xe1c0,
  0xe1c0, 0xe1a0, 0xe1a0, 0xd9c0, 0xa981, 0x69e6, 0xb575, 0xffdf,
  0xffff, 0xffff, 0xffff, 0xffff, 0xffff, 0xffff, 0xef5d, 0xad55,
  0xffff, 0xffff, 0xffff, 0xffff, 0xffff, 0xffff, 0xffff, 0xffff,
  0xffff, 0xce79, 0x4964, 0xa9a2, 0xd9c0, 0xe1a0, 0xe1c0, 0xe1c0,
  0xe1c0, 0xe1c0, 0xe1c0, 0xe1c0, 0xe1c0, 0xe1c0, 0xe1c0, 0xe1c0,
  0xe1c0, 0xe1c0, 0xe1c0, 0xe1a0, 0xe1a0, 0xd9a0, 0xc9a0, 0xb980,
  0xa160, 0x7121, 0x5a07, 0xc5f7, 0xffff, 0xffff, 0xffff, 0xffff,
  0xffff, 0xffff, 0xffff, 0xffff, 0xffff, 0xffff, 0xffff, 0xffff,
  0xffff, 0xffff, 0xffff, 0xffdf, 0x9491, 0x4123, 0x7921, 0xa160,
  0xc160, 0xd1a0, 0xd9a0, 0xe1a0, 0xe1a0, 0xe1a0, 0xe1a0, 0xe1a0,
  0xe1a0, 0xe1a0, 0xe1a0, 0xe1a0, 0xd1a0, 0xa9a2, 0x40e2, 0xdedb,
  0xffff, 0xffff, 0xffff, 0xffff, 0xffff, 0xffff, 0xffff, 0xffff,
  0xffff, 0xa4f3, 0x6984, 0xa120, 0xc980, 0xd9a0, 0xe1a0, 0xe1a0,
  0xe1a0, 0xe1a0, 0xe1a0, 0xe1a0, 0xe1a0, 0xe1a0, 0xe1a0, 0xd9a0,
  0xc181, 0x68c1, 0x8c0f, 0xef7d, 0xffff, 0xffff, 0xffff, 0xffff,
  0xffff, 0xffff, 0xffff, 0xffff, 0xdeda, 0x72aa, 0x8101, 0xc180,
  0xd1a0, 0xe1a0, 0xe1a0, 0xd180, 0xa961, 0x38a1, 0xb575, 0xffff,
  0xffff, 0xffff, 0xffff, 0xffff, 0xffff, 0xffff, 0xffff, 0xf79e,
  0x5a89, 0x7121, 0xb960, 0xd180, 0xd9a0, 0xd9a0, 0xc980, 0xa160,
  0x6922, 0x730b, 0xf79e, 0xffff, 0xffff, 0xffff, 0xffff, 0xffff,
  0xffff, 0xffff, 0xffff, 0xffff, 0xffff, 0xe71c, 0x5207, 0x60c1,
  0xa140, 0xc180, 0xd1a0, 0xd9a0, 0xd9a0, 0xc180, 0x7921, 0x730b,
  0xef7d, 0xffff, 0xffff, 0xffff, 0xffff, 0xffff, 0xffff, 0xffff,
  0xffff, 0xb5b6, 0x61e6, 0x8920, 0xc980, 0xd9a0, 0xe1a0, 0xe1a0,
  0xe1a0, 0xe1c0, 0xe1c0, 0xe1c0, 0xe1c0, 0xe1c0, 0xe1c0, 0xe1c0,
  0xe1c0, 0xe1c0, 0xe1c0, 0xe1c0, 0xe1c0, 0xe1c0, 0xe1c0, 0xe1c0,
  0xe1c0, 0xe1c0, 0xe1c0, 0xe1c0, 0xe1c0, 0xe1c0, 0xe1c0, 0xe1c0,
  0xe1c0, 0xe1c0, 0xe1c0, 0xe1c0, 0xe1c0, 0xe1c0, 0xe1c0, 0xe1c0,
  0xe1c0, 0xe1c0, 0xe1c0, 0xe1c0, 0xe1c0, 0xe1c0, 0xe1c0, 0xe1c0,
  0xe1c0, 0xe1c0, 0xe1c0, 0xe1c0, 0xe1c0, 0xe1c0, 0xe1c0, 0xe1c0,
  0xe1c0, 0xe1c0, 0xd9c0, 0xc9c0, 0x8141, 0x7b2c, 0xe6fb, 0xffff,
  0xffff, 0xffff, 0xffff, 0xffff, 0xffff, 0xffff, 0xad55, 0x4208,
  0xf79e, 0xffff, 0xffff, 0xffff, 0xffff, 0xffff, 0xffff, 0xffff,
  0xffff, 0xf79e, 0x5228, 0x8962, 0xd1c0, 0xe1a0, 0xe1a0, 0xe1c0,
  0xe1c0, 0xe1c0, 0xe1c0, 0xe1c0, 0xe1c0, 0xe1c0, 0xe1c0, 0xe1c0,
  0xe1c0, 0xe1c0, 0xe1c0, 0xe1a0, 0xe1a0, 0xd9a0, 0xd1a0, 0xc180,
  0xb160, 0x8941, 0x50e2, 0x8bcf, 0xef5d, 0xffff, 0xffff, 0xffff,
  0xffff, 0xffff, 0xffff, 0xffff, 0xffff, 0xffff, 0xffff, 0xffff,
  0xffff, 0xffff, 0xffff, 0xd6ba, 0x5249, 0x58e1, 0x9140, 0xb160,
  0xc980, 0xd9a0, 0xe1a0, 0xe1a0, 0xe1a0, 0xe1a0, 0xe1a0, 0xe1a0,
  0xe1a0, 0xe1a0, 0xe1a0, 0xd9a0, 0xc9a0, 0x9982, 0x4144, 0xef5c,
  0xffff, 0xffff, 0xffff, 0xffff, 0xffff, 0xffff, 0xffff, 0xffff,
  0xffff, 0x9450, 0x6943, 0xa940, 0xd180, 0xd9a0, 0xe1a0, 0xe1a0,
  0xe1a0, 0xe1a0, 0xe1a0, 0xe1a0, 0xe1a0, 0xe1a0, 0xe1a0, 0xd980,
  0xb981, 0x50c1, 0xad13, 0xf7be, 0xffff, 0xffff, 0xffff, 0xffff,
  0xffff, 0xffff, 0xffff, 0xffff, 0xce38, 0x6207, 0x8921, 0xc160,
  0xd9a0, 0xe1a0, 0xd9a0, 0xd180, 0xa161, 0x30a1, 0xce59, 0xffff,
  0xffff, 0xffff, 0xffff, 0xffff, 0xffff, 0xffff, 0xffff, 0xef7d,
  0x5a48, 0x7921, 0xc180, 0xd180, 0xd9a0, 0xd9a0, 0xc980, 0xb160,
  0x7921, 0x6268, 0xe71b, 0xffff, 0xffff, 0xffff, 0xffff, 0xffff,
  0xffff, 0xffff, 0xffff, 0xffff, 0xffdf, 0xbdd6, 0x40e2, 0x8920,
  0xb160, 0xc980, 0xd1a0, 0xd9a0, 0xd1a0, 0xb980, 0x68e1, 0x83ce,
  0xf79d, 0xffff, 0xffff, 0xffff, 0xffff, 0xffff, 0xffff, 0xffff,
  0xffff, 0xad34, 0x5985, 0x9120, 0xc980, 0xd9a0, 0xe1a0, 0xe1a0,
  0xe1a0, 0xe1c0, 0xe1c0, 0xe1c0, 0xe1c0, 0xe1c0, 0xe1c0, 0xe1c0,
  0xe1c0, 0xe1c0, 0xe1c0, 0xe1c0, 0xe1c0, 0xe1c0, 0xe1c0, 0xe1c0,
  0xe1c0, 0xe1c0, 0xe1c0, 0xe1c0, 0xe1c0, 0xe1c0, 0xe1c0, 0xe1c0,
  0xe1c0, 0xe1c0, 0xe1c0, 0xe1c0, 0xe1c0, 0xe1c0, 0xe1c0, 0xe1c0,
  0xe1c0, 0xe1c0, 0xe1c0, 0xe1c0, 0xe1c0, 0xe1c0, 0xe1c0, 0xe1c0,
  0xe1c0, 0xe1c0, 0xe1c0, 0xe1c0, 0xe1c0, 0xe1c0, 0xe1c0, 0xe1c0,
  0xe1c0, 0xe1c0, 0xd9c0, 0xb9a1, 0x6983, 0x9c92, 0xf7be, 0xffff,
  0xffff, 0xffff, 0xffff, 0xffff, 0xffff, 0xffbf, 0x528a, 0x2924,
  0xd69a, 0xffff, 0xffff, 0xffff, 0xffff, 0xffff, 0xffff, 0xffff,
  0xffff, 0xffff, 0x736d, 0x6922, 0xc9c0, 0xe1c0, 0xe1a0, 0xe1a0,
  0xe1c0, 0xe1c0, 0xe1a0, 0xe1a0, 0xe1c0, 0xe1c0, 0xe1c0, 0xe1c0,
  0xe1c0, 0xe1c0, 0xe1c0, 0xe1a0, 0xe1a0, 0xe1a0, 0xd9a0, 0xd1a0,
  0xb960, 0x9940, 0x68e1, 0x51c6, 0xbdd7, 0xffdf, 0xffff, 0xffff,
  0xffff, 0xffff, 0xffff, 0xffff, 0xffff, 0xffff, 0xffff, 0xffff,
  0xffff, 0xffff, 0xffff, 0xdeda, 0x5228, 0x60e1, 0xa140, 0xc160,
  0xd180, 0xe1a0, 0xe1a0, 0xe1a0, 0xe1a0, 0xe1a0, 0xe1a0, 0xe1a0,
  0xe1a0, 0xe1a0, 0xe1a0, 0xd9a0, 0xc9a0, 0x8941, 0x51e7, 0xf79d,
  0xffff, 0xffff, 0xffff, 0xffff, 0xffff, 0xffff, 0xffff, 0xffff,
  0xffdf, 0x83ae, 0x6922, 0xb140, 0xd180, 0xe1a0, 0xe1a0, 0xe1a0,
  0xe1a0, 0xe1a0, 0xe1a0, 0xe1a0, 0xe1a0, 0xe1a0, 0xe1a0, 0xd1a0,
  0xa981, 0x5144, 0xc5f7, 0xffdf, 0xffff, 0xffff, 0xffff, 0xffff,
  0xffff, 0xffff, 0xffff, 0xffff, 0xb575, 0x5944, 0x9921, 0xc960,
  0xd9a0, 0xe1a0, 0xd9a0, 0xd1a0, 0x9961, 0x30c2, 0xef5d, 0xffff,
  0xffff, 0xffff, 0xffff, 0xffff, 0xffff, 0xffff, 0xffff, 0xe73c,
  0x5a07, 0x8121, 0xc180, 0xd980, 0xd9a0, 0xd9a0, 0xc980, 0xb960,
  0x8141, 0x59c6, 0xbdd7, 0xffff, 0xffff, 0xffff, 0xffff, 0xffff,
  0xffff, 0xffff, 0xffff, 0xffff, 0xf7be, 0x732c, 0x58c1, 0xa160,
  0xc180, 0xd1a0, 0xd9a0, 0xd9a0, 0xd1a0, 0xb181, 0x50a0, 0x9cb2,
  0xf7be, 0xffff, 0xffff, 0xffff, 0xffff, 0xffff, 0xffff, 0xffff,
  0xffde, 0x9cd3, 0x5964, 0x9940, 0xc980, 0xd9a0, 0xe1a0, 0xe1a0,
  0xe1a0, 0xe1c0, 0xe1c0, 0xe1c0, 0xe1c0, 0xe1c0, 0xe1c0, 0xe1c0,
  0xe1c0, 0xe1c0, 0xe1c0, 0xe1c0, 0xe1c0, 0xe1c0, 0xe1c0, 0xe1c0,
  0xe1c0, 0xe1c0, 0xe1c0, 0xe1c0, 0xe1c0, 0xe1c0, 0xe1c0, 0xe1c0,
  0xe1c0, 0xe1c0, 0xe1c0, 0xe1c0, 0xe1c0, 0xe1c0, 0xe1c0, 0xe1c0,
  0xe1c0, 0xe1c0, 0xe1c0, 0xe1c0, 0xe1c0, 0xe1c0, 0xe1c0, 0xe1c0,
  0xe1c0, 0xe1c0, 0xe1c0, 0xe1c0, 0xe1c0, 0xe1c0, 0xe1c0, 0xe1a0,
  0xe1a0, 0xe1c0, 0xd1c0, 0x9161, 0x6227, 0xce58, 0xffff, 0xffff,
  0xffff, 0xffff, 0xffff, 0xffff, 0xffff, 0xd69a, 0x20c3, 0x2903,
  0x9cd3, 0xffff, 0xffff, 0xffff, 0xffff, 0xffff, 0xffff, 0xffff,
  0xffff, 0xffff, 0xad35, 0x48c2, 0xc1a1, 0xe1a0, 0xe1a0, 0xe1a0,
  0xe1c0, 0xe1c0, 0xe1a0, 0xe1a0, 0xe1c0, 0xe1c0, 0xe1c0, 0xe1c0,
  0xe1c0, 0xe1c0, 0xe1c0, 0xe1c0, 0xe1a0, 0xe1a0, 0xe1a0, 0xd9a0,
  0xc180, 0xa960, 0x8100, 0x48c1, 0x7b8e, 0xe71c, 0xffff, 0xffff,
  0xffff, 0xffff, 0xffff, 0xffff, 0xffff, 0xffff, 0xffff, 0xffff,
  0xffff, 0xffff, 0xffff, 0xf7be, 0x83ef, 0x6164, 0xa161, 0xc980,
  0xd9a0, 0xe1a0, 0xe1a0, 0xe1a0, 0xe1a0, 0xe1a0, 0xe1a0, 0xe1a0,
  0xe1a0, 0xe1a0, 0xe1a0, 0xd9a0, 0xc9a0, 0x7941, 0x732c, 0xf7be,
  0xffff, 0xffff, 0xffff, 0xffff, 0xffff, 0xffff, 0xffff, 0xffff,
  0xf79d, 0x732c, 0x6901, 0xb940, 0xd180, 0xe1a0, 0xe1a0, 0xe1a0,
  0xe1a0, 0xe1a0, 0xe1a0, 0xe1a0, 0xe1a0, 0xe1a0, 0xe1a0, 0xd1a0,
  0x9141, 0x6a68, 0xd6ba, 0xffff, 0xffff, 0xffff, 0xffff, 0xffff,
  0xffff, 0xffff, 0xffff, 0xf7be, 0xa4b2, 0x6102, 0xa941, 0xc980,
  0xd9a0, 0xe1a0, 0xd9a0, 0xc9a0, 0x9161, 0x3103, 0xf7be, 0xffff,
  0xffff, 0xffff, 0xffff, 0xffff, 0xffff, 0xffff, 0xffff, 0xdeba,
  0x51c6, 0x8941, 0xc180, 0xd980, 0xe1a0, 0xd9a0, 0xd1a0, 0xb980,
  0x8941, 0x5144, 0x9471, 0xffff, 0xffff, 0xffff, 0xffff, 0xffff,
  0xffff, 0xffff, 0xffff, 0xffff, 0xdefb, 0x3903, 0x7901, 0xb160,
  0xc980, 0xd9a0, 0xe1a0, 0xd9a0, 0xd1a0, 0xb181, 0x50a1, 0xb575,
  0xf7df, 0xffff, 0xffff, 0xffff, 0xf7be, 0xe73c, 0xbdd7, 0x83ef,
  0x62eb, 0x4986, 0x60e1, 0xa140, 0xc9a0, 0xd9a0, 0xe1a0, 0xe1a0,
  0xe1c0, 0xe1c0, 0xe1c0, 0xe1c0, 0xe1c0, 0xe1c0, 0xe1c0, 0xe1c0,
  0xe1c0, 0xe1c0, 0xe1c0, 0xe1c0, 0xe1c0, 0xe1c0, 0xe1c0, 0xe1c0,
  0xe1c0, 0xe1c0, 0xe1c0, 0xe1c0, 0xe1c0, 0xe1c0, 0xe1c0, 0xe1c0,
  0xe1c0, 0xe1c0, 0xe1c0, 0xe1c0, 0xe1c0, 0xe1c0, 0xe1c0, 0xe1c0,
  0xe1c0, 0xe1c0, 0xe1c0, 0xe1c0, 0xe1c0, 0xe1c0, 0xe1c0, 0xe1c0,
  0xe1c0, 0xe1c0, 0xe1c0, 0xe1c0, 0xe1c0, 0xe1c0, 0xe1c0, 0xe1a0,
  0xe1a0, 0xd9a0, 0xc1a1, 0x7163, 0x7b6d, 0xf79d, 0xffff, 0xffff,
  0xffff, 0xffff, 0xffff, 0xffff, 0xffff, 0x7bae, 0x3081, 0x4102,
  0x6b2c, 0xffff, 0xffff, 0xffff, 0xffff, 0xffff, 0xffff, 0xffff,
  0xffff, 0xffff, 0xdf1c, 0x38e3, 0xa982, 0xd9a0, 0xe1a0, 0xe1a0,
  0xe1c0, 0xe1c0, 0xe1a0, 0xe1a0, 0xe1c0, 0xe1c0, 0xe1c0, 0xe1c0,
  0xe1c0, 0xe1c0, 0xe1c0, 0xe1c0, 0xe1a0, 0xe1a0, 0xe1a0, 0xd9a0,
  0xc9a0, 0xb960, 0x9940, 0x58e1, 0x41c6, 0xc638, 0xffff, 0xffff,
  0xffff, 0xffff, 0xffff, 0xffff, 0xffff, 0xffff, 0xffff, 0xffff,
  0xffff, 0xffff, 0xffff, 0xffff, 0xdeda, 0x6228, 0x8962, 0xc9c1,
  0xd9a0, 0xe1a0, 0xe1a0, 0xe1a0, 0xe1a0, 0xe1a0, 0xe1a0, 0xe1a0,
  0xe1a0, 0xe1a0, 0xe1a0, 0xd9a0, 0xc1a0, 0x6101, 0x83ce, 0xf7be,
  0xffff, 0xffff, 0xffff, 0xffff, 0xffff, 0xffff, 0xffff, 0xffff,
  0xef5c, 0x6aca, 0x68e1, 0xb960, 0xd980, 0xe1a0, 0xe1a0, 0xe1c0,
  0xe1a0, 0xe1c0, 0xe1a0, 0xe1a0, 0xe1a0, 0xe1a0, 0xd9a0, 0xc9c1,
  0x7922, 0x8bce, 0xef3c, 0xffff, 0xffff, 0xffff, 0xffff, 0xffff,
  0xffff, 0xffff, 0xffff, 0xdefb, 0x7b4c, 0x70e1, 0xb160, 0xd180,
  0xd9a0, 0xe1a0, 0xd9a0, 0xc9a0, 0x8941, 0x49c6, 0xffdf, 0xffff,
  0xffff, 0xffff, 0xffff, 0xffff, 0xffff, 0xffff, 0xffff, 0xbdf7,
  0x5185, 0x9141, 0xc980, 0xd980, 0xe1a0, 0xd9a0, 0xd1a0, 0xc180,
  0x9940, 0x5902, 0x7b6d, 0xf7be, 0xffff, 0xffff, 0xffff, 0xffff,
  0xffff, 0xffff, 0xffff, 0xffff, 0x8c51, 0x4081, 0x9121, 0xb960,
  0xd180, 0xd9a0, 0xe1a0, 0xd9a0, 0xd1a0, 0xb181, 0x50e2, 0xce18,
  0xf79e, 0xbe18, 0x8c51, 0x5acb, 0x5228, 0x5a07, 0x59c6, 0x5143,
  0x5102, 0x6101, 0x8941, 0xb160, 0xd1a0, 0xd9a0, 0xe1c0, 0xe1a0,
  0xe1c0, 0xe1c0, 0xe1c0, 0xe1c0, 0xe1c0, 0xe1c0, 0xe1c0, 0xe1c0,
  0xe1c0, 0xe1c0, 0xe1c0, 0xe1c0, 0xe1c0, 0xe1c0, 0xe1c0, 0xe1c0,
  0xe1c0, 0xe1c0, 0xe1c0, 0xe1c0, 0xe1c0, 0xe1c0, 0xe1c0, 0xe1c0,
  0xe1c0, 0xe1c0, 0xe1c0, 0xe1c0, 0xe1c0, 0xe1c0, 0xe1c0, 0xe1c0,
  0xe1c0, 0xe1c0, 0xe1c0, 0xe1c0, 0xe1c0, 0xe1c0, 0xe1c0, 0xe1c0,
  0xe1c0, 0xe1c0, 0xe1c0, 0xe1c0, 0xe1c0, 0xe1c0, 0xe1c0, 0xe1c0,
  0xe1c0, 0xd9c0, 0xa1a1, 0x61c5, 0xad55, 0xffdf, 0xffff, 0xffff,
  0xffff, 0xffff, 0xffff, 0xffff, 0xef7d, 0x28e4, 0x58e1, 0x5902,
  0x5228, 0xf79e, 0xffff, 0xffff, 0xffff, 0xffff, 0xffff, 0xffff,
  0xffff, 0xffff, 0xffde, 0x5208, 0x8941, 0xd1c1, 0xe1c0, 0xe1c0,
  0xe1c0, 0xe1c0, 0xe1a0, 0xe1a0, 0xe1c0, 0xe1c0, 0xe1c0, 0xe1c0,
  0xe1c0, 0xe1c0, 0xe1c0, 0xe1c0, 0xe1a0, 0xe1a0, 0xe1a0, 0xd9a0,
  0xd180, 0xc160, 0x9961, 0x50c1, 0x734d, 0xe71c, 0xffff, 0xffff,
  0xffff, 0xffff, 0xffff, 0xffff, 0xffff, 0xffff, 0xffff, 0xffff,
  0xffff, 0xffff, 0xffff, 0xffff, 0xffdf, 0x9cb2, 0x6984, 0xb181,
  0xd9a0, 0xe1a0, 0xe1a0, 0xe1a0, 0xe1a0, 0xe1a0, 0xe1a0, 0xe1a0,
  0xe1a0, 0xe1a0, 0xe1a0, 0xd9a0, 0xb9a1, 0x58c1, 0x9cb2, 0xffbe,
  0xffff, 0xffff, 0xffff, 0xffff, 0xffff, 0xffff, 0xffff, 0xffff,
  0xe73c, 0x6aaa, 0x70e1, 0xc160, 0xd980, 0xe1a0, 0xe1a0, 0xe1c0,
  0xe1a0, 0xe1a0, 0xe1a0, 0xe1a0, 0xe1a0, 0xd9a0, 0xd1c0, 0xb1a2,
  0x6164, 0xb575, 0xffdf, 0xffff, 0xffff, 0xffff, 0xffff, 0xffff,
  0xffff, 0xffff, 0xffdf, 0xc618, 0x49a6, 0x8101, 0xb960, 0xd180,
  0xd9a0, 0xe1a0, 0xd9a0, 0xc9a0, 0x8142, 0x5a89, 0xffff, 0xffff,
  0xffff, 0xffff, 0xffff, 0xffff, 0xffff, 0xffff, 0xffff, 0xb595,
  0x5985, 0x9941, 0xc980, 0xd980, 0xe1a0, 0xe1a0, 0xd9a0, 0xc180,
  0xa960, 0x7101, 0x6a89, 0xdefb, 0xffff, 0xffff, 0xffff, 0xffff,
  0xffff, 0xffff, 0xffff, 0xf7be, 0x3945, 0x58c1, 0xa140, 0xc160,
  0xd9a0, 0xe1a0, 0xe1a0, 0xd9a0, 0xd1a0, 0xb181, 0x5081, 0x4165,
  0x51e6, 0x4144, 0x30e2, 0x30a1, 0x48c1, 0x6121, 0x7141, 0x8141,
  0x8120, 0x9140, 0xa940, 0xc160, 0xd1a0, 0xe1a0, 0xe1c0, 0xe1a0,
  0xe1c0, 0xe1c0, 0xe1c0, 0xe1c0, 0xe1c0, 0xe1c0, 0xe1c0, 0xe1c0,
  0xe1c0, 0xe1c0, 0xe1c0, 0xe1c0, 0xe1c0, 0xe1c0, 0xe1c0, 0xe1c0,
  0xe1c0, 0xe1c0, 0xe1c0, 0xe1c0, 0xe1c0, 0xe1c0, 0xe1c0, 0xe1c0,
  0xe1c0, 0xe1c0, 0xe1c0, 0xe1c0, 0xe1c0, 0xe1c0, 0xe1c0, 0xe1c0,
  0xe1c0, 0xe1c0, 0xe1c0, 0xe1c0, 0xe1c0, 0xe1c0, 0xe1c0, 0xe1c0,
  0xe1c0, 0xe1c0, 0xe1c0, 0xe1c0, 0xe1c0, 0xe1c0, 0xe1c0, 0xe1a0,
  0xd9c0, 0xc9c1, 0x8162, 0x5a69, 0xef5c, 0xffff, 0xffff, 0xffff,
  0xffff, 0xffff, 0xffff, 0xffff, 0x9cd3, 0x2860, 0x7921, 0x7121,
  0x4985, 0xce79, 0xffff, 0xffff, 0xffff, 0xffff, 0xffff, 0xffff,
  0xffff, 0xffff, 0xffff, 0x7bae, 0x60c1, 0xc9a1, 0xe1a0, 0xe1a0,
  0xe1a0, 0xe1a0, 0xe1a0, 0xe1a0, 0xe1a0, 0xe1a0, 0xe1c0, 0xe1c0,
  0xe1c0, 0xe1c0, 0xe1c0, 0xe1c0, 0xe1a0, 0xe1a0, 0xe1a0, 0xe1a0,
  0xd9a0, 0xc181, 0x8141, 0x59e7, 0xbdd7, 0xffdf, 0xffff, 0xffff,
  0xffff, 0xffff, 0xffff, 0xffff, 0xffff, 0xffff, 0xffff, 0xffff,
  0xffff, 0xffff, 0xffff, 0xffff, 0xffff, 0xef7d, 0x5a28, 0x8163,
  0xc9a1, 0xd9a0, 0xd9a0, 0xe1a0, 0xe1a0, 0xe1a0, 0xe1a0, 0xe1a0,
  0xe1a0, 0xe1a0, 0xe1a0, 0xd1a0, 0xb1a1, 0x50a1, 0xbd96, 0xffdf,
  0xffff, 0xffff, 0xffff, 0xffff, 0xffff, 0xffff, 0xffff, 0xffff,
  0xef7d, 0x730b, 0x7101, 0xc160, 0xd9a0, 0xe1a0, 0xe1a0, 0xe1c0,
  0xe1a0, 0xe1a0, 0xe1a0, 0xe1a0, 0xd9a0, 0xd9a0, 0xc9c1, 0x7942,
  0x7b0b, 0xdedb, 0xffff, 0xffff, 0xffff, 0xffff, 0xffff, 0xffff,
  0xffff, 0xffff, 0xef7d, 0x8c50, 0x40a1, 0x9121, 0xc160, 0xd1a0,
  0xd9a0, 0xd9c0, 0xd9a0, 0xc9a0, 0x7101, 0x6b2c, 0xffff, 0xffff,
  0xffff, 0xffff, 0xffff, 0xffff, 0xffff, 0xffff, 0xffff, 0xad54,
  0x61a5, 0xa161, 0xd180, 0xd980, 0xe1a0, 0xe1a0, 0xd9a0, 0xc9a0,
  0xb980, 0x8941, 0x61e6, 0xbdd7, 0xffff, 0xffff, 0xffff, 0xffff,
  0xffff, 0xffff, 0xffff, 0xad54, 0x2840, 0x78e1, 0xb140, 0xc980,
  0xd9a0, 0xe1a0, 0xe1a0, 0xe1a0, 0xd1a0, 0xb180, 0x8921, 0x7942,
  0x7142, 0x7121, 0x6900, 0x7100, 0x7900, 0x8120, 0x8920, 0x9140,
  0x9940, 0xa940, 0xb960, 0xc980, 0xd9a0, 0xe1a0, 0xe1c0, 0xe1c0,
  0xe1c0, 0xe1c0, 0xe1c0, 0xe1c0, 0xe1c0, 0xe1c0, 0xe1c0, 0xe1c0,
  0xe1c0, 0xe1c0, 0xe1c0, 0xe1c0, 0xe1c0, 0xe1c0, 0xe1c0, 0xe1c0,
  0xe1c0, 0xe1c0, 0xe1c0, 0xe1c0, 0xe1c0, 0xe1c0, 0xe1c0, 0xe1c0,
  0xe1c0, 0xe1c0, 0xe1c0, 0xe1c0, 0xe1c0, 0xe1c0, 0xe1c0, 0xe1c0,
  0xe1c0, 0xe1c0, 0xe1c0, 0xe1c0, 0xe1c0, 0xe1c0, 0xe1c0, 0xe1c0,
  0xe1c0, 0xe1c0, 0xe1c0, 0xe1c0, 0xe1c0, 0xe1c0, 0xe1c0, 0xe1c0,
  0xd9c0, 0xb1c1, 0x6184, 0x9491, 0xffff, 0xffff, 0xffff, 0xffff,
  0xffff, 0xffff, 0xffff, 0xffdf, 0x41e7, 0x50c1, 0x8940, 0x8120,
  0x4923, 0x9cd3, 0xffff, 0xffff, 0xffff, 0xffff, 0xffff, 0xffff,
  0xffff, 0xffff, 0xffff, 0xbdf7, 0x3860, 0xb9a1, 0xd9a0, 0xe1c0,
  0xe1a0, 0xe1a0, 0xe1a0, 0xe1a0, 0xe1a0, 0xe1a0, 0xe1c0, 0xe1c0,
  0xe1c0, 0xe1c0, 0xe1c0, 0xe1c0, 0xe1a0, 0xe1a0, 0xe1c0, 0xd9a0,
  0xd1a0, 0xb9c1, 0x5902, 0x8bef, 0xef7d, 0xffff, 0xffff, 0xffff,
  0xffff, 0xffff, 0xffff, 0xffff, 0xffff, 0xffff, 0xffff, 0xffff,
  0xffff, 0xffff, 0xffff, 0xffff, 0xffff, 0xffdf, 0xb575, 0x4903,
  0xa982, 0xd9a0, 0xe1a0, 0xe1a0, 0xe1a0, 0xe1a0, 0xe1a0, 0xe1a0,
  0xe1a0, 0xe1a0, 0xe1a0, 0xd1a0, 0xb181, 0x48a0, 0xbdb6, 0xffdf,
  0xffff, 0xffff, 0xffff, 0xffff, 0xffff, 0xffff, 0xffff, 0xffff,
  0xffff, 0x83ce, 0x7122, 0xb960, 0xd980, 0xe1a0, 0xe1a0, 0xe1a0,
  0xe1a0, 0xe1a0, 0xe1a0, 0xd9a0, 0xd9a0, 0xc9a1, 0x9183, 0x5185,
  0xb575, 0xffdf, 0xffff, 0xffff, 0xffff, 0xffff, 0xffff, 0xffff,
  0xffff, 0xffff, 0xce79, 0x4185, 0x58c0, 0xa940, 0xc980, 0xd9a0,
  0xe1a0, 0xd9a0, 0xd9a0, 0xc1a1, 0x58c1, 0x83ef, 0xffff, 0xffff,
  0xffff, 0xffff, 0xffff, 0xffff, 0xffff, 0xffff, 0xffff, 0x9cb2,
  0x6164, 0xa140, 0xd160, 0xd980, 0xe1a0, 0xe1c0, 0xd9c0, 0xd1c0,
  0xc180, 0x9961, 0x5964, 0x9cd3, 0xffff, 0xffff, 0xffff, 0xffff,
  0xffff, 0xffff, 0xf79e, 0x3186, 0x4080, 0x9120, 0xb960, 0xd1a0,
  0xd9a0, 0xe1c0, 0xe1a0, 0xe1a0, 0xd1a0, 0xc180, 0xb161, 0xa140,
  0x9940, 0x9120, 0x9120, 0x9120, 0x9120, 0x9920, 0xa140, 0xa940,
  0xb160, 0xc180, 0xc980, 0xd1a0, 0xe1a0, 0xe1c0, 0xe1c0, 0xe1a0,
  0xe1a0, 0xe1c0, 0xe1c0, 0xe1c0, 0xe1c0, 0xe1c0, 0xe1c0, 0xe1c0,
  0xe1c0, 0xe1c0, 0xe1c0, 0xe1c0, 0xe1c0, 0xe1c0, 0xe1c0, 0xe1c0,
  0xe1c0, 0xe1c0, 0xe1c0, 0xe1c0, 0xe1c0, 0xe1c0, 0xe1c0, 0xe1c0,
  0xe1c0, 0xe1c0, 0xe1c0, 0xe1c0, 0xe1c0, 0xe1c0, 0xe1c0, 0xe1c0,
  0xe1c0, 0xe1c0, 0xe1c0, 0xe1c0, 0xe1c0, 0xe1c0, 0xe1c0, 0xe1c0,
  0xe1c0, 0xe1c0, 0xe1c0, 0xe1c0, 0xe1c0, 0xe1c0, 0xe1c0, 0xd9c0,
  0xd1c0, 0x91a2, 0x49c6, 0xce79, 0xffff, 0xffff, 0xffff, 0xffff,
  0xffff, 0xffff, 0xffff, 0xc5f8, 0x30c2, 0x8162, 0x9940, 0x9140,
  0x5943, 0x7bae, 0xffdf, 0xffff, 0xffff, 0xffff, 0xffff, 0xffff,
  0xffff, 0xffff, 0xffff, 0xef7d, 0x2861, 0xa162, 0xd9a0, 0xe1a0,
  0xe1a0, 0xe1a0, 0xe1a0, 0xe1a0, 0xe1a0, 0xe1a0, 0xe1c0, 0xe1c0,
  0xe1c0, 0xe1c0, 0xe1c0, 0xe1c0, 0xe1a0, 0xe1a0, 0xe1c0, 0xd9a0,
  0xd1c0, 0x9982, 0x6227, 0xbdf7, 0xffff, 0xffff, 0xffff, 0xffff,
  0xffff, 0xffff, 0xffff, 0xffff, 0xffff, 0xffff, 0xffff, 0xffff,
  0xffff, 0xffff, 0xffff, 0xffff, 0xffff, 0xffff, 0xf79e, 0x5228,
  0x7922, 0xd1c1, 0xe1a0, 0xe1a0, 0xe1a0, 0xe1a0, 0xe1a0, 0xe1a0,
  0xe1a0, 0xe1a0, 0xe1a0, 0xd1a0, 0xb1a1, 0x50a1, 0xc5d7, 0xffdf,
  0xffff, 0xffff, 0xffff, 0xffff, 0xffff, 0xffff, 0xffff, 0xffff,
  0xffff, 0xad54, 0x69c5, 0xa961, 0xd180, 0xd9a0, 0xe1a0, 0xe1a0,
  0xe1a0, 0xe1a0, 0xe1a0, 0xd9a0, 0xc9a0, 0x9962, 0x40c2, 0x8c10,
  0xef7d, 0xffff, 0xffff, 0xffff, 0xffff, 0xffff, 0xffff, 0xffff,
  0xffff, 0xef7d, 0x8c30, 0x3060, 0x8100, 0xb160, 0xd180, 0xd9a0,
  0xe1a0, 0xe1a0, 0xd9a0, 0xc1a1, 0x58c1, 0xbdb6, 0xffff, 0xffff,
  0xffff, 0xffff, 0xffff, 0xffff, 0xffff, 0xffff, 0xffff, 0x8c10,
  0x6143, 0xa960, 0xd180, 0xe180, 0xe1a0, 0xe1c0, 0xd9a0, 0xd9a0,
  0xc9a0, 0xa160, 0x5901, 0x83ef, 0xef5d, 0xef7d, 0xe6fc, 0xc5f7,
  0x738d, 0x3965, 0x2082, 0x2820, 0x68e1, 0xa140, 0xc180, 0xd1a0,
  0xd9a0, 0xe1c0, 0xe1c0, 0xd9a0, 0xd1a0, 0xc980, 0xb940, 0xb140,
  0xa940, 0xa940, 0xa940, 0xb160, 0xb160, 0xb980, 0xb980, 0xc180,
  0xc980, 0xd180, 0xd9a0, 0xd9a0, 0xe1c0, 0xe1c0, 0xe1a0, 0xe1a0,
  0xe1a0, 0xe1c0, 0xe1c0, 0xe1c0, 0xe1c0, 0xe1c0, 0xe1c0, 0xe1c0,
  0xe1c0, 0xe1c0, 0xe1c0, 0xe1c0, 0xe1c0, 0xe1c0, 0xe1c0, 0xe1c0,
  0xe1c0, 0xe1c0, 0xe1c0, 0xe1c0, 0xe1c0, 0xe1c0, 0xe1c0, 0xe1c0,
  0xe1c0, 0xe1c0, 0xe1c0, 0xe1c0, 0xe1c0, 0xe1c0, 0xe1c0, 0xe1c0,
  0xe1c0, 0xe1c0, 0xe1c0, 0xe1c0, 0xe1c0, 0xe1c0, 0xe1c0, 0xe1c0,
  0xe1c0, 0xe1c0, 0xe1c0, 0xe1c0, 0xe1c0, 0xe1c0, 0xe1c0, 0xd9c0,
  0xc1c1, 0x7963, 0x732c, 0xffdf, 0xffff, 0xffff, 0xffff, 0xffff,
  0xffff, 0xffff, 0xffdf, 0x736d, 0x5102, 0x9981, 0xa960, 0xa160,
  0x6922, 0x5a69, 0xef7d, 0xffff, 0xffff, 0xffff, 0xffff, 0xffff,
  0xffff, 0xffff, 0xffff, 0xffff, 0x5208, 0x8122, 0xd1a0, 0xe1a0,
  0xe1a0, 0xe1a0, 0xe1a0, 0xe1a0, 0xe1a0, 0xe1a0, 0xe1a0, 0xe1a0,
  0xe1c0, 0xe1c0, 0xe1c0, 0xe1c0, 0xe1a0, 0xe1a0, 0xe1a0, 0xd9c0,
  0xc1c1, 0x7142, 0x8bef, 0xf79e, 0xffff, 0xffff, 0xffff, 0xffff,
  0xffff, 0xffff, 0xffff, 0xffff, 0xffff, 0xffff, 0xffff, 0xffff,
  0xffff, 0xffff, 0xffff, 0xffff, 0xffff, 0xffff, 0xffdf, 0xad34,
  0x50e2, 0xb9a2, 0xd9c0, 0xe1a0, 0xe9a0, 0xe1a0, 0xe1a0, 0xe1a0,
  0xe1a0, 0xe1a0, 0xe1a0, 0xd1a0, 0xb181, 0x50c1, 0xbdb6, 0xffdf,
  0xffff, 0xffff, 0xffff, 0xffff, 0xffff, 0xffff, 0xffff, 0xffff,
  0xffff, 0xd6ba, 0x6249, 0x7942, 0xb981, 0xd1c0, 0xd9c0, 0xe1a0,
  0xe1c0, 0xe1c0, 0xd9c0, 0xc1a1, 0x8963, 0x4903, 0x7bae, 0xe71c,
  0xffff, 0xffff, 0xffff, 0xffff, 0xffff, 0xffff, 0xffff, 0xffff,
  0xffdf, 0xce38, 0x4165, 0x60c1, 0xa120, 0xc160, 0xd1a0, 0xd9a0,
  0xd9a0, 0xd9a0, 0xd1a0, 0xb1a1, 0x48c1, 0xce58, 0xffff, 0xffff,
  0xffff, 0xffff, 0xffff, 0xffff, 0xffff, 0xffff, 0xffff, 0x7b6d,
  0x6122, 0xa960, 0xd180, 0xe180, 0xe1a0, 0xe1a0, 0xe1a0, 0xd9a0,
  0xd1a0, 0xb160, 0x68e0, 0x4124, 0x41a6, 0x28e3, 0x2061, 0x2880,
  0x40c1, 0x5922, 0x6901, 0x7100, 0x9920, 0xb160, 0xc980, 0xd1a0,
  0xd9c0, 0xe1c0, 0xe1c0, 0xe1a0, 0xd9a0, 0xd180, 0xd180, 0xc160,
  0xc160, 0xc160, 0xc180, 0xc980, 0xd1a0, 0xd1a0, 0xd1a0, 0xd1a0,
  0xd9a0, 0xd9c0, 0xe1a0, 0xe1a0, 0xe1a0, 0xe1a0, 0xe1a0, 0xe1a0,
  0xe1a0, 0xe1a0, 0xe1a0, 0xe1a0, 0xe1a0, 0xe1c0, 0xe1c0, 0xe1c0,
  0xe1c0, 0xe1c0, 0xe1c0, 0xe1c0, 0xe1c0, 0xe1c0, 0xe1c0, 0xe1c0,
  0xe1c0, 0xe1c0, 0xe1c0, 0xe1c0, 0xe1c0, 0xe1c0, 0xe1c0, 0xe1c0,
  0xe1c0, 0xe1c0, 0xe1c0, 0xe1c0, 0xe1c0, 0xe1c0, 0xe1c0, 0xe1c0,
  0xe1c0, 0xe1c0, 0xe1c0, 0xe1c0, 0xe1c0, 0xe1c0, 0xe1c0, 0xe1c0,
  0xe1c0, 0xe1c0, 0xe1c0, 0xe1c0, 0xe1c0, 0xe1c0, 0xe1c0, 0xd9c0,
  0xa9a2, 0x5985, 0xbd96, 0xffff, 0xffff, 0xffff, 0xffff, 0xffff,
  0xffff, 0xffff, 0xe71c, 0x3965, 0x7121, 0xa960, 0xb960, 0xa980,
  0x7941, 0x49a6, 0xd67a, 0xffff, 0xffff, 0xffff, 0xffff, 0xffff,
  0xffff, 0xffff, 0xffff, 0xffff, 0x8c30, 0x50a1, 0xc1c1, 0xe1c0,
  0xe1a0, 0xe1a0, 0xe1a0, 0xe1a0, 0xe1a0, 0xe1a0, 0xe1a0, 0xe1a0,
  0xe1c0, 0xe1c0, 0xe1c0, 0xe1a0, 0xe1a0, 0xe1a0, 0xd9a0, 0xd1c1,
  0x9982, 0x6207, 0xc618, 0xffff, 0xffff, 0xffff, 0xffff, 0xffff,
  0xffff, 0xffff, 0xffff, 0xffdf, 0xef7d, 0xffff, 0xffff, 0xffff,
  0xffff, 0xffff, 0xffff, 0xffff, 0xffff, 0xffff, 0xffff, 0xf79e,
  0x5a08, 0x8142, 0xd1c1, 0xe1a0, 0xe1a0, 0xe1a0, 0xe1a0, 0xe1a0,
  0xe1a0, 0xe1a0, 0xd9a0, 0xd1a0, 0xb981, 0x58c1, 0xacf3, 0xffdf,
  0xffff, 0xffff, 0xffff, 0xffff, 0xffff, 0xffff, 0xffff, 0xffff,
  0xffff, 0xffdf, 0xa4f3, 0x51c6, 0x7143, 0xa982, 0xb9c2, 0xc1c1,
  0xb9c2, 0xa9c3, 0x91a3, 0x71a5, 0x59e7, 0x9492, 0xf79e, 0xffff,
  0xffff, 0xffff, 0xffff, 0xffff, 0xffff, 0xffff, 0xffff, 0xffff,
  0xe6fb, 0x6acb, 0x58c1, 0x9921, 0xb160, 0xc980, 0xd9a0, 0xe1a0,
  0xe1a0, 0xd9a0, 0xd1a0, 0xa961, 0x38c2, 0xe73c, 0xffff, 0xffff,
  0xffff, 0xffff, 0xffff, 0xffff, 0xffff, 0xffff, 0xffdf, 0x734c,
  0x6922, 0xb160, 0xd180, 0xd9a0, 0xe1a0, 0xe1a0, 0xe1a0, 0xd9a0,
  0xd1a0, 0xb160, 0x8920, 0x60c0, 0x50c1, 0x58e1, 0x60e1, 0x6900,
  0x7921, 0x8920, 0x8940, 0x9940, 0xa960, 0xc180, 0xd1a0, 0xd9a0,
  0xe1c0, 0xe1c0, 0xe1a0, 0xe1a0, 0xe1a0, 0xd9a0, 0xd9a0, 0xd180,
  0xd1a0, 0xd1a0, 0xd9a0, 0xd9c0, 0xd9c0, 0xd9c0, 0xe1c0, 0xe1c0,
  0xe1c0, 0xe1c0, 0xe1c0, 0xe1a0, 0xe1a0, 0xe1a0, 0xe1c0, 0xe1a0,
  0xe1a0, 0xe1a0, 0xe1a0, 0xe1a0, 0xe1a0, 0xe1c0, 0xe1c0, 0xe1c0,
  0xe1c0, 0xe1c0, 0xe1c0, 0xe1c0, 0xe1c0, 0xe1c0, 0xe1c0, 0xe1c0,
  0xe1c0, 0xe1c0, 0xe1c0, 0xe1c0, 0xe1c0, 0xe1c0, 0xe1c0, 0xe1c0,
  0xe1c0, 0xe1c0, 0xe1c0, 0xe1c0, 0xe1c0, 0xe1c0, 0xe1c0, 0xe1c0,
  0xe1c0, 0xe1c0, 0xe1c0, 0xe1c0, 0xe1c0, 0xe1c0, 0xe1c0, 0xe1c0,
  0xe1c0, 0xe1c0, 0xe1c0, 0xe1c0, 0xe1c0, 0xe1c0, 0xe1c0, 0xc9c0,
  0x8962, 0x6289, 0xf77d, 0xffff, 0xffff, 0xffff, 0xffff, 0xffff,
  0xffff, 0xffff, 0x9cd3, 0x40c3, 0x8941, 0xb160, 0xc180, 0xb980,
  0x9161, 0x5164, 0xa4f3, 0xffff, 0xffff, 0xffff, 0xffff, 0xffff,
  0xffff, 0xffff, 0xffff, 0xffff, 0xce58, 0x3881, 0xb1c2, 0xd9c0,
  0xe1a0, 0xe1a0, 0xe1a0, 0xe1a0, 0xe1a0, 0xe1a0, 0xe1a0, 0xe1a0,
  0xe1a0, 0xe1a0, 0xe1a0, 0xe1a0, 0xe1a0, 0xe1a0, 0xd9a0, 0xb9a1,
  0x7163, 0x83ae, 0xf79e, 0xffff, 0xffff, 0xffff, 0xffff, 0xffff,
  0xffff, 0xffff, 0xffff, 0xce79, 0x8c71, 0xffdf, 0xffff, 0xffff,
  0xffff, 0xffff, 0xffff, 0xffff, 0xffff, 0xffff, 0xffff, 0xffff,
  0xbd96, 0x40a1, 0xb1c2, 0xd9c0, 0xe1a0, 0xe1a0, 0xe1a0, 0xe1a0,
  0xe1a0, 0xe1a0, 0xe1a0, 0xd1a0, 0xb980, 0x6101, 0x83ae, 0xf7be,
  0xffff, 0xffff, 0xffff, 0xffff, 0xffff, 0xffff, 0xffff, 0xffff,
  0xffff, 0xffff, 0xffdf, 0xb596, 0x5a89, 0x6227, 0x7227, 0x7227,
  0x61e6, 0x51c6, 0x5a69, 0xa4d3, 0xef3c, 0xffdf, 0xffff, 0xffff,
  0xffff, 0xffff, 0xffff, 0xffff, 0xffff, 0xffff, 0xffff, 0xf79e,
  0x8c30, 0x48a1, 0x8941, 0xa960, 0xc180, 0xd1a0, 0xd9a0, 0xe1a0,
  0xe1a0, 0xd9a0, 0xd1a0, 0x9941, 0x3903, 0xef7d, 0xffff, 0xffff,
  0xffff, 0xffff, 0xffff, 0xffff, 0xffde, 0xef7d, 0xd69a, 0x6289,
  0x7122, 0xb160, 0xd180, 0xe1a0, 0xe1a0, 0xe1a0, 0xe1a0, 0xd9a0,
  0xd1a0, 0xc180, 0xa940, 0x9941, 0x8921, 0x8100, 0x8100, 0x8900,
  0x9120, 0x9940, 0xa960, 0xb160, 0xc180, 0xd1a0, 0xd9a0, 0xd9a0,
  0xe1c0, 0xe1c0, 0xe1a0, 0xe1a0, 0xe1a0, 0xe1c0, 0xd9a0, 0xd9a0,
  0xd9c0, 0xe1c0, 0xe1c0, 0xe1c0, 0xe1c0, 0xe1c0, 0xe1c0, 0xe1c0,
  0xe1c0, 0xe1c0, 0xe1c0, 0xe1c0, 0xe1a0, 0xe1a0, 0xe1a0, 0xe1a0,
  0xe1a0, 0xe1a0, 0xe1c0, 0xe1a0, 0xe1a0, 0xe1c0, 0xe1c0, 0xe1c0,
  0xe1c0, 0xe1c0, 0xe1c0, 0xe1c0, 0xe1c0, 0xe1c0, 0xe1c0, 0xe1c0,
  0xe1c0, 0xe1c0, 0xe1c0, 0xe1c0, 0xe1c0, 0xe1c0, 0xe1c0, 0xe1c0,
  0xe1c0, 0xe1c0, 0xe1c0, 0xe1c0, 0xe1c0, 0xe1c0, 0xe1c0, 0xe1c0,
  0xe1c0, 0xe1c0, 0xe1c0, 0xe1c0, 0xe1c0, 0xe1c0, 0xe1c0, 0xe1c0,
  0xe1c0, 0xe1c0, 0xe1c0, 0xe1c0, 0xe1c0, 0xe1c0, 0xd9c0, 0xb9c1,
  0x5923, 0x9cb2, 0xffff, 0xffff, 0xffff, 0xffff, 0xffff, 0xffff,
  0xffff, 0xef7d, 0x62aa, 0x58e1, 0xa140, 0xc160, 0xc980, 0xc180,
  0xa160, 0x5943, 0x7b8e, 0xffdf, 0xffff, 0xffff, 0xffff, 0xffff,
  0xffff, 0xffff, 0xffff, 0xffff, 0xef7d, 0x3924, 0x9981, 0xd9c0,
  0xe1a0, 0xe1a0, 0xe1a0, 0xe1a0, 0xe1a0, 0xe1a0, 0xe1a0, 0xe1a0,
  0xe1a0, 0xe1a0, 0xe1a0, 0xe1a0, 0xe1a0, 0xe1a0, 0xc9c1, 0x9982,
  0x6a48, 0xce79, 0xffff, 0xffff, 0xffff, 0xffff, 0xffff, 0xffff,
  0xffff, 0xffff, 0xf7de, 0x6b4d, 0x39a6, 0xe71c, 0xffff, 0xffff,
  0xffff, 0xffff, 0xffff, 0xffff, 0xffff, 0xffff, 0xffff, 0xffff,
  0xf7be, 0x6aca, 0x7101, 0xc9a1, 0xe1a0, 0xe1a0, 0xe1a0, 0xe1a0,
  0xe1a0, 0xe1c0, 0xe1a0, 0xd1a0, 0xb980, 0x7921, 0x49e7, 0xef3c,
  0xffff, 0xffff, 0xffff, 0xffff, 0xffff, 0xffff, 0xffff, 0xffff,
  0xffff, 0xffff, 0xffff, 0xffff, 0xf79e, 0xdeba, 0xc618, 0xbdd7,
  0xc638, 0xdefb, 0xf7be, 0xffff, 0xffff, 0xffff, 0xffff, 0xffff,
  0xffff, 0xffff, 0xffff, 0xffff, 0xffff, 0xffff, 0xffde, 0xad34,
  0x38c2, 0x7921, 0xa140, 0xb960, 0xc980, 0xd9a0, 0xd9a0, 0xe1c0,
  0xe1a0, 0xd9a0, 0xc9a0, 0x8941, 0x4185, 0xf7be, 0xffff, 0xffdf,
  0xf79e, 0xdefb, 0xce59, 0xbdd6, 0xad34, 0x8c30, 0x5a69, 0x40c2,
  0x8101, 0xb980, 0xd180, 0xe1a0, 0xe1c0, 0xe1a0, 0xe1a0, 0xd9a0,
  0xd9a0, 0xc980, 0xc160, 0xb140, 0xa120, 0xa120, 0x9920, 0xa140,
  0xa940, 0xb160, 0xc180, 0xc980, 0xd1a0, 0xd9a0, 0xd9a0, 0xe1c0,
  0xe1a0, 0xe1a0, 0xe1a0, 0xe1a0, 0xe1c0, 0xe1c0, 0xe1c0, 0xe1c0,
  0xe1c0, 0xe1c0, 0xe1a0, 0xe1c0, 0xe1c0, 0xe1c0, 0xe1c0, 0xe1c0,
  0xe1c0, 0xe1c0, 0xe1c0, 0xe1c0, 0xe1c0, 0xe1a0, 0xe1a0, 0xe1a0,
  0xe1a0, 0xe1c0, 0xe1c0, 0xe1a0, 0xe1a0, 0xe1c0, 0xe1c0, 0xe1c0,
  0xe1c0, 0xe1c0, 0xe1c0, 0xe1c0, 0xe1c0, 0xe1c0, 0xe1c0, 0xe1c0,
  0xe1c0, 0xe1c0, 0xe1c0, 0xe1a0, 0xe1a0, 0xe1a0, 0xe1c0, 0xe1c0,
  0xe1c0, 0xe1c0, 0xe1c0, 0xe1c0, 0xe1c0, 0xe1c0, 0xe1c0, 0xe1c0,
  0xe1a0, 0xe1a0, 0xe1a0, 0xe1c0, 0xe1c0, 0xe1c0, 0xe1c0, 0xe1c0,
  0xe1c0, 0xe1c0, 0xe1c0, 0xe1c0, 0xe1c0, 0xe1c0, 0xd1e0, 0x99a2,
  0x4985, 0xe71c, 0xffff, 0xffff, 0xffff, 0xffff, 0xffff, 0xffff,
  0xffff, 0xbdf7, 0x4164, 0x7921, 0xb160, 0xc980, 0xd1a0, 0xc980,
  0xb160, 0x6921, 0x62aa, 0xef5d, 0xffff, 0xffff, 0xffff, 0xffff,
  0xffff, 0xffff, 0xffff, 0xffff, 0xffde, 0x62ca, 0x7101, 0xd1c1,
  0xe1a0, 0xe1a0, 0xe1a0, 0xe1a0, 0xe1a0, 0xe1a0, 0xe1a0, 0xe1a0,
  0xe1a0, 0xe1a0, 0xe1a0, 0xe1c0, 0xe1a0, 0xd9c0, 0xb1a1, 0x6984,
  0x9c91, 0xffdf, 0xffff, 0xffff, 0xffff, 0xffff, 0xffff, 0xffff,
  0xffff, 0xffff, 0xce38, 0x28e3, 0x28e3, 0x9cd3, 0xffff, 0xffff,
  0xffff, 0xffff, 0xffff, 0xffff, 0xffff, 0xffff, 0xffff, 0xffff,
  0xffff, 0xd679, 0x4103, 0xa162, 0xd9c0, 0xe1a0, 0xe1a0, 0xe1a0,
  0xe1a0, 0xe1c0, 0xe1a0, 0xd9a0, 0xc180, 0x9141, 0x30a1, 0xbdd6,
  0xffff, 0xffff, 0xffff, 0xffff, 0xffff, 0xffff, 0xffff, 0xffff,
  0xffff, 0xffff, 0xffff, 0xffff, 0xffff, 0xffff, 0xffff, 0xffff,
  0xffff, 0xffff, 0xffff, 0xffff, 0xffff, 0xffff, 0xffff, 0xffff,
  0xffff, 0xffff, 0xffff, 0xffff, 0xffff, 0xffbe, 0xad34, 0x3924,
  0x58c1, 0x9920, 0xb160, 0xc980, 0xd1a0, 0xd9a0, 0xe1a0, 0xe1c0,
  0xe1a0, 0xd9a0, 0xc9a0, 0x8121, 0x49e7, 0xc638, 0xb575, 0xa514,
  0x9471, 0x734c, 0x5207, 0x3923, 0x30c1, 0x40a1, 0x50c1, 0x7101,
  0xa140, 0xc180, 0xd1a0, 0xe1a0, 0xe1c0, 0xe1a0, 0xe1a0, 0xe1a0,
  0xd9a0, 0xd9a0, 0xd180, 0xc980, 0xc180, 0xb960, 0xb980, 0xc180,
  0xc180, 0xc9a0, 0xd1a0, 0xd9a0, 0xd9a0, 0xd9a0, 0xe1c0, 0xe1c0,
  0xe1a0, 0xe1a0, 0xe1c0, 0xe1c0, 0xe1c0, 0xe1c0, 0xe1c0, 0xe1c0,
  0xe1c0, 0xe1c0, 0xe1a0, 0xe1c0, 0xe1c0, 0xe1c0, 0xe1c0, 0xe1c0,
  0xe1c0, 0xe1a0, 0xe1a0, 0xe1a0, 0xe1a0, 0xe1a0, 0xe1a0, 0xe1a0,
  0xe1c0, 0xe1c0, 0xe1c0, 0xe1c0, 0xe1c0, 0xe1c0, 0xe1c0, 0xe1c0,
  0xe1c0, 0xe1c0, 0xe1c0, 0xe1c0, 0xe1c0, 0xe1c0, 0xe1c0, 0xe1c0,
  0xe1c0, 0xe1c0, 0xe1c0, 0xe1a0, 0xe1a0, 0xe1a0, 0xe1c0, 0xe1c0,
  0xe1c0, 0xe1c0, 0xe1c0, 0xe1c0, 0xe1c0, 0xe1c0, 0xe1c0, 0xe1c0,
  0xe1a0, 0xe1a0, 0xe1a0, 0xe1c0, 0xe1c0, 0xe1c0, 0xe1c0, 0xe1c0,
  0xe1c0, 0xe1c0, 0xe1c0, 0xe1c0, 0xe1c0, 0xd9c0, 0xc1e1, 0x6943,
  0x736d, 0xffff, 0xffff, 0xffff, 0xffff, 0xffff, 0xffff, 0xffff,
  0xffdf, 0x7bcf, 0x5102, 0x9141, 0xb960, 0xd1a0, 0xd9a0, 0xd180,
  0xb980, 0x7921, 0x5a07, 0xce38, 0xffff, 0xffff, 0xffff, 0xffff,
  0xffff, 0xffff, 0xffff, 0xffff, 0xffff, 0x9cb2, 0x48a1, 0xc1c1,
  0xd9a0, 0xe1a0, 0xe1a0, 0xe1a0, 0xe1a0, 0xe1a0, 0xe1a0, 0xe1a0,
  0xe1a0, 0xe1a0, 0xe1a0, 0xe1c0, 0xe1c0, 0xc9c1, 0x8183, 0x6289,
  0xdefb, 0xffff, 0xffff, 0xffff, 0xffff, 0xffff, 0xffff, 0xffff,
  0xffff, 0xf7be, 0x5a8a, 0x38c1, 0x4903, 0x5a89, 0xef5c, 0xffff,
  0xffff, 0xffff, 0xffff, 0xffff, 0xffff, 0xffff, 0xffff, 0xffff,
  0xffff, 0xffdf, 0x736d, 0x60c1, 0xc1a1, 0xe1c0, 0xe1a0, 0xe1a0,
  0xe1a0, 0xe1a0, 0xe1a0, 0xd9a0, 0xc180, 0xa140, 0x50c1, 0x6aeb,
  0xffff, 0xffff, 0xffff, 0xffff, 0xffff, 0xffff, 0xffff, 0xffff,
  0xffff, 0xffff, 0xffff, 0xffff, 0xffff, 0xffff, 0xffff, 0xffff,
  0xffff, 0xffff, 0xffff, 0xffff, 0xffff, 0xffff, 0xffff, 0xffff,
  0xffff, 0xffff, 0xffff, 0xffff, 0xf79e, 0x9cf3, 0x3104, 0x4880,
  0x8121, 0xa140, 0xb960, 0xd1a0, 0xd9a0, 0xe1a0, 0xe1a0, 0xe1a0,
  0xe1a0, 0xd9a0, 0xc9a0, 0x8121, 0x4124, 0x5a28, 0x3923, 0x30c2,
  0x40c1, 0x48c1, 0x58e1, 0x6121, 0x6920, 0x7920, 0x8920, 0x9940,
  0xb160, 0xc180, 0xd9a0, 0xe1a0, 0xe1a0, 0xe1c0, 0xe1c0, 0xe1c0,
  0xe1a0, 0xd9a0, 0xd9a0, 0xd1a0, 0xd1a0, 0xd1a0, 0xd1a0, 0xd1a0,
  0xd1a0, 0xd9a0, 0xd9c0, 0xe1c0, 0xe1a0, 0xe1a0, 0xe1c0, 0xe1c0,
  0xe1c0, 0xe1c0, 0xe1c0, 0xe1c0, 0xe1c0, 0xe1c0, 0xe1c0, 0xe1c0,
  0xe1c0, 0xe1c0, 0xe1c0, 0xe1c0, 0xe1c0, 0xe1c0, 0xe1c0, 0xe1c0,
  0xe1c0, 0xe1a0, 0xe1a0, 0xe1a0, 0xe1a0, 0xe1a0, 0xe1a0, 0xe1a0,
  0xe1c0, 0xe1c0, 0xe1c0, 0xe1c0, 0xe1c0, 0xe1c0, 0xe1c0, 0xe1c0,
  0xe1c0, 0xe1c0, 0xe1c0, 0xe1c0, 0xe1c0, 0xe1c0, 0xe1c0, 0xe1c0,
  0xe1c0, 0xe1c0, 0xe1c0, 0xe1c0, 0xe1c0, 0xe1c0, 0xe1c0, 0xe1c0,
  0xe1c0, 0xe1c0, 0xe1c0, 0xe1c0, 0xe1c0, 0xe1c0, 0xe1c0, 0xe1c0,
  0xe1c0, 0xe1a0, 0xe1a0, 0xe1c0, 0xe1c0, 0xe1c0, 0xe1c0, 0xe1c0,
  0xe1c0, 0xe1c0, 0xe1c0, 0xe1c0, 0xe1c0, 0xd1c0, 0xa1e3, 0x4124,
  0xce79, 0xffff, 0xffff, 0xffff, 0xffff, 0xffff, 0xffff, 0xffff,
  0xdedb, 0x4a07, 0x6101, 0xa140, 0xc980, 0xd9a0, 0xd9a0, 0xd1a0,
  0xc180, 0x9140, 0x5984, 0xa4f3, 0xffff, 0xffff, 0xffff, 0xffff,
  0xffff, 0xffff, 0xffff, 0xffff, 0xffff, 0xce79, 0x40a1, 0xb1a2,
  0xd9a0, 0xe1a0, 0xe1a0, 0xe1a0, 0xe1a0, 0xe1a0, 0xe1a0, 0xe1a0,
  0xe1a0, 0xe1c0, 0xe1a0, 0xe1c0, 0xd1c0, 0xa9c2, 0x5964, 0xad34,
  0xffdf, 0xffff, 0xffff, 0xffff, 0xffff, 0xffff, 0xffff, 0xffff,
  0xffff, 0xbdf7, 0x2061, 0x6901, 0x6922, 0x4964, 0xa534, 0xffdf,
  0xffff, 0xffff, 0xffff, 0xffff, 0xffff, 0xffff, 0xffff, 0xffff,
  0xffff, 0xffff, 0xd699, 0x5165, 0x9982, 0xd9c0, 0xe1c0, 0xe1a0,
  0xe1a0, 0xe1a0, 0xe1a0, 0xd9a0, 0xc980, 0xb160, 0x8121, 0x38c2,
  0xc638, 0xffff, 0xffff, 0xffff, 0xffff, 0xffff, 0xffff, 0xffff,
  0xffff, 0xffff, 0xffff, 0xffff, 0xffff, 0xffff, 0xffff, 0xffff,
  0xffff, 0xffff, 0xffff, 0xffff, 0xffff, 0xffff, 0xffff, 0xffff,
  0xffff, 0xffff, 0xffff, 0xe73c, 0x83ef, 0x38e3, 0x48a0, 0x78e0,
  0xa140, 0xb160, 0xc180, 0xd9a0, 0xe1a0, 0xe1a0, 0xe1a0, 0xe1a0,
  0xe1a0, 0xd9a0, 0xc9a0, 0xa141, 0x70e0, 0x68e1, 0x60e0, 0x6900,
  0x7100, 0x8120, 0x8920, 0x8920, 0x9120, 0x9940, 0xa140, 0xb160,
  0xc180, 0xd1a0, 0xd9a0, 0xe1a0, 0xe1a0, 0xe1a0, 0xe1c0, 0xe1c0,
  0xe1c0, 0xe1c0, 0xe1a0, 0xe1a0, 0xd9a0, 0xd9a0, 0xd9a0, 0xd9c0,
  0xe1c0, 0xe1c0, 0xe1c0, 0xe1c0, 0xe1a0, 0xe1a0, 0xe1c0, 0xe1c0,
  0xe1c0, 0xe1c0, 0xe1c0, 0xe1c0, 0xe1c0, 0xe1c0, 0xe1c0, 0xe1c0,
  0xe1c0, 0xe1c0, 0xe1c0, 0xe1c0, 0xe1c0, 0xe1c0, 0xe1c0, 0xe1c0,
  0xe1c0, 0xe1a0, 0xe1a0, 0xe1a0, 0xe1a0, 0xe1a0, 0xe1a0, 0xe1a0,
  0xe1c0, 0xe1c0, 0xe1c0, 0xe1c0, 0xe1c0, 0xe1c0, 0xe1c0, 0xe1c0,
  0xe1c0, 0xe1c0, 0xe1c0, 0xe1c0, 0xe1c0, 0xe1c0, 0xe1c0, 0xe1c0,
  0xe1c0, 0xe1c0, 0xe1c0, 0xe1c0, 0xe1c0, 0xe1c0, 0xe1c0, 0xe1c0,
  0xe1c0, 0xe1c0, 0xe1c0, 0xe1c0, 0xe1c0, 0xe1c0, 0xe1c0, 0xe1a0,
  0xe1a0, 0xe1c0, 0xe1c0, 0xe1c0, 0xe1c0, 0xe1c0, 0xe1c0, 0xe1c0,
  0xe1c0, 0xe1c0, 0xe1a0, 0xe1a0, 0xd9c0, 0xc9e1, 0x6942, 0x5aaa,
  0xffbe, 0xffff, 0xffff, 0xffff, 0xffff, 0xffff, 0xffff, 0xffff,
  0xb596, 0x3144, 0x50c1, 0x9961, 0xc9a1, 0xd9a0, 0xd9a0, 0xd9a0,
  0xc980, 0xa960, 0x6142, 0x83ce, 0xffdf, 0xffff, 0xffff, 0xffff,
  0xffff, 0xffff, 0xffff, 0xffff, 0xffff, 0xef5d, 0x4985, 0x9142,
  0xd1a0, 0xe1a0, 0xe1a0, 0xe1a0, 0xe1a0, 0xe1a0, 0xe1a0, 0xe1a0,
  0xe1c0, 0xe1a0, 0xe1a0, 0xd9c0, 0xc1e1, 0x7963, 0x62aa, 0xef5d,
  0xffff, 0xffff, 0xffff, 0xffff, 0xffff, 0xffff, 0xffff, 0xffff,
  0xf79e, 0x5aaa, 0x40a1, 0x8121, 0x8140, 0x5902, 0x62aa, 0xef5d,
  0xffff, 0xffff, 0xffff, 0xffff, 0xffff, 0xffff, 0xffff, 0xffff,
  0xffff, 0xffff, 0xf79e, 0x9430, 0x68e1, 0xc9e2, 0xd9c0, 0xe1c0,
  0xe1a0, 0xe1a0, 0xe1a0, 0xd9a0, 0xd1a0, 0xc180, 0xa160, 0x58e1,
  0x5a49, 0xef3c, 0xffff, 0xffff, 0xffff, 0xffff, 0xffff, 0xffff,
  0xffff, 0xffff, 0xffff, 0xffff, 0xffff, 0xffff, 0xffff, 0xffff,
  0xffff, 0xffff, 0xffff, 0xffff, 0xffff, 0xffff, 0xffff, 0xffff,
  0xffff, 0xffdf, 0xc638, 0x6b2c, 0x4103, 0x60e1, 0x8100, 0x9920,
  0xb160, 0xc180, 0xd1a0, 0xd9a0, 0xe1a0, 0xe1a0, 0xe1a0, 0xe1c0,
  0xe1c0, 0xd9a0, 0xd1a0, 0xb980, 0xa960, 0x9940, 0x9120, 0x9120,
  0x9120, 0x9920, 0xa140, 0xa160, 0xa960, 0xb160, 0xb980, 0xc180,
  0xd1a0, 0xd9a0, 0xe1a0, 0xe1a0, 0xe1a0, 0xe1a0, 0xe1c0, 0xe1c0,
  0xe1a0, 0xe1a0, 0xe1a0, 0xe1a0, 0xe1a0, 0xe1a0, 0xe1c0, 0xe1c0,
  0xe1c0, 0xe1c0, 0xe1c0, 0xe1c0, 0xe1a0, 0xe1a0, 0xe1c0, 0xe1c0,
  0xe1c0, 0xe1c0, 0xe1c0, 0xe1c0, 0xe1c0, 0xe1c0, 0xe1c0, 0xe1c0,
  0xe1c0, 0xe1c0, 0xe1c0, 0xe1c0, 0xe1c0, 0xe1c0, 0xe1c0, 0xe1c0,
  0xe1c0, 0xe1a0, 0xe1a0, 0xe1a0, 0xe1c0, 0xe1a0, 0xe1a0, 0xe1a0,
  0xe1a0, 0xe1c0, 0xe1c0, 0xe1a0, 0xe1a0, 0xe1c0, 0xe1c0, 0xe1c0,
  0xe1c0, 0xe1c0, 0xe1c0, 0xe1c0, 0xe1c0, 0xe1c0, 0xe1c0, 0xe1c0,
  0xe1c0, 0xe1c0, 0xe1c0, 0xe1c0, 0xe1c0, 0xe1c0, 0xe1c0, 0xe1c0,
  0xe1c0, 0xe1c0, 0xe1c0, 0xe1a0, 0xe1c0, 0xe1c0, 0xe1c0, 0xe1a0,
  0xe1a0, 0xe1c0, 0xe1c0, 0xe1c0, 0xe1c0, 0xe1c0, 0xe1c0, 0xe1c0,
  0xe1c0, 0xe1c0, 0xe1a0, 0xe1a0, 0xd9c0, 0xb1e2, 0x3061, 0xad75,
  0xffff, 0xffff, 0xffff, 0xffff, 0xffff, 0xffff, 0xffff, 0xffff,
  0xdefb, 0xa514, 0x62aa, 0x48e2, 0x70e1, 0xa982, 0xc9c1, 0xd1c0,
  0xc9a0, 0xb180, 0x7941, 0x6aeb, 0xef5d, 0xffff, 0xffff, 0xffff,
  0xffff, 0xffff, 0xffff, 0xffff, 0xffff, 0xf79e, 0x6acb, 0x7101,
  0xc9a1, 0xe1c0, 0xe1a0, 0xe1a0, 0xe1c0, 0xe1a0, 0xe1a0, 0xe1c0,
  0xe1c0, 0xe1c0, 0xe1a0, 0xd1c0, 0xa1c2, 0x4923, 0xbdd6, 0xffff,
  0xffff, 0xffff, 0xffff, 0xffff, 0xffff, 0xffff, 0xffff, 0xffff,
  0xb575, 0x30e3, 0x6901, 0x9940, 0x9940, 0x7101, 0x5185, 0xb575,
  0xffff, 0xffff, 0xffff, 0xffff, 0xffff, 0xffff, 0xffff, 0xffff,
  0xffff, 0xffff, 0xffdf, 0xde9a, 0x61c6, 0xa182, 0xd9c1, 0xe1a0,
  0xe1a0, 0xe1a0, 0xe1a0, 0xd9a0, 0xd1a0, 0xc9a0, 0xa960, 0x8920,
  0x48c1, 0x734c, 0xef5d, 0xffff, 0xffff, 0xffff, 0xffff, 0xffff,
  0xffff, 0xffff, 0xffff, 0xffff, 0xffff, 0xffff, 0xffff, 0xffff,
  0xffff, 0xffff, 0xffff, 0xffff, 0xffff, 0xffff, 0xffff, 0xffff,
  0xef3c, 0x9c92, 0x5a28, 0x48e2, 0x6901, 0x8920, 0x9920, 0xa940,
  0xc180, 0xd1a0, 0xd9a0, 0xd9c0, 0xe1a0, 0xe1a0, 0xe1a0, 0xe1c0,
  0xe1c0, 0xd9a0, 0xd1a0, 0xc180, 0xb960, 0xb160, 0xa960, 0xa960,
  0xb160, 0xb160, 0xb980, 0xc180, 0xc180, 0xc9a0, 0xd1a0, 0xd1a0,
  0xd9c0, 0xd9a0, 0xe1a0, 0xe1a0, 0xe1a0, 0xe1a0, 0xe1c0, 0xe1c0,
  0xe1a0, 0xe1a0, 0xe1a0, 0xe1a0, 0xe1c0, 0xe1c0, 0xe1c0, 0xe1c0,
  0xe1c0, 0xe1c0, 0xe1c0, 0xe1c0, 0xe1a0, 0xe1a0, 0xe1c0, 0xe1c0,
  0xe1c0, 0xe1c0, 0xe1c0, 0xe1c0, 0xe1c0, 0xe1c0, 0xe1c0, 0xe1c0,
  0xe1c0, 0xe1c0, 0xe1c0, 0xe1c0, 0xe1c0, 0xe1c0, 0xe1c0, 0xe1c0,
  0xe1c0, 0xe1a0, 0xe1a0, 0xe1a0, 0xe1a0, 0xe1c0, 0xe1c0, 0xe1a0,
  0xe1a0, 0xe1c0, 0xe1c0, 0xe1a0, 0xe1a0, 0xe1c0, 0xe1c0, 0xe1c0,
  0xe1c0, 0xe1c0, 0xe1c0, 0xe1c0, 0xe1c0, 0xe1c0, 0xe1c0, 0xe1c0,
  0xe1c0, 0xe1c0, 0xe1c0, 0xe1c0, 0xe1c0, 0xe1c0, 0xe1c0, 0xe1c0,
  0xe1c0, 0xe1c0, 0xe1c0, 0xe1a0, 0xe1a0, 0xe1c0, 0xe1c0, 0xe1c0,
  0xe1c0, 0xe1c0, 0xe1c0, 0xe1c0, 0xe1c0, 0xe1c0, 0xe1c0, 0xe1c0,
  0xe1c0, 0xe1c0, 0xe1a0, 0xe1c0, 0xd1c0, 0x8162, 0x3945, 0xef7d,
  0xffff, 0xffff, 0xffff, 0xffff, 0xffff, 0xffff, 0xffff, 0xffff,
  0xffff, 0xf7be, 0xdedb, 0xb595, 0x7b2c, 0x38c2, 0x58c1, 0x9962,
  0xb9c2, 0xb9a1, 0x8161, 0x6228, 0xce79, 0xffff, 0xffff, 0xffff,
  0xffff, 0xffff, 0xffff, 0xffff, 0xffff, 0xffde, 0xa4d3, 0x50c1,
  0xb9a1, 0xd9a0, 0xe1a0, 0xe1c0, 0xe1c0, 0xe1c0, 0xe1c0, 0xe1c0,
  0xe1a0, 0xe1c0, 0xe1a0, 0xc9e1, 0x6942, 0x6b0b, 0xf79e, 0xffff,
  0xffff, 0xffff, 0xffff, 0xffff, 0xffff, 0xffff, 0xffff, 0xef7d,
  0x5248, 0x50c1, 0x9140, 0xa940, 0xa940, 0x9120, 0x5902, 0x6b0c,
  0xf79d, 0xffff, 0xffff, 0xffff, 0xffff, 0xffff, 0xffff, 0xffff,
  0xffff, 0xffff, 0xffff, 0xf79d, 0xa471, 0x60e1, 0xc1a2, 0xe1a0,
  0xe1a0, 0xe1a0, 0xe1a0, 0xe1c0, 0xd9a0, 0xd1a0, 0xb960, 0xa140,
  0x7900, 0x40e2, 0x62cb, 0xd699, 0xffff, 0xffff, 0xffff, 0xffff,
  0xffff, 0xffff, 0xffff, 0xffff, 0xffff, 0xffff, 0xffff, 0xffff,
  0xffff, 0xffff, 0xffff, 0xffff, 0xffff, 0xffdf, 0xdefb, 0x8c71,
  0x5249, 0x4923, 0x60e1, 0x7900, 0x8920, 0xa140, 0xb160, 0xc180,
  0xd1a0, 0xd9a0, 0xd9a0, 0xe1a0, 0xe1a0, 0xe1a0, 0xe1a0, 0xe1c0,
  0xe1c0, 0xd9a0, 0xd9a0, 0xd1a0, 0xc180, 0xc180, 0xc180, 0xc1a0,
  0xc9a0, 0xc9a0, 0xd1a0, 0xd1a0, 0xd1a0, 0xd9a0, 0xd9c0, 0xd9c0,
  0xe1c0, 0xe1c0, 0xe1c0, 0xe1a0, 0xe1c0, 0xe1c0, 0xe1c0, 0xe1a0,
  0xe1a0, 0xe1a0, 0xe1a0, 0xe1a0, 0xe1c0, 0xe1c0, 0xe1c0, 0xe1c0,
  0xe1c0, 0xe1c0, 0xe1c0, 0xe1c0, 0xe1c0, 0xe1c0, 0xe1c0, 0xe1c0,
  0xe1c0, 0xe1c0, 0xe1c0, 0xe1c0, 0xe1c0, 0xe1c0, 0xe1c0, 0xe1c0,
  0xe1c0, 0xe1c0, 0xe1c0, 0xe1c0, 0xe1c0, 0xe1c0, 0xe1c0, 0xe1c0,
  0xe1c0, 0xe1a0, 0xe1a0, 0xe1a0, 0xe1a0, 0xe1c0, 0xe1c0, 0xe1c0,
  0xe1c0, 0xe1c0, 0xe1c0, 0xe1c0, 0xe1c0, 0xe1c0, 0xe1c0, 0xe1c0,
  0xe1c0, 0xe1c0, 0xe1c0, 0xe1c0, 0xe1c0, 0xe1c0, 0xe1c0, 0xe1c0,
  0xe1c0, 0xe1c0, 0xe1c0, 0xe1c0, 0xe1c0, 0xe1c0, 0xe1c0, 0xe1c0,
  0xe1c0, 0xe1c0, 0xe1c0, 0xe1c0, 0xe1c0, 0xe1c0, 0xe1c0, 0xe1c0,
  0xe1c0, 0xe1c0, 0xe1c0, 0xe1c0, 0xe1c0, 0xe1c0, 0xe1c0, 0xe1c0,
  0xe1c0, 0xe1c0, 0xe1a0, 0xd9c0, 0xc1c2, 0x48a1, 0x8c50, 0xffff,
  0xffff, 0xffff, 0xffff, 0xffff, 0xffff, 0xffff, 0xffff, 0xffff,
  0xffff, 0xffff, 0xffff, 0xffdf, 0xe73c, 0xce58, 0x9c92, 0x51c6,
  0x48a1, 0x6922, 0x6943, 0x4985, 0xad55, 0xffff, 0xffff, 0xffff,
  0xffff, 0xffff, 0xffff, 0xffff, 0xffff, 0xffff, 0xce38, 0x38a1,
  0xa982, 0xd9a0, 0xe1a0, 0xe1a0, 0xe1c0, 0xe1c0, 0xe1c0, 0xe1c0,
  0xe1a0, 0xe1a0, 0xd9c0, 0xa1a2, 0x3903, 0xd699, 0xffff, 0xffff,
  0xffff, 0xffff, 0xffff, 0xffff, 0xffff, 0xffff, 0xffff, 0xa514,
  0x3903, 0x7901, 0xa960, 0xb960, 0xb960, 0xa140, 0x7900, 0x59c6,
  0xbdd7, 0xffff, 0xffff, 0xffff, 0xffff, 0xffff, 0xffff, 0xffff,
  0xffff, 0xffff, 0xffff, 0xffff, 0xde9a, 0x6227, 0x9142, 0xd1c1,
  0xe1a0, 0xe1a0, 0xe1a0, 0xe1a0, 0xd9a0, 0xd1a0, 0xc980, 0xb160,
  0x9920, 0x7101, 0x48e2, 0x41a6, 0x8c51, 0xf79e, 0xffff, 0xffff,
  0xffff, 0xffff, 0xffff, 0xffff, 0xffff, 0xffff, 0xffff, 0xffff,
  0xffff, 0xffff, 0xffff, 0xf7de, 0xce79, 0x7bae, 0x41a6, 0x38e3,
  0x48c1, 0x68e0, 0x8100, 0x9120, 0xa140, 0xb960, 0xc980, 0xd1a0,
  0xd9a0, 0xe1a0, 0xe1a0, 0xe1a0, 0xe1a0, 0xe1a0, 0xe1a0, 0xe1c0,
  0xe1c0, 0xe1a0, 0xd9a0, 0xd9a0, 0xd1a0, 0xd1a0, 0xd1a0, 0xd9a0,
  0xd9a0, 0xd9a0, 0xe1a0, 0xe1c0, 0xe1c0, 0xe1c0, 0xe1c0, 0xe1c0,
  0xe1c0, 0xe1c0, 0xe1c0, 0xe1a0, 0xe1c0, 0xe1c0, 0xe1c0, 0xe1c0,
  0xe1a0, 0xe1a0, 0xe1a0, 0xe1c0, 0xe1c0, 0xe1c0, 0xe1c0, 0xe1c0,
  0xe1c0, 0xe1c0, 0xe1c0, 0xe1c0, 0xe1c0, 0xe1c0, 0xe1c0, 0xe1c0,
  0xe1c0, 0xe1c0, 0xe1c0, 0xe1c0, 0xe1c0, 0xe1c0, 0xe1c0, 0xe1c0,
  0xe1c0, 0xe1c0, 0xe1c0, 0xe1c0, 0xe1c0, 0xe1c0, 0xe1c0, 0xe1c0,
  0xe1c0, 0xe1c0, 0xe1c0, 0xe1c0, 0xe1c0, 0xe1c0, 0xe1c0, 0xe1c0,
  0xe1c0, 0xe1c0, 0xe1c0, 0xe1c0, 0xe1c0, 0xe1c0, 0xe1c0, 0xe1c0,
  0xe1c0, 0xe1c0, 0xe1c0, 0xe1c0, 0xe1c0, 0xe1c0, 0xe1c0, 0xe1c0,
  0xe1c0, 0xe1c0, 0xe1c0, 0xe1c0, 0xe1c0, 0xe1c0, 0xe1c0, 0xe1c0,
  0xe1c0, 0xe1c0, 0xe1c0, 0xe1c0, 0xe1c0, 0xe1c0, 0xe1c0, 0xe1c0,
  0xe1c0, 0xe1c0, 0xe1c0, 0xe1c0, 0xe1c0, 0xe1c0, 0xe1c0, 0xe1c0,
  0xe1c0, 0xe1c0, 0xe1c0, 0xd9c0, 0x9982, 0x2861, 0xe73c, 0xffff,
  0xffff, 0xffff, 0xffff, 0xffff, 0xffff, 0xffff, 0xffff, 0xffff,
  0xffff, 0xffff, 0xffff, 0xffff, 0xffff, 0xffff, 0xf79e, 0xdefb,
  0xad14, 0x5207, 0x2061, 0x1881, 0x8430, 0xf7be, 0xffff, 0xffff,
  0xffff, 0xffff, 0xffff, 0xffff, 0xffff, 0xffff, 0xe6fc, 0x4985,
  0x9141, 0xd1a0, 0xe1a0, 0xe1a0, 0xe1c0, 0xe1c0, 0xe1c0, 0xe1a0,
  0xe1a0, 0xe1a0, 0xc9e2, 0x60e2, 0x7bce, 0xffdf, 0xffff, 0xffff,
  0xffff, 0xffff, 0xffff, 0xffff, 0xffff, 0xffff, 0xef7d, 0x5248,
  0x5901, 0x9940, 0xb160, 0xc180, 0xc180, 0xb160, 0x9140, 0x5922,
  0x7b8d, 0xf7be, 0xffff, 0xffff, 0xffff, 0xffff, 0xffff, 0xffff,
  0xffff, 0xffff, 0xffff, 0xffff, 0xf79e, 0xa492, 0x50c1, 0xb9a2,
  0xe1c0, 0xe1a0, 0xe1a0, 0xe1a0, 0xe1a0, 0xd9a0, 0xd1a0, 0xc180,
  0xa960, 0x9140, 0x7900, 0x60e1, 0x4923, 0x49e7, 0x7bcf, 0xce59,
  0xf77d, 0xffdf, 0xffff, 0xffff, 0xffff, 0xffff, 0xffdf, 0xf7be,
  0xe73c, 0xb596, 0x73ae, 0x41e7, 0x3924, 0x4102, 0x58e1, 0x68e1,
  0x7900, 0x8920, 0x9940, 0xa960, 0xb980, 0xc9a0, 0xd1a0, 0xd9a0,
  0xe1a0, 0xe1a0, 0xe1a0, 0xe1a0, 0xe1a0, 0xe1a0, 0xe1a0, 0xe1c0,
  0xe1c0, 0xe1c0, 0xe1a0, 0xe1a0, 0xe1a0, 0xd9a0, 0xd9a0, 0xe1a0,
  0xe1a0, 0xe1c0, 0xe1c0, 0xe1c0, 0xe1a0, 0xe1a0, 0xe1a0, 0xe1a0,
  0xe1a0, 0xe1a0, 0xe1c0, 0xe1c0, 0xe1c0, 0xe1c0, 0xe1c0, 0xe1c0,
  0xe1c0, 0xe1c0, 0xe1c0, 0xe1c0, 0xe1c0, 0xe1c0, 0xe1c0, 0xe1c0,
  0xe1c0, 0xe1c0, 0xe1c0, 0xe1c0, 0xe1c0, 0xe1c0, 0xe1c0, 0xe1c0,
  0xe1c0, 0xe1c0, 0xe1c0, 0xe1c0, 0xe1c0, 0xe1c0, 0xe1c0, 0xe1c0,
  0xe1c0, 0xe1c0, 0xe1c0, 0xe1c0, 0xe1c0, 0xe1c0, 0xe1c0, 0xe1c0,
  0xe1c0, 0xe1c0, 0xe1c0, 0xe1c0, 0xe1c0, 0xe1c0, 0xe1c0, 0xe1c0,
  0xe1c0, 0xe1c0, 0xe1c0, 0xe1c0, 0xe1c0, 0xe1c0, 0xe1c0, 0xe1c0,
  0xe1c0, 0xe1c0, 0xe1c0, 0xe1c0, 0xe1c0, 0xe1c0, 0xe1c0, 0xe1c0,
  0xe1c0, 0xe1c0, 0xe1c0, 0xe1c0, 0xe1c0, 0xe1c0, 0xe1c0, 0xe1c0,
  0xe1c0, 0xe1c0, 0xe1c0, 0xe1c0, 0xe1c0, 0xe1c0, 0xe1c0, 0xe1c0,
  0xe1c0, 0xe1c0, 0xe1c0, 0xe1c0, 0xe1c0, 0xe1c0, 0xe1c0, 0xe1a0,
  0xe1a0, 0xe1a0, 0xd9a0, 0xc9c1, 0x6902, 0x6aeb, 0xffff, 0xffff,
  0xffff, 0xffff, 0xffff, 0xffff, 0xffff, 0xffff, 0xffff, 0xffff,
  0xffff, 0xffff, 0xffff, 0xffff, 0xffff, 0xffff, 0xffff, 0xffff,
  0xffdf, 0xef5d, 0xbdf7, 0x5aeb, 0x6b6d, 0xe71c, 0xffff, 0xffff,
  0xffff, 0xffff, 0xffff, 0xffff, 0xffff, 0xffff, 0xef7d, 0x732c,
  0x68e1, 0xc1a0, 0xe1a0, 0xe1a0, 0xe1c0, 0xe1c0, 0xe1c0, 0xe1a0,
  0xd9a0, 0xd9a0, 0xa1a3, 0x38e3, 0xef5c, 0xffff, 0xffff, 0xffff,
  0xffff, 0xffff, 0xffff, 0xffff, 0xffff, 0xffff, 0xa4f3, 0x4923,
  0x8921, 0xa960, 0xc180, 0xc980, 0xc980, 0xc180, 0xa960, 0x7101,
  0x5a28, 0xd699, 0xffff, 0xffff, 0xffff, 0xffff, 0xffff, 0xffff,
  0xffff, 0xffff, 0xffff, 0xffff, 0xffff, 0xd679, 0x6248, 0x8121,
  0xd1c0, 0xe1a0, 0xe1a0, 0xe1a0, 0xe1a0, 0xe1a0, 0xd9a0, 0xd1a0,
  0xb960, 0xa940, 0x9940, 0x8120, 0x7100, 0x58e1, 0x40e2, 0x30e3,
  0x2904, 0x2945, 0x3165, 0x3165, 0x3165, 0x3165, 0x3145, 0x2924,
  0x28c2, 0x38c2, 0x40c1, 0x50e1, 0x6901, 0x7100, 0x8100, 0x8900,
  0x9920, 0xa140, 0xb160, 0xc180, 0xd1a0, 0xd9a0, 0xd9a0, 0xe1a0,
  0xe1a0, 0xe1a0, 0xe1a0, 0xe1a0, 0xe1a0, 0xe1a0, 0xe1a0, 0xe1c0,
  0xe1c0, 0xe1c0, 0xe1a0, 0xe1a0, 0xe1c0, 0xe1c0, 0xe1c0, 0xe1c0,
  0xe1c0, 0xe1c0, 0xe1a0, 0xe1a0, 0xe1a0, 0xe1a0, 0xe1a0, 0xe1a0,
  0xe1a0, 0xe1a0, 0xe1a0, 0xe1c0, 0xe1c0, 0xe1c0, 0xe1c0, 0xe1c0,
  0xe1c0, 0xe1c0, 0xe1c0, 0xe1c0, 0xe1c0, 0xe1c0, 0xe1c0, 0xe1c0,
  0xe1c0, 0xe1c0, 0xe1c0, 0xe1c0, 0xe1c0, 0xe1c0, 0xe1c0, 0xe1c0,
  0xe1c0, 0xe1c0, 0xe1c0, 0xe1c0, 0xe1c0, 0xe1c0, 0xe1c0, 0xe1c0,
  0xe1c0, 0xe1c0, 0xe1c0, 0xe1a0, 0xe1a0, 0xe1a0, 0xe1c0, 0xe1c0,
  0xe1c0, 0xe1c0, 0xe1c0, 0xe1c0, 0xe1c0, 0xe1c0, 0xe1c0, 0xe1c0,
  0xe1c0, 0xe1c0, 0xe1c0, 0xe1c0, 0xe1c0, 0xe1c0, 0xe1c0, 0xe1c0,
  0xe1c0, 0xe1c0, 0xe1c0, 0xe1c0, 0xe1c0, 0xe1c0, 0xe1c0, 0xe1c0,
  0xe1c0, 0xe1c0, 0xe1c0, 0xe1c0, 0xe1c0, 0xe1c0, 0xe1c0, 0xe1c0,
  0xe1c0, 0xe1c0, 0xe1c0, 0xe1c0, 0xe1c0, 0xe1c0, 0xe1c0, 0xe1c0,
  0xe1c0, 0xe1c0, 0xe1c0, 0xe1c0, 0xe1c0, 0xe1c0, 0xe1c0, 0xe1a0,
  0xe1a0, 0xe1c0, 0xd9c0, 0xb1c2, 0x38a1, 0xc617, 0xffff, 0xffff,
  0xffff, 0xffff, 0xffff, 0xffff, 0xffff, 0xffff, 0xffff, 0xffff,
  0xffff, 0xffff, 0xffff, 0xffff, 0xffff, 0xffff, 0xffff, 0xffff,
  0xffff, 0xffff, 0xffff, 0xf7be, 0xef7d, 0xf7be, 0xffff, 0xffff,
  0xffff, 0xffff, 0xffff, 0xffff, 0xffff, 0xffff, 0xf7be, 0xa4f3,
  0x48a1, 0xb9a2, 0xd9a0, 0xe1a0, 0xe1c0, 0xe1c0, 0xe1c0, 0xe1a0,
  0xd9a0, 0xc1e2, 0x50c1, 0xad13, 0xffff, 0xffff, 0xffff, 0xffff,
  0xffff, 0xffff, 0xffff, 0xffff, 0xffff, 0xef7d, 0x5248, 0x60e1,
  0xa141, 0xb960, 0xc980, 0xd9a0, 0xd9a0, 0xc980, 0xb960, 0x8941,
  0x5123, 0x9cb2, 0xffdf, 0xffff, 0xffff, 0xffff, 0xffff, 0xffff,
  0xffff, 0xffff, 0xffff, 0xffff, 0xffff, 0xf7be, 0xacf3, 0x58e2,
  0xb9c1, 0xd9c0, 0xe1a0, 0xe1a0, 0xe1a0, 0xe1a0, 0xe1a0, 0xd9a0,
  0xd180, 0xc160, 0xb140, 0xa120, 0x9100, 0x8100, 0x7900, 0x68e1,
  0x6101, 0x5901, 0x58e1, 0x50e1, 0x50e1, 0x50e1, 0x50e1, 0x58e1,
  0x6101, 0x7100, 0x7900, 0x8100, 0x8900, 0x9120, 0x9940, 0xa960,
  0xb160, 0xb980, 0xc9a0, 0xd1a0, 0xd9a0, 0xe1a0, 0xe1a0, 0xe1c0,
  0xe1c0, 0xe1c0, 0xe1a0, 0xe1a0, 0xe1a0, 0xe1a0, 0xe1c0, 0xe1c0,
  0xe1c0, 0xe1c0, 0xe1c0, 0xe1c0, 0xe1c0, 0xe1c0, 0xe1c0, 0xe1c0,
  0xe1c0, 0xe1c0, 0xe1a0, 0xe1a0, 0xe1a0, 0xe1a0, 0xe1c0, 0xe1c0,
  0xe1c0, 0xe1c0, 0xe1c0, 0xe1c0, 0xe1c0, 0xe1c0, 0xe1c0, 0xe1c0,
  0xe1c0, 0xe1c0, 0xe1c0, 0xe1c0, 0xe1c0, 0xe1c0, 0xe1c0, 0xe1c0,
  0xe1c0, 0xe1c0, 0xe1c0, 0xe1c0, 0xe1c0, 0xe1c0, 0xe1c0, 0xe1c0,
  0xe1c0, 0xe1c0, 0xe1c0, 0xe1c0, 0xe1c0, 0xe1c0, 0xe1c0, 0xe1c0,
  0xe1c0, 0xe1c0, 0xe1c0, 0xe1c0, 0xe1c0, 0xe1c0, 0xe1c0, 0xe1c0,
  0xe1c0, 0xe1c0, 0xe1c0, 0xe1c0, 0xe1c0, 0xe1c0, 0xe1c0, 0xe1c0,
  0xe1c0, 0xe1c0, 0xe1c0, 0xe1c0, 0xe1c0, 0xe1c0, 0xe1c0, 0xe1c0,
  0xe1c0, 0xe1c0, 0xe1c0, 0xe1c0, 0xe1c0, 0xe1c0, 0xe1c0, 0xe1c0,
  0xe1c0, 0xe1c0, 0xe1c0, 0xe1c0, 0xe1c0, 0xe1c0, 0xe1a0, 0xe1a0,
  0xe1c0, 0xe1c0, 0xe1c0, 0xe1c0, 0xe1c0, 0xe1c0, 0xe1c0, 0xe1c0,
  0xe1c0, 0xe1c0, 0xe1c0, 0xe1c0, 0xe1c0, 0xe1c0, 0xe1c0, 0xe1c0,
  0xe1c0, 0xd9c0, 0xd1e1, 0x8142, 0x6289, 0xf79e, 0xffff, 0xffff,
  0xffff, 0xffff, 0xffff, 0xffff, 0xffff, 0xffdf, 0xf79e, 0xffdf,
  0xffff, 0xffff, 0xffff, 0xffff, 0xffff, 0xffff, 0xffff, 0xffff,
  0xffff, 0xffff, 0xffff, 0xffff, 0xffff, 0xffff, 0xffff, 0xffff,
  0xffff, 0xffff, 0xffff, 0xffff, 0xffff, 0xffff, 0xffff, 0xce59,
  0x5164, 0xa182, 0xd9a0, 0xe1a0, 0xe1c0, 0xe1c0, 0xe1c0, 0xe1a0,
  0xc9a1, 0x8142, 0x5a28, 0xf7be, 0xffff, 0xffff, 0xffff, 0xffff,
  0xffff, 0xffff, 0xffff, 0xffff, 0xffdf, 0x9492, 0x4944, 0x8921,
  0xb160, 0xc180, 0xd1a0, 0xd9a0, 0xd9c0, 0xd1a0, 0xc180, 0xa160,
  0x60e1, 0x6aca, 0xdeba, 0xffff, 0xffff, 0xffff, 0xffff, 0xffff,
  0xffff, 0xffff, 0xffff, 0xffff, 0xffff, 0xffff, 0xdeda, 0x7b0b,
  0x9162, 0xd1c1, 0xe1a0, 0xe1a0, 0xe1c0, 0xe1a0, 0xe1a0, 0xe1a0,
  0xd9a0, 0xd180, 0xc180, 0xb960, 0xa940, 0x9920, 0x9120, 0x8900,
  0x8900, 0x8100, 0x8100, 0x8100, 0x8100, 0x8100, 0x8100, 0x8100,
  0x8900, 0x8920, 0x9120, 0x9920, 0xa140, 0xa940, 0xb160, 0xc180,
  0xc9a0, 0xc9a0, 0xd9a0, 0xe1a0, 0xe1a0, 0xe1a0, 0xe1a0, 0xe1a0,
  0xe1c0, 0xe1a0, 0xe1a0, 0xe1a0, 0xe1a0, 0xe1a0, 0xe1c0, 0xe1c0,
  0xe1c0, 0xe1a0, 0xe1a0, 0xe1a0, 0xe1a0, 0xe1c0, 0xe1c0, 0xe1c0,
  0xe1a0, 0xe1a0, 0xe1a0, 0xe1a0, 0xe1a0, 0xe1a0, 0xe1a0, 0xe1a0,
  0xe1a0, 0xe1c0, 0xe1c0, 0xe1c0, 0xe1c0, 0xe1c0, 0xe1c0, 0xe1c0,
  0xe1c0, 0xe1c0, 0xe1c0, 0xe1c0, 0xe1c0, 0xe1c0, 0xe1c0, 0xe1c0,
  0xe1c0, 0xe1c0, 0xe1a0, 0xe1c0, 0xe1a0, 0xe1a0, 0xe1a0, 0xe1c0,
  0xe1c0, 0xe1c0, 0xe1c0, 0xe1c0, 0xe1c0, 0xe1c0, 0xe1c0, 0xe1c0,
  0xe1c0, 0xe1c0, 0xe1c0, 0xe1c0, 0xe1c0, 0xe1c0, 0xe1c0, 0xe1c0,
  0xe1c0, 0xe1c0, 0xe1c0, 0xe1c0, 0xe1c0, 0xe1c0, 0xe1c0, 0xe1c0,
  0xe1c0, 0xe1c0, 0xe1c0, 0xe1c0, 0xe1c0, 0xe1c0, 0xe1c0, 0xe1c0,
  0xe1c0, 0xe1c0, 0xe1c0, 0xe1c0, 0xe1c0, 0xe1c0, 0xe1c0, 0xe1c0,
  0xe1c0, 0xe1c0, 0xe1c0, 0xe1c0, 0xe1c0, 0xe1c0, 0xe1c0, 0xe1c0,
  0xe1c0, 0xe1c0, 0xe1c0, 0xe1c0, 0xe1c0, 0xe1c0, 0xe1c0, 0xe1c0,
  0xe1c0, 0xe1c0, 0xe1c0, 0xe1c0, 0xe1c0, 0xe1c0, 0xe1c0, 0xe1c0,
  0xe1c0, 0xd9c0, 0xb9c1, 0x58e2, 0xad14, 0xffdf, 0xffff, 0xffff,
  0xffff, 0xffff, 0xffff, 0xffff, 0xffff, 0xce59, 0x9471, 0xb596,
  0xdedb, 0xf79e, 0xffff, 0xffff, 0xffff, 0xffff, 0xffff, 0xffff,
  0xffff, 0xffff, 0xffff, 0xffff, 0xffff, 0xffff, 0xffff, 0xffff,
  0xffff, 0xffff, 0xffff, 0xffff, 0xffff, 0xffff, 0xffff, 0xdefb,
  0x6269, 0x8941, 0xd1c0, 0xe1a0, 0xe1a0, 0xe1a0, 0xe1c0, 0xd9c0,
  0xa9c2, 0x48e2, 0xc5f7, 0xffff, 0xffff, 0xffff, 0xffff, 0xffff,
  0xffff, 0xffff, 0xffff, 0xffff, 0xdefb, 0x5249, 0x58c1, 0x9940,
  0xb960, 0xc9a0, 0xd9c0, 0xd9c0, 0xd9c0, 0xd9a0, 0xc980, 0xb960,
  0x8921, 0x5144, 0xa513, 0xffde, 0xffff, 0xffff, 0xffff, 0xffff,
  0xffff, 0xffff, 0xffff, 0xffff, 0xffff, 0xffff, 0xf79d, 0xacd2,
  0x7143, 0xc1a1, 0xe1a0, 0xe1a0, 0xe1c0, 0xe1c0, 0xe1a0, 0xe1a0,
  0xe1a0, 0xd9a0, 0xd1c0, 0xc9a0, 0xc180, 0xb960, 0xb140, 0xa140,
  0xa140, 0x9940, 0x9940, 0x9940, 0x9940, 0x9940, 0x9940, 0xa140,
  0xa140, 0xa160, 0xa960, 0xb160, 0xb980, 0xc180, 0xc9a0, 0xd1a0,
  0xd1a0, 0xd9c0, 0xe1c0, 0xe1a0, 0xe1a0, 0xe1a0, 0xe1a0, 0xe1a0,
  0xe1c0, 0xe1a0, 0xe1a0, 0xe1a0, 0xe1c0, 0xe1c0, 0xe1c0, 0xe1c0,
  0xe1c0, 0xe1a0, 0xe1a0, 0xe1a0, 0xe1a0, 0xe1c0, 0xe1c0, 0xe1c0,
  0xe1a0, 0xe1a0, 0xe1a0, 0xe1a0, 0xe1a0, 0xe1a0, 0xe1c0, 0xe1a0,
  0xe1a0, 0xe1c0, 0xe1c0, 0xe1c0, 0xe1c0, 0xe1c0, 0xe1c0, 0xe1c0,
  0xe1c0, 0xe1c0, 0xe1c0, 0xe1c0, 0xe1c0, 0xe1c0, 0xe1c0, 0xe1c0,
  0xe1c0, 0xe1c0, 0xe1c0, 0xe1c0, 0xe1a0, 0xe1a0, 0xe1a0, 0xe1c0,
  0xe1c0, 0xe1c0, 0xe1c0, 0xe1c0, 0xe1c0, 0xe1c0, 0xe1c0, 0xe1c0,
  0xe1c0, 0xe1c0, 0xe1c0, 0xe1c0, 0xe1c0, 0xe1c0, 0xe1c0, 0xe1c0,
  0xe1c0, 0xe1c0, 0xe1c0, 0xe1c0, 0xe1c0, 0xe1c0, 0xe1c0, 0xe1c0,
  0xe1c0, 0xe1c0, 0xe1c0, 0xe1c0, 0xe1c0, 0xe1c0, 0xe1c0, 0xe1c0,
  0xe1c0, 0xe1c0, 0xe1c0, 0xe1c0, 0xe1c0, 0xe1c0, 0xe1c0, 0xe1c0,
  0xe1c0, 0xe1c0, 0xe1c0, 0xe1c0, 0xe1c0, 0xe1c0, 0xe1c0, 0xe1c0,
  0xe1c0, 0xe1c0, 0xe1c0, 0xe1c0, 0xe1c0, 0xe1c0, 0xe1c0, 0xe1c0,
  0xe1c0, 0xe1c0, 0xe1c0, 0xe1c0, 0xe1c0, 0xe1c0, 0xe1a0, 0xe1a0,
  0xe1c0, 0xd1c0, 0x9982, 0x51a6, 0xdefb, 0xffff, 0xffff, 0xffff,
  0xffff, 0xffff, 0xffff, 0xffff, 0xf7be, 0x9471, 0x28e3, 0x30a2,
  0x5207, 0x9cb2, 0xc638, 0xe73c, 0xf7bf, 0xffff, 0xffff, 0xffff,
  0xffff, 0xffff, 0xffff, 0xffff, 0xffff, 0xffff, 0xffff, 0xffff,
  0xffff, 0xffff, 0xffff, 0xffff, 0xffff, 0xffff, 0xffff, 0xef5d,
  0x83ce, 0x7102, 0xc9c1, 0xe1a0, 0xe1a0, 0xe1a0, 0xd9c0, 0xc1c1,
  0x6922, 0x72eb, 0xf79d, 0xffff, 0xffff, 0xffff, 0xffff, 0xffff,
  0xffff, 0xffff, 0xffff, 0xf7be, 0x9492, 0x4944, 0x7100, 0xa940,
  0xc180, 0xd1a0, 0xd9c0, 0xe1a0, 0xe1c0, 0xd9c0, 0xd1a0, 0xc160,
  0xa140, 0x58c1, 0x7b4c, 0xe71b, 0xffff, 0xffff, 0xffff, 0xffff,
  0xffff, 0xf7be, 0xe73c, 0xdedb, 0xce38, 0xbdd7, 0xad13, 0x7b2c,
  0x6102, 0xa941, 0xd9a0, 0xe1a0, 0xe1c0, 0xe1c0, 0xe1a0, 0xe1a0,
  0xe1a0, 0xe1a0, 0xd9a0, 0xd9a0, 0xd1a0, 0xc9a0, 0xc180, 0xc180,
  0xb980, 0xb980, 0xb180, 0xb160, 0xb160, 0xb160, 0xb160, 0xb980,
  0xb980, 0xc180, 0xc180, 0xc9a0, 0xd1a0, 0xd1a0, 0xd9a0, 0xd9a0,
  0xe1c0, 0xe1c0, 0xe1c0, 0xe1c0, 0xe1c0, 0xe1c0, 0xe1c0, 0xe1c0,
  0xe1c0, 0xe1c0, 0xe1c0, 0xe1c0, 0xe1c0, 0xe1c0, 0xe1c0, 0xe1c0,
  0xe1c0, 0xe1c0, 0xe1c0, 0xe1c0, 0xe1c0, 0xe1c0, 0xe1c0, 0xe1c0,
  0xe1a0, 0xe1a0, 0xe1a0, 0xe1a0, 0xe1a0, 0xe1c0, 0xe1c0, 0xe1c0,
  0xe1c0, 0xe1c0, 0xe1c0, 0xe1c0, 0xe1c0, 0xe1c0, 0xe1c0, 0xe1c0,
  0xe1c0, 0xe1c0, 0xe1c0, 0xe1c0, 0xe1c0, 0xe1c0, 0xe1c0, 0xe1c0,
  0xe1c0, 0xe1c0, 0xe1c0, 0xe1c0, 0xe1c0, 0xe1a0, 0xe1a0, 0xe1c0,
  0xe1c0, 0xe1c0, 0xe1c0, 0xe1c0, 0xe1c0, 0xe1c0, 0xe1c0, 0xe1c0,
  0xe1c0, 0xe1c0, 0xe1c0, 0xe1c0, 0xe1c0, 0xe1c0, 0xe1c0, 0xe1c0,
  0xe1c0, 0xe1c0, 0xe1c0, 0xe1c0, 0xe1c0, 0xe1c0, 0xe1c0, 0xe1c0,
  0xe1c0, 0xe1c0, 0xe1c0, 0xe1c0, 0xe1c0, 0xe1c0, 0xe1c0, 0xe1c0,
  0xe1c0, 0xe1c0, 0xe1c0, 0xe1c0, 0xe1c0, 0xe1c0, 0xe1c0, 0xe1c0,
  0xe1c0, 0xe1c0, 0xe1c0, 0xe1c0, 0xe1c0, 0xe1c0, 0xe1c0, 0xe1c0,
  0xe1c0, 0xe1c0, 0xe1c0, 0xe1c0, 0xe1c0, 0xe1c0, 0xe1c0, 0xe1c0,
  0xe1c0, 0xe1c0, 0xe1c0, 0xe1c0, 0xe1c0, 0xe1c0, 0xe1a0, 0xe1a0,
  0xd9c0, 0xc1e1, 0x6101, 0x83ce, 0xf77d, 0xffff, 0xffff, 0xffff,
  0xffff, 0xffff, 0xffff, 0xffff, 0xdefb, 0x6acb, 0x48c1, 0x6921,
  0x6101, 0x40c1, 0x3923, 0x7b6d, 0xad34, 0xce59, 0xef7d, 0xffff,
  0xffff, 0xffff, 0xffff, 0xffff, 0xffff, 0xffff, 0xffff, 0xffff,
  0xffff, 0xffff, 0xffff, 0xffff, 0xffff, 0xffff, 0xffff, 0xf7be,
  0xad34, 0x50e1, 0xb9a1, 0xd9a0, 0xe1a0, 0xe1a0, 0xd1a0, 0x9162,
  0x4103, 0xc5f7, 0xffdf, 0xffff, 0xffff, 0xffff, 0xffff, 0xffff,
  0xffff, 0xffff, 0xffff, 0xd6ba, 0x5a89, 0x50c1, 0x9120, 0xb160,
  0xc980, 0xd9a0, 0xe1a0, 0xe1a0, 0xe1c0, 0xd9c0, 0xd9a0, 0xc980,
  0xb160, 0x8100, 0x5984, 0xb575, 0xf7be, 0xef7d, 0xdefb, 0xce38,
  0xbdb6, 0xa513, 0x7bae, 0x5a89, 0x3123, 0x30c2, 0x48c1, 0x6101,
  0x8941, 0xb160, 0xd1a0, 0xe1a0, 0xe1c0, 0xe1a0, 0xe1a0, 0xe1a0,
  0xe9c0, 0xe1c0, 0xe1c0, 0xe1c0, 0xe1a0, 0xd9a0, 0xd9a0, 0xd1a0,
  0xd1a0, 0xd1a0, 0xc9a0, 0xc9a0, 0xc9a0, 0xc9a0, 0xc9a0, 0xd1a0,
  0xd1a0, 0xd1a0, 0xd9a0, 0xd9a0, 0xd9a0, 0xd9a0, 0xe1a0, 0xe1a0,
  0xe1c0, 0xe1a0, 0xe1a0, 0xe1c0, 0xe1c0, 0xe1c0, 0xe1c0, 0xe1c0,
  0xe1c0, 0xe1c0, 0xe1c0, 0xe1c0, 0xe1c0, 0xe1c0, 0xe1c0, 0xe1c0,
  0xe1c0, 0xe1c0, 0xe1c0, 0xe1c0, 0xe1c0, 0xe1c0, 0xe1c0, 0xe1c0,
  0xe1c0, 0xe1c0, 0xe1a0, 0xe1a0, 0xe1a0, 0xe1c0, 0xe1c0, 0xe1c0,
  0xe1c0, 0xe1c0, 0xe1c0, 0xe1c0, 0xe1c0, 0xe1c0, 0xe1c0, 0xe1c0,
  0xe1c0, 0xe1c0, 0xe1c0, 0xe1c0, 0xe1c0, 0xe1c0, 0xe1c0, 0xe1c0,
  0xe1c0, 0xe1c0, 0xe1c0, 0xe1c0, 0xe1c0, 0xe1a0, 0xe1a0, 0xe1c0,
  0xe1c0, 0xe1c0, 0xe1c0, 0xe1c0, 0xe1c0, 0xe1c0, 0xe1c0, 0xe1c0,
  0xe1c0, 0xe1c0, 0xe1c0, 0xe1c0, 0xe1c0, 0xe1c0, 0xe1c0, 0xe1c0,
  0xe1c0, 0xe1c0, 0xe1c0, 0xe1c0, 0xe1c0, 0xe1c0, 0xe1c0, 0xe1c0,
  0xe1c0, 0xe1c0, 0xe1c0, 0xe1c0, 0xe1c0, 0xe1c0, 0xe1c0, 0xe1c0,
  0xe1c0, 0xe1c0, 0xe1c0, 0xe1c0, 0xe1c0, 0xe1c0, 0xe1c0, 0xe1c0,
  0xe1c0, 0xe1c0, 0xe1c0, 0xe1c0, 0xe1c0, 0xe1c0, 0xe1c0, 0xe1c0,
  0xe1c0, 0xe1c0, 0xe1c0, 0xe1c0, 0xe1c0, 0xe1c0, 0xe1c0, 0xe1c0,
  0xe1c0, 0xe1c0, 0xe1c0, 0xe1c0, 0xe1c0, 0xe1c0, 0xe1c0, 0xe1c0,
  0xd9c0, 0xa1a2, 0x4943, 0xc5f7, 0xffde, 0xffff, 0xffff, 0xffff,
  0xffff, 0xffff, 0xffff, 0xffff, 0xbdb6, 0x4985, 0x68e1, 0x8940,
  0x8940, 0x8141, 0x6101, 0x48c0, 0x38c2, 0x51e7, 0x8c30, 0xad75,
  0xd69a, 0xf7be, 0xffff, 0xffff, 0xffff, 0xffff, 0xffff, 0xffff,
  0xffff, 0xffff, 0xffff, 0xffff, 0xffff, 0xffff, 0xffff, 0xffff,
  0xce38, 0x5985, 0xa181, 0xd9c0, 0xe1a0, 0xe1a0, 0xc1a2, 0x60e1,
  0x7b4d, 0xef7d, 0xffff, 0xffff, 0xffff, 0xffff, 0xffff, 0xffff,
  0xffff, 0xffff, 0xf7be, 0x9cb2, 0x4944, 0x6900, 0xa140, 0xb980,
  0xd1a0, 0xd9a0, 0xe1a0, 0xe1a0, 0xe1c0, 0xe1c0, 0xd9a0, 0xd1a0,
  0xc180, 0xa160, 0x6101, 0x7b2c, 0xa4d3, 0x9430, 0x7b4c, 0x51e7,
  0x4123, 0x40e2, 0x40a1, 0x40a0, 0x50c0, 0x6101, 0x7921, 0x9140,
  0xa960, 0xc160, 0xd1a0, 0xd9a0, 0xe1c0, 0xe1a0, 0xe1a0, 0xe1a0,
  0xe1a0, 0xe1c0, 0xe1c0, 0xe1c0, 0xe1c0, 0xe1a0, 0xd9a0, 0xd9a0,
  0xd9a0, 0xd9a0, 0xd9a0, 0xd9a0, 0xd9a0, 0xd9a0, 0xd9a0, 0xd9a0,
  0xd9a0, 0xd9a0, 0xd9a0, 0xe1a0, 0xe1a0, 0xe1a0, 0xe1a0, 0xe1a0,
  0xe1c0, 0xe1a0, 0xe1a0, 0xe1c0, 0xe1c0, 0xe1c0, 0xe1c0, 0xe1c0,
  0xe1c0, 0xe1c0, 0xe1c0, 0xe1c0, 0xe1c0, 0xe1c0, 0xe1c0, 0xe1c0,
  0xe1c0, 0xe1c0, 0xe1c0, 0xe1c0, 0xe1c0, 0xe1c0, 0xe1c0, 0xe1c0,
  0xe1c0, 0xe1c0, 0xe1a0, 0xe1a0, 0xe1a0, 0xe1c0, 0xe1c0, 0xe1c0,
  0xe1c0, 0xe1c0, 0xe1c0, 0xe1c0, 0xe1c0, 0xe1c0, 0xe1c0, 0xe1c0,
  0xe1c0, 0xe1c0, 0xe1c0, 0xe1c0, 0xe1c0, 0xe1c0, 0xe1c0, 0xe1c0,
  0xe1c0, 0xe1c0, 0xe1c0, 0xe1c0, 0xe1c0, 0xe1c0, 0xe1c0, 0xe1c0,
  0xe1c0, 0xe1c0, 0xe1c0, 0xe1c0, 0xe1c0, 0xe1c0, 0xe1c0, 0xe1c0,
  0xe1c0, 0xe1c0, 0xe1c0, 0xe1c0, 0xe1c0, 0xe1c0, 0xe1c0, 0xe1c0,
  0xe1c0, 0xe1c0, 0xe1c0, 0xe1c0, 0xe1c0, 0xe1c0, 0xe1c0, 0xe1c0,
  0xe1c0, 0xe1c0, 0xe1c0, 0xe1c0, 0xe1c0, 0xe1c0, 0xe1c0, 0xe1c0,
  0xe1c0, 0xe1c0, 0xe1c0, 0xe1c0, 0xe1c0, 0xe1c0, 0xe1c0, 0xe1c0,
  0xe1c0, 0xe1c0, 0xe1c0, 0xe1c0, 0xe1c0, 0xe1c0, 0xe1c0, 0xe1c0,
  0xe1c0, 0xe1c0, 0xe1c0, 0xe1c0, 0xe1c0, 0xe1c0, 0xe1c0, 0xe1c0,
  0xe1c0, 0xe1c0, 0xe1c0, 0xe1c0, 0xe1c0, 0xe1c0, 0xe1c0, 0xe1c0,
  0xc9c1, 0x7121, 0x72eb, 0xe71b, 0xffff, 0xffff, 0xffff, 0xffff,
  0xffff, 0xffff, 0xffff, 0xef7d, 0x9450, 0x48e2, 0x8941, 0x9940,
  0x9960, 0x9140, 0x8920, 0x8120, 0x6901, 0x58c1, 0x40a1, 0x4123,
  0x62aa, 0x9491, 0xbdd7, 0xef3c, 0xffff, 0xffff, 0xffff, 0xffff,
  0xffff, 0xffff, 0xffff, 0xffff, 0xffff, 0xffff, 0xffff, 0xffff,
  0xdeda, 0x72a9, 0x8921, 0xd1c0, 0xd9a0, 0xd9c1, 0xa182, 0x5185,
  0xc5f7, 0xffdf, 0xffff, 0xffff, 0xffff, 0xffff, 0xffff, 0xffff,
  0xffff, 0xffff, 0xd6ba, 0x6aaa, 0x60e1, 0x9140, 0xb160, 0xc980,
  0xd9a0, 0xe1c0, 0xe1c0, 0xe1a0, 0xe1c0, 0xe1a0, 0xd9a0, 0xd9a0,
  0xc980, 0xb180, 0x8141, 0x50e1, 0x40c1, 0x40c1, 0x50e1, 0x6101,
  0x6921, 0x7121, 0x7920, 0x7900, 0x8100, 0x8920, 0x9120, 0x9940,
  0xb160, 0xc980, 0xd1a0, 0xd9a0, 0xe1c0, 0xe1a0, 0xe1a0, 0xe1a0,
  0xe1c0, 0xe1c0, 0xe1c0, 0xe1c0, 0xe1c0, 0xe1a0, 0xe1a0, 0xe1a0,
  0xe1c0, 0xe1a0, 0xe1a0, 0xe1c0, 0xe1c0, 0xe1c0, 0xe1c0, 0xe1c0,
  0xe1c0, 0xe1c0, 0xe1c0, 0xe1c0, 0xe1c0, 0xe1a0, 0xe1a0, 0xe1c0,
  0xe1c0, 0xe1c0, 0xe1c0, 0xe1c0, 0xe1c0, 0xe1c0, 0xe1c0, 0xe1c0,
  0xe1c0, 0xe1c0, 0xe1c0, 0xe1c0, 0xe1c0, 0xe1c0, 0xe1c0, 0xe1c0,
  0xe1c0, 0xe1c0, 0xe1c0, 0xe1c0, 0xe1c0, 0xe1c0, 0xe1c0, 0xe1c0,
  0xe1c0, 0xe1c0, 0xe1c0, 0xe1a0, 0xe1a0, 0xe1c0, 0xe1c0, 0xe1c0,
  0xe1c0, 0xe1c0, 0xe1c0, 0xe1c0, 0xe1c0, 0xe1c0, 0xe1c0, 0xe1c0,
  0xe1c0, 0xe1c0, 0xe1c0, 0xe1c0, 0xe1c0, 0xe1c0, 0xe1c0, 0xe1c0,
  0xe1c0, 0xe1c0, 0xe1c0, 0xe1c0, 0xe1c0, 0xe1c0, 0xe1c0, 0xe1c0,
  0xe1c0, 0xe1c0, 0xe1c0, 0xe1c0, 0xe1c0, 0xe1c0, 0xe1c0, 0xe1c0,
  0xe1c0, 0xe1c0, 0xe1c0, 0xe1c0, 0xe1c0, 0xe1c0, 0xe1c0, 0xe1c0,
  0xe1c0, 0xe1c0, 0xe1c0, 0xe1c0, 0xe1c0, 0xe1c0, 0xe1c0, 0xe1c0,
  0xe1c0, 0xe1c0, 0xe1c0, 0xe1c0, 0xe1c0, 0xe1c0, 0xe1c0, 0xe1c0,
  0xe1c0, 0xe1c0, 0xe1c0, 0xe1c0, 0xe1c0, 0xe1c0, 0xe1c0, 0xe1c0,
  0xe1c0, 0xe1c0, 0xe1c0, 0xe1c0, 0xe1c0, 0xe1c0, 0xe1c0, 0xe1c0,
  0xe1c0, 0xe1c0, 0xe1c0, 0xe1c0, 0xe1c0, 0xe1c0, 0xe1c0, 0xe1c0,
  0xe1c0, 0xe1c0, 0xe1c0, 0xe1c0, 0xe1c0, 0xe1c0, 0xe1c0, 0xd9c0,
  0xb1a1, 0x5102, 0xa513, 0xf7be, 0xffff, 0xffff, 0xffff, 0xffff,
  0xffff, 0xffff, 0xffff, 0xd6ba, 0x6aca, 0x68e1, 0x9960, 0xb160,
  0xb160, 0xa960, 0xa140, 0x9920, 0x9120, 0x8920, 0x7900, 0x7101,
  0x58e1, 0x4902, 0x59e6, 0x838d, 0xa513, 0xd69a, 0xf7be, 0xffff,
  0xffff, 0xffff, 0xffff, 0xffff, 0xffff, 0xffff, 0xffff, 0xffff,
  0xef5d, 0x940f, 0x68e1, 0xc1c1, 0xd9c0, 0xc9e2, 0x7122, 0x940f,
  0xef7d, 0xffff, 0xffff, 0xffff, 0xffff, 0xffff, 0xffff, 0xffff,
  0xffff, 0xf7be, 0xa4b2, 0x6164, 0x8941, 0xb160, 0xc180, 0xd1a0,
  0xe1a0, 0xe1c0, 0xe1c0, 0xe1c0, 0xe1c0, 0xe1a0, 0xe1a0, 0xd9a0,
  0xd1a0, 0xb980, 0xa140, 0x8100, 0x7100, 0x7100, 0x7900, 0x8120,
  0x8920, 0x9120, 0x9920, 0x9940, 0xa140, 0xa140, 0xa940, 0xb160,
  0xc180, 0xd180, 0xd9a0, 0xe1a0, 0xe1a0, 0xe1a0, 0xe1a0, 0xe1a0,
  0xe1c0, 0xe1c0, 0xe1c0, 0xe1c0, 0xe1c0, 0xe1c0, 0xe1c0, 0xe1c0,
  0xe1c0, 0xe1c0, 0xe1c0, 0xe1c0, 0xe1c0, 0xe1c0, 0xe1c0, 0xe1c0,
  0xe1c0, 0xe1c0, 0xe1c0, 0xe1c0, 0xe1c0, 0xe1c0, 0xe1c0, 0xe1c0,
  0xe1c0, 0xe1c0, 0xe1c0, 0xe1c0, 0xe1c0, 0xe1c0, 0xe1c0, 0xe1c0,
  0xe1c0, 0xe1c0, 0xe1c0, 0xe1c0, 0xe1c0, 0xe1c0, 0xe1c0, 0xe1c0,
  0xe1c0, 0xe1c0, 0xe1c0, 0xe1c0, 0xe1c0, 0xe1c0, 0xe1c0, 0xe1c0,
  0xe1c0, 0xe1c0, 0xe1c0, 0xe1c0, 0xe1c0, 0xe1c0, 0xe1c0, 0xe1c0,
  0xe1c0, 0xe1c0, 0xe1c0, 0xe1c0, 0xe1c0, 0xe1c0, 0xe1c0, 0xe1c0,
  0xe1c0, 0xe1c0, 0xe1c0, 0xe1c0, 0xe1c0, 0xe1c0, 0xe1c0, 0xe1c0,
  0xe1c0, 0xe1c0, 0xe1c0, 0xe1c0, 0xe1c0, 0xe1a0, 0xe1a0, 0xe1c0,
  0xe1c0, 0xe1a0, 0xe1a0, 0xe1c0, 0xe1c0, 0xe1c0, 0xe1c0, 0xe1c0,
  0xe1c0, 0xe1c0, 0xe1c0, 0xe1c0, 0xe1c0, 0xe1c0, 0xe1c0, 0xe1c0,
  0xe1c0, 0xe1c0, 0xe1c0, 0xe1c0, 0xe1c0, 0xe1c0, 0xe1c0, 0xe1c0,
  0xe1c0, 0xe1c0, 0xe1c0, 0xe1c0, 0xe1c0, 0xe1c0, 0xe1c0, 0xe1c0,
  0xe1c0, 0xe1c0, 0xe1c0, 0xe1c0, 0xe1c0, 0xe1c0, 0xe1c0, 0xe1c0,
  0xe1c0, 0xe1c0, 0xe1c0, 0xe1c0, 0xe1c0, 0xe1c0, 0xe1c0, 0xe1c0,
  0xe1c0, 0xe1c0, 0xe1c0, 0xe1c0, 0xe1c0, 0xe1c0, 0xe1c0, 0xe1c0,
  0xe1c0, 0xe1c0, 0xe1c0, 0xe1c0, 0xe1c0, 0xe1c0, 0xe1c0, 0xd1c0,
  0x8141, 0x5a27, 0xd69a, 0xffff, 0xffff, 0xffff, 0xffff, 0xffff,
  0xffff, 0xffff, 0xffde, 0xb596, 0x4943, 0x8941, 0xb180, 0xc1a0,
  0xc1a0, 0xc180, 0xb980, 0xb160, 0xa940, 0xa140, 0x9940, 0x9140,
  0x9140, 0x8120, 0x6901, 0x50e1, 0x4964, 0x62aa, 0xad34, 0xef7d,
  0xffff, 0xffff, 0xffff, 0xffff, 0xffff, 0xffff, 0xffff, 0xffff,
  0xffbe, 0xad34, 0x5102, 0xa981, 0xc9e1, 0x9982, 0x7268, 0xd679,
  0xffff, 0xffff, 0xffff, 0xffff, 0xffff, 0xffff, 0xffff, 0xffff,
  0xffdf, 0xd6ba, 0x6aaa, 0x7121, 0xa960, 0xb980, 0xc9a0, 0xd9a0,
  0xe1c0, 0xe1c0, 0xe1c0, 0xe1c0, 0xe1c0, 0xe1a0, 0xe1a0, 0xe1a0,
  0xd9a0, 0xc980, 0xb160, 0xa140, 0x9920, 0x9920, 0x9920, 0x9940,
  0xa140, 0xa960, 0xb160, 0xb960, 0xb980, 0xb980, 0xc180, 0xc9a0,
  0xd1a0, 0xd9a0, 0xd9a0, 0xe1c0, 0xe1c0, 0xe1a0, 0xe1a0, 0xe1c0,
  0xe1c0, 0xe1c0, 0xe1c0, 0xe1c0, 0xe1c0, 0xe1c0, 0xe1c0, 0xe1c0,
  0xe1c0, 0xe1c0, 0xe1c0, 0xe1c0, 0xe1a0, 0xe1c0, 0xe1c0, 0xe1c0,
  0xe1c0, 0xe1c0, 0xe1c0, 0xe1c0, 0xe1c0, 0xe1c0, 0xe1c0, 0xe1c0,
  0xe1c0, 0xe1c0, 0xe1c0, 0xe1c0, 0xe1c0, 0xe1c0, 0xe1c0, 0xe1c0,
  0xe1c0, 0xe1c0, 0xe1c0, 0xe1c0, 0xe1c0, 0xe1c0, 0xe1c0, 0xe1c0,
  0xe1c0, 0xe1c0, 0xe1c0, 0xe1c0, 0xe1c0, 0xe1c0, 0xe1c0, 0xe1c0,
  0xe1c0, 0xe1c0, 0xe1c0, 0xe1c0, 0xe1c0, 0xe1c0, 0xe1c0, 0xe1c0,
  0xe1c0, 0xe1c0, 0xe1c0, 0xe1c0, 0xe1c0, 0xe1c0, 0xe1c0, 0xe1c0,
  0xe1c0, 0xe1c0, 0xe1c0, 0xe1c0, 0xe1c0, 0xe1c0, 0xe1c0, 0xe1c0,
  0xe1c0, 0xe1c0, 0xe1c0, 0xe1c0, 0xe1c0, 0xe1c0, 0xe1c0, 0xe1c0,
  0xe1a0, 0xe1a0, 0xe1a0, 0xe1c0, 0xe1c0, 0xe1c0, 0xe1c0, 0xe1c0,
  0xe1c0, 0xe1c0, 0xe1c0, 0xe1c0, 0xe1c0, 0xe1c0, 0xe1c0, 0xe1c0,
  0xe1c0, 0xe1c0, 0xe1c0, 0xe1c0, 0xe1c0, 0xe1c0, 0xe1c0, 0xe1c0,
  0xe1c0, 0xe1c0, 0xe1c0, 0xe1c0, 0xe1c0, 0xe1c0, 0xe1c0, 0xe1c0,
  0xe1c0, 0xe1c0, 0xe1c0, 0xe1c0, 0xe1c0, 0xe1c0, 0xe1c0, 0xe1c0,
  0xe1c0, 0xe1c0, 0xe1c0, 0xe1c0, 0xe1c0, 0xe1c0, 0xe1c0, 0xe1c0,
  0xe1c0, 0xe1c0, 0xe1c0, 0xe1c0, 0xe1c0, 0xe1c0, 0xe1c0, 0xe1c0,
  0xe1c0, 0xe1c0, 0xe1c0, 0xe1c0, 0xe1c0, 0xe1c0, 0xd9c0, 0xb9c1,
  0x58e1, 0x8c10, 0xef7d, 0xffff, 0xffff, 0xffff, 0xffff, 0xffff,
  0xffff, 0xffff, 0xe73c, 0x83ae, 0x50c1, 0x9960, 0xb9a0, 0xc9a0,
  0xd1a0, 0xd1a0, 0xc9a0, 0xc980, 0xc180, 0xb980, 0xb160, 0xa960,
  0xa140, 0x9940, 0x9120, 0x7920, 0x60e1, 0x38a1, 0x62aa, 0xd6ba,
  0xffff, 0xffff, 0xffff, 0xffff, 0xffff, 0xffff, 0xffff, 0xffff,
  0xffdf, 0xc618, 0x59c6, 0x8942, 0xa1a2, 0x6143, 0xa4d2, 0xf79e,
  0xffff, 0xffff, 0xffff, 0xffff, 0xffdf, 0xf79e, 0xdefb, 0xc5f7,
  0x9492, 0x6aeb, 0x5123, 0x8941, 0xb180, 0xc1a0, 0xd1a0, 0xe1c0,
  0xe1c0, 0xe1c0, 0xe1c0, 0xe1c0, 0xe1c0, 0xe1a0, 0xe1a0, 0xe1c0,
  0xd9a0, 0xd1a0, 0xc980, 0xb980, 0xb160, 0xb160, 0xb160, 0xb160,
  0xb980, 0xc180, 0xc9a0, 0xc9a0, 0xd1a0, 0xd1a0, 0xd1c0, 0xd1c0,
  0xd9c0, 0xd9c0, 0xe1a0, 0xe1c0, 0xe1c0, 0xe1c0, 0xe1c0, 0xe1c0,
  0xe1c0, 0xe1c0, 0xe1c0, 0xe1c0, 0xe1c0, 0xe1c0, 0xe1c0, 0xe1c0,
  0xe1c0, 0xe1c0, 0xe1c0, 0xe1c0, 0xe1a0, 0xe1a0, 0xe1c0, 0xe1c0,
  0xe1c0, 0xe1c0, 0xe1c0, 0xe1c0, 0xe1c0, 0xe1c0, 0xe1c0, 0xe1c0,
  0xe1c0, 0xe1c0, 0xe1c0, 0xe1c0, 0xe1c0, 0xe1c0, 0xe1c0, 0xe1c0,
  0xe1c0, 0xe1c0, 0xe1c0, 0xe1c0, 0xe1c0, 0xe1c0, 0xe1c0, 0xe1c0,
  0xe1c0, 0xe1c0, 0xe1c0, 0xe1c0, 0xe1c0, 0xe1c0, 0xe1c0, 0xe1c0,
  0xe1c0, 0xe1c0, 0xe1c0, 0xe1c0, 0xe1c0, 0xe1c0, 0xe1c0, 0xe1c0,
  0xe1c0, 0xe1c0, 0xe1c0, 0xe1c0, 0xe1c0, 0xe1c0, 0xe1c0, 0xe1c0,
  0xe1c0, 0xe1c0, 0xe1c0, 0xe1c0, 0xe1c0, 0xe1c0, 0xe1c0, 0xe1c0,
  0xe1c0, 0xe1c0, 0xe1c0, 0xe1c0, 0xe1c0, 0xe1c0, 0xe1c0, 0xe1c0,
  0xe1a0, 0xe1a0, 0xe1a0, 0xe1c0, 0xe1c0, 0xe1c0, 0xe1c0, 0xe1c0,
  0xe1c0, 0xe1c0, 0xe1c0, 0xe1c0, 0xe1c0, 0xe1c0, 0xe1c0, 0xe1c0,
  0xe1c0, 0xe1c0, 0xe1c0, 0xe1c0, 0xe1c0, 0xe1c0, 0xe1c0, 0xe1c0,
  0xe1c0, 0xe1c0, 0xe1c0, 0xe1c0, 0xe1c0, 0xe1c0, 0xe1c0, 0xe1c0,
  0xe1c0, 0xe1c0, 0xe1c0, 0xe1c0, 0xe1c0, 0xe1c0, 0xe1c0, 0xe1c0,
  0xe1c0, 0xe1c0, 0xe1c0, 0xe1a0, 0xe1a0, 0xe1a0, 0xe1c0, 0xe1c0,
  0xe1c0, 0xe1c0, 0xe1c0, 0xe1c0, 0xe1c0, 0xe1c0, 0xe1c0, 0xe1c0,
  0xe1c0, 0xe1c0, 0xe1c0, 0xe1c0, 0xe1c0, 0xe1c0, 0xd1c0, 0x99a1,
  0x59c5, 0xc5f7, 0xffdf, 0xffff, 0xffff, 0xffff, 0xffff, 0xffff,
  0xffff, 0xffff, 0xce58, 0x4185, 0x7101, 0xb180, 0xc9a0, 0xd9a0,
  0xd9a0, 0xd9a0, 0xd9a0, 0xd9a0, 0xd1a0, 0xd1a0, 0xc9a0, 0xc180,
  0xb980, 0xa960, 0xa140, 0x9940, 0x8120, 0x60e1, 0x51c6, 0xce38,
  0xffff, 0xffff, 0xffff, 0xffff, 0xffff, 0xffff, 0xffff, 0xffff,
  0xffff, 0xdefb, 0x730b, 0x5902, 0x5902, 0x6aca, 0xd6ba, 0xffff,
  0xffde, 0xef3c, 0xbdd7, 0x8c51, 0x62eb, 0x5269, 0x49e7, 0x4985,
  0x4943, 0x5922, 0x7921, 0xa160, 0xc180, 0xd1a0, 0xd9c0, 0xe1c0,
  0xe1c0, 0xe1c0, 0xe1c0, 0xe1c0, 0xe1c0, 0xe1c0, 0xe1c0, 0xe1c0,
  0xe1c0, 0xd9c0, 0xd9a0, 0xd1a0, 0xc9a0, 0xc9a0, 0xc9a0, 0xd1a0,
  0xd1a0, 0xd9a0, 0xd9a0, 0xd9a0, 0xd9c0, 0xd9c0, 0xd9c0, 0xe1c0,
  0xe1a0, 0xe1c0, 0xe1c0, 0xe1c0, 0xe1c0, 0xe1c0, 0xe1c0, 0xe1c0,
  0xe1c0, 0xe1c0, 0xe1c0, 0xe1c0, 0xe1c0, 0xe1c0, 0xe1a0, 0xe1a0,
  0xe1c0, 0xe1c0, 0xe1c0, 0xe1c0, 0xe1c0, 0xe1c0, 0xe1c0, 0xe1c0,
  0xe1c0, 0xe1c0, 0xe1c0, 0xe1c0, 0xe1c0, 0xe1c0, 0xe1c0, 0xe1c0,
  0xe1c0, 0xe1c0, 0xe1c0, 0xe1c0, 0xe1c0, 0xe1c0, 0xe1c0, 0xe1c0,
  0xe1c0, 0xe1c0, 0xe1c0, 0xe1c0, 0xe1c0, 0xe1c0, 0xe1c0, 0xe1c0,
  0xe1c0, 0xe1c0, 0xe1c0, 0xe1c0, 0xe1c0, 0xe1c0, 0xe1c0, 0xe1c0,
  0xe1c0, 0xe1c0, 0xe1c0, 0xe1c0, 0xe1c0, 0xe1c0, 0xe1c0, 0xe1c0,
  0xe1c0, 0xe1c0, 0xe1c0, 0xe1c0, 0xe1c0, 0xe1c0, 0xe1c0, 0xe1c0,
  0xe1c0, 0xe1c0, 0xe1c0, 0xe1c0, 0xe1c0, 0xe1c0, 0xe1c0, 0xe1c0,
  0xe1c0, 0xe1c0, 0xe1c0, 0xe1c0, 0xe1c0, 0xe1c0, 0xe1c0, 0xe1c0,
  0xe1a0, 0xe1a0, 0xe1a0, 0xe1c0, 0xe1c0, 0xe1c0, 0xe1c0, 0xe1c0,
  0xe1c0, 0xe1c0, 0xe1c0, 0xe1c0, 0xe1c0, 0xe1c0, 0xe1c0, 0xe1c0,
  0xe1c0, 0xe1c0, 0xe1c0, 0xe1c0, 0xe1c0, 0xe1c0, 0xe1c0, 0xe1c0,
  0xe1c0, 0xe1c0, 0xe1c0, 0xe1c0, 0xe1c0, 0xe1c0, 0xe1c0, 0xe1c0,
  0xe1c0, 0xe1c0, 0xe1c0, 0xe1c0, 0xe1c0, 0xe1c0, 0xe1c0, 0xe1c0,
  0xe1c0, 0xe1c0, 0xe1c0, 0xe1a0, 0xe1a0, 0xe1a0, 0xe1c0, 0xe1c0,
  0xe1c0, 0xe1c0, 0xe1c0, 0xe1c0, 0xe1c0, 0xe1c0, 0xe1c0, 0xe1c0,
  0xe1c0, 0xe1c0, 0xe1c0, 0xe1c0, 0xe1c0, 0xe1c0, 0xc9e1, 0x7121,
  0x838d, 0xe71c, 0xffff, 0xffff, 0xffff, 0xffff, 0xffff, 0xffff,
  0xffff, 0xf79e, 0x9492, 0x38a1, 0x9121, 0xb960, 0xd180, 0xd9a0,
  0xe1a0, 0xe1c0, 0xe1c0, 0xd9a0, 0xd9a0, 0xd9a0, 0xd9a0, 0xd1a0,
  0xc9a0, 0xc180, 0xb180, 0xa960, 0x9940, 0x7921, 0x4944, 0xbdb6,
  0xffff, 0xffff, 0xffff, 0xffff, 0xffff, 0xffff, 0xffff, 0xffff,
  0xffff, 0xf79e, 0x8c51, 0x30c2, 0x30c2, 0x736d, 0x94b2, 0x6b4d,
  0x5a69, 0x5a07, 0x5185, 0x5144, 0x4902, 0x48e1, 0x50c1, 0x58e0,
  0x7100, 0x8120, 0x9940, 0xb160, 0xc9a0, 0xd9a0, 0xe1c0, 0xe1c0,
  0xe1c0, 0xe1c0, 0xe1c0, 0xe1c0, 0xe1c0, 0xe1c0, 0xe1c0, 0xe1c0,
  0xe1c0, 0xe1c0, 0xe1c0, 0xd9a0, 0xd9a0, 0xd9a0, 0xd9a0, 0xe1a0,
  0xe1a0, 0xe1a0, 0xe1c0, 0xe1c0, 0xe1c0, 0xe1c0, 0xe1a0, 0xe1a0,
  0xe1a0, 0xe1c0, 0xe1c0, 0xe1c0, 0xe1c0, 0xe1c0, 0xe1c0, 0xe1c0,
  0xe1c0, 0xe1c0, 0xe1c0, 0xe1c0, 0xe1c0, 0xe1a0, 0xe1a0, 0xe1a0,
  0xe1c0, 0xe1c0, 0xe1c0, 0xe1c0, 0xe1c0, 0xe1c0, 0xe1c0, 0xe1c0,
  0xe1c0, 0xe1c0, 0xe1c0, 0xe1c0, 0xe1c0, 0xe1c0, 0xe1a0, 0xe1a0,
  0xe1a0, 0xe1c0, 0xe1c0, 0xe1c0, 0xe1c0, 0xe1c0, 0xe1c0, 0xe1c0,
  0xe1c0, 0xe1c0, 0xe1c0, 0xe1c0, 0xe1c0, 0xe1c0, 0xe1c0, 0xe1c0,
  0xe1c0, 0xe1c0, 0xe1c0, 0xe1c0, 0xe1c0, 0xe1c0, 0xe1c0, 0xe1c0,
  0xe1c0, 0xe1c0, 0xe1c0, 0xe1c0, 0xe1c0, 0xe1c0, 0xe1c0, 0xe1c0,
  0xe1c0, 0xe1c0, 0xe1c0, 0xe1c0, 0xe1c0, 0xe1c0, 0xe1c0, 0xe1c0,
  0xe1c0, 0xe1c0, 0xe1c0, 0xe1c0, 0xe1c0, 0xe1c0, 0xe1c0, 0xe1c0,
  0xe1c0, 0xe1c0, 0xe1c0, 0xe1c0, 0xe1c0, 0xe1c0, 0xe1c0, 0xe1c0,
  0xe1c0, 0xe1c0, 0xe1c0, 0xe1c0, 0xe1c0, 0xe1c0, 0xe1c0, 0xe1c0,
  0xe1c0, 0xe1c0, 0xe1c0, 0xe1c0, 0xe1c0, 0xe1c0, 0xe1c0, 0xe1c0,
  0xe1c0, 0xe1c0, 0xe1c0, 0xe1c0, 0xe1c0, 0xe1c0, 0xe1c0, 0xe1c0,
  0xe1c0, 0xe1c0, 0xe1c0, 0xe1c0, 0xe1c0, 0xe1c0, 0xe1c0, 0xe1c0,
  0xe1c0, 0xe1c0, 0xe1c0, 0xe1c0, 0xe1c0, 0xe1c0, 0xe1c0, 0xe1c0,
  0xe1c0, 0xe1c0, 0xe1c0, 0xe1c0, 0xe1c0, 0xe1c0, 0xe1c0, 0xe1c0,
  0xe1c0, 0xe1c0, 0xe1c0, 0xe1c0, 0xe1c0, 0xe1c0, 0xe1c0, 0xe1c0,
  0xe1c0, 0xe1c0, 0xe1c0, 0xe1c0, 0xe1c0, 0xd9c0, 0xa9a1, 0x5943,
  0xad13, 0xffbe, 0xffff, 0xffff, 0xffff, 0xffff, 0xffff, 0xffff,
  0xffff, 0xe71c, 0x62aa, 0x58e1, 0xa960, 0xc980, 0xd9a0, 0xe1a0,
  0xe1a0, 0xe1c0, 0xe1a0, 0xe1a0, 0xe1a0, 0xe1a0, 0xe1a0, 0xd9c0,
  0xd9c0, 0xd1c0, 0xc9a0, 0xc180, 0xb180, 0x9981, 0x50c1, 0xad34,
  0xffdf, 0xffff, 0xffff, 0xffff, 0xffff, 0xffff, 0xffff, 0xffdf,
  0xef5d, 0xbdd7, 0x6b2c, 0x2061, 0x1820, 0x2082, 0x30c2, 0x38c1,
  0x5102, 0x6942, 0x7921, 0x7921, 0x8121, 0x7900, 0x7900, 0x8120,
  0x8920, 0x9920, 0xa960, 0xc180, 0xd1a0, 0xd9a0, 0xe1c0, 0xe1c0,
  0xe1c0, 0xe1c0, 0xe1c0, 0xe1c0, 0xe1c0, 0xe1c0, 0xe1c0, 0xe1c0,
  0xe1c0, 0xe1c0, 0xe1c0, 0xe1c0, 0xe1c0, 0xe1c0, 0xe1c0, 0xe1c0,
  0xe1a0, 0xe1a0, 0xe1c0, 0xe1c0, 0xe1c0, 0xe1c0, 0xe1a0, 0xe1a0,
  0xe1a0, 0xe1c0, 0xe1c0, 0xe1c0, 0xe1c0, 0xe1c0, 0xe1c0, 0xe1c0,
  0xe1c0, 0xe1c0, 0xe1c0, 0xe1c0, 0xe1c0, 0xe1a0, 0xe1a0, 0xe1a0,
  0xe1c0, 0xe1c0, 0xe1c0, 0xe1c0, 0xe1c0, 0xe1c0, 0xe1c0, 0xe1c0,
  0xe1c0, 0xe1c0, 0xe1c0, 0xe1c0, 0xe1c0, 0xe1c0, 0xe1a0, 0xe1c0,
  0xe1c0, 0xe1c0, 0xe1c0, 0xe1c0, 0xe1c0, 0xe1c0, 0xe1c0, 0xe1c0,
  0xe1c0, 0xe1c0, 0xe1c0, 0xe1c0, 0xe1c0, 0xe1c0, 0xe1c0, 0xe1c0,
  0xe1c0, 0xe1c0, 0xe1c0, 0xe1c0, 0xe1c0, 0xe1c0, 0xe1c0, 0xe1c0,
  0xe1c0, 0xe1c0, 0xe1c0, 0xe1c0, 0xe1c0, 0xe1c0, 0xe1c0, 0xe1c0,
  0xe1c0, 0xe1c0, 0xe1c0, 0xe1c0, 0xe1c0, 0xe1c0, 0xe1c0, 0xe1c0,
  0xe1c0, 0xe1c0, 0xe1c0, 0xe1c0, 0xe1c0, 0xe1c0, 0xe1c0, 0xe1c0,
  0xe1c0, 0xe1c0, 0xe1c0, 0xe1c0, 0xe1c0, 0xe1c0, 0xe1c0, 0xe1c0,
  0xe1c0, 0xe1c0, 0xe1c0, 0xe1c0, 0xe1c0, 0xe1c0, 0xe1a0, 0xe1a0,
  0xe1c0, 0xe1c0, 0xe1c0, 0xe1c0, 0xe1c0, 0xe1c0, 0xe1c0, 0xe1c0,
  0xe1c0, 0xe1c0, 0xe1c0, 0xe1c0, 0xe1c0, 0xe1c0, 0xe1c0, 0xe1c0,
  0xe1c0, 0xe1c0, 0xe1c0, 0xe1c0, 0xe1c0, 0xe1c0, 0xe1c0, 0xe1c0,
  0xe1c0, 0xe1c0, 0xe1c0, 0xe1c0, 0xe1c0, 0xe1c0, 0xe1c0, 0xe1c0,
  0xe1c0, 0xe1c0, 0xe1c0, 0xe1c0, 0xe1c0, 0xe1c0, 0xe1c0, 0xe1c0,
  0xe1c0, 0xe1c0, 0xe1c0, 0xe1c0, 0xe1c0, 0xe1c0, 0xe1c0, 0xe1c0,
  0xe1c0, 0xe1c0, 0xe1c0, 0xe1c0, 0xe1c0, 0xd1e1, 0x8962, 0x72aa,
  0xd699, 0xffff, 0xffff, 0xffff, 0xffff, 0xffff, 0xffff, 0xffff,
  0xffdf, 0xc638, 0x3903, 0x8101, 0xb160, 0xd180, 0xd9a0, 0xe1a0,
  0xe1c0, 0xe1c0, 0xe1a0, 0xe1a0, 0xe1a0, 0xe1a0, 0xe1a0, 0xe1c0,
  0xd9c0, 0xd9c0, 0xd9c0, 0xd1a0, 0xc180, 0xa981, 0x58e1, 0x9450,
  0xef7d, 0xffff, 0xffff, 0xf7be, 0xd6bb, 0x9cd3, 0x528a, 0x39a6,
  0x3103, 0x40e2, 0x48e2, 0x5901, 0x6101, 0x6101, 0x60e0, 0x68e0,
  0x7100, 0x8120, 0x9120, 0x9140, 0x9940, 0x9920, 0x9920, 0x9940,
  0xa140, 0xb140, 0xc180, 0xc980, 0xd9a0, 0xe1a0, 0xe1c0, 0xe1c0,
  0xe1c0, 0xe1c0, 0xe1c0, 0xe1c0, 0xe1c0, 0xe1c0, 0xe1c0, 0xe1c0,
  0xe1a0, 0xe1a0, 0xe1a0, 0xe1a0, 0xe1a0, 0xe1a0, 0xe1a0, 0xe1a0,
  0xe1c0, 0xe1c0, 0xe1a0, 0xe1a0, 0xe1c0, 0xe1c0, 0xe1a0, 0xe1a0,
  0xe1a0, 0xe1c0, 0xe1c0, 0xe1c0, 0xe1c0, 0xe1c0, 0xe1c0, 0xe1c0,
  0xe1c0, 0xe1c0, 0xe1c0, 0xe1c0, 0xe1c0, 0xe1c0, 0xe1c0, 0xe1c0,
  0xe1c0, 0xe1c0, 0xe1c0, 0xe1c0, 0xe1c0, 0xe1c0, 0xe1c0, 0xe1c0,
  0xe1c0, 0xe1c0, 0xe1c0, 0xe1c0, 0xe1c0, 0xe1c0, 0xe1c0, 0xe1c0,
  0xe1c0, 0xe1c0, 0xe1c0, 0xe1c0, 0xe1c0, 0xe1c0, 0xe1c0, 0xe1c0,
  0xe1c0, 0xe1c0, 0xe1c0, 0xe1c0, 0xe1c0, 0xe1c0, 0xe1c0, 0xe1c0,
  0xe1c0, 0xe1c0, 0xe1c0, 0xe1c0, 0xe1c0, 0xe1c0, 0xe1c0, 0xe1c0,
  0xe1c0, 0xe1c0, 0xe1c0, 0xe1c0, 0xe1c0, 0xe1c0, 0xe1c0, 0xe1c0,
  0xe1c0, 0xe1c0, 0xe1c0, 0xe1c0, 0xe1c0, 0xe1c0, 0xe1c0, 0xe1c0,
  0xe1c0, 0xe1c0, 0xe1c0, 0xe1c0, 0xe1c0, 0xe1c0, 0xe1c0, 0xe1c0,
  0xe1c0, 0xe1c0, 0xe1c0, 0xe1c0, 0xe1c0, 0xe1c0, 0xe1c0, 0xe1c0,
  0xe1c0, 0xe1c0, 0xe1c0, 0xe1c0, 0xe1c0, 0xe1c0, 0xe1a0, 0xe1a0,
  0xe1a0, 0xe1c0, 0xe1c0, 0xe1c0, 0xe1c0, 0xe1c0, 0xe1c0, 0xe1c0,
  0xe1c0, 0xe1c0, 0xe1c0, 0xe1c0, 0xe1c0, 0xe1c0, 0xe1c0, 0xe1c0,
  0xe1c0, 0xe1c0, 0xe1c0, 0xe1c0, 0xe1c0, 0xe1c0, 0xe1c0, 0xe1c0,
  0xe1c0, 0xe1c0, 0xe1c0, 0xe1c0, 0xe1c0, 0xe1c0, 0xe1c0, 0xe1c0,
  0xe1c0, 0xe1c0, 0xe1c0, 0xe1c0, 0xe1c0, 0xe1c0, 0xe1c0, 0xe1c0,
  0xe1c0, 0xe1c0, 0xe1c0, 0xe1c0, 0xe1c0, 0xe1c0, 0xe1c0, 0xe1c0,
  0xe1c0, 0xe1c0, 0xe1c0, 0xe1c0, 0xe1c0, 0xc1c2, 0x6943, 0x9c71,
  0xf7be, 0xffff, 0xffff, 0xffff, 0xffff, 0xffff, 0xffff, 0xffff,
  0xf79e, 0x9451, 0x48a0, 0xa161, 0xc180, 0xd1a0, 0xd9c0, 0xe1c0,
  0xe1c0, 0xe1a0, 0xe1a0, 0xe1a0, 0xe1a0, 0xe1a0, 0xe1a0, 0xe1a0,
  0xe1a0, 0xe1c0, 0xe1a0, 0xd9a0, 0xc9a0, 0xb1a1, 0x68e1, 0x6289,
  0xa514, 0x7bcf, 0x41e8, 0x3104, 0x2081, 0x2881, 0x38a1, 0x48e1,
  0x6121, 0x7141, 0x8141, 0x8940, 0x8940, 0x8920, 0x8920, 0x8920,
  0x9120, 0x9920, 0xa140, 0xa960, 0xb160, 0xb180, 0xb180, 0xb980,
  0xb980, 0xc980, 0xd1a0, 0xd9a0, 0xe1a0, 0xe1c0, 0xe1c0, 0xe1c0,
  0xe1c0, 0xe1c0, 0xe1c0, 0xe1c0, 0xe1c0, 0xe1c0, 0xe1c0, 0xe1c0,
  0xe1c0, 0xe1c0, 0xe1c0, 0xe1c0, 0xe1c0, 0xe1c0, 0xe1c0, 0xe1c0,
  0xe1c0, 0xe1c0, 0xe1c0, 0xe1c0, 0xe1c0, 0xe1c0, 0xe1c0, 0xe1c0,
  0xe1c0, 0xe1c0, 0xe1c0, 0xe1c0, 0xe1c0, 0xe1c0, 0xe1c0, 0xe1c0,
  0xe1c0, 0xe1c0, 0xe1c0, 0xe1c0, 0xe1c0, 0xe1c0, 0xe1c0, 0xe1c0,
  0xe1c0, 0xe1c0, 0xe1c0, 0xe1c0, 0xe1c0, 0xe1c0, 0xe1c0, 0xe1c0,
  0xe1c0, 0xe1c0, 0xe1c0, 0xe1c0, 0xe1c0, 0xe1c0, 0xe1c0, 0xe1c0,
  0xe1c0, 0xe1c0, 0xe1c0, 0xe1c0, 0xe1c0, 0xe1c0, 0xe1c0, 0xe1c0,
  0xe1c0, 0xe1a0, 0xe1a0, 0xe1a0, 0xe1a0, 0xe1a0, 0xe1c0, 0xe1c0,
  0xe1c0, 0xe1c0, 0xe1c0, 0xe1c0, 0xe1c0, 0xe1c0, 0xe1c0, 0xe1c0,
  0xe1c0, 0xe1c0, 0xe1c0, 0xe1c0, 0xe1c0, 0xe1c0, 0xe1c0, 0xe1c0,
  0xe1c0, 0xe1c0, 0xe1c0, 0xe1c0, 0xe1c0, 0xe1c0, 0xe1c0, 0xe1c0,
  0xe1c0, 0xe1c0, 0xe1c0, 0xe1c0, 0xe1c0, 0xe1c0, 0xe1c0, 0xe1c0,
  0xe1c0, 0xe1c0, 0xe1c0, 0xe1c0, 0xe1c0, 0xe1c0, 0xe1c0, 0xe1c0,
  0xe1c0, 0xe1c0, 0xe1c0, 0xe1c0, 0xe1c0, 0xe1c0, 0xe1a0, 0xe1a0,
  0xe1c0, 0xe1c0, 0xe1c0, 0xe1c0, 0xe1c0, 0xe1c0, 0xe1c0, 0xe1c0,
  0xe1c0, 0xe1c0, 0xe1c0, 0xe1c0, 0xe1c0, 0xe1c0, 0xe1c0, 0xe1c0,
  0xe1c0, 0xe1c0, 0xe1c0, 0xe1c0, 0xe1c0, 0xe1c0, 0xe1c0, 0xe1c0,
  0xe1c0, 0xe1c0, 0xe1c0, 0xe1c0, 0xe1c0, 0xe1c0, 0xe1c0, 0xe1c0,
  0xe1c0, 0xe1c0, 0xe1c0, 0xe1c0, 0xe1c0, 0xe1c0, 0xe1c0, 0xe1c0,
  0xe1c0, 0xe1c0, 0xe1c0, 0xe1c0, 0xe1c0, 0xe1c0, 0xe1c0, 0xe1c0,
  0xe1c0, 0xe1c0, 0xe1a0, 0xe1a0, 0xd9c0, 0xa1a2, 0x6a27, 0xbdd7,
  0xffff, 0xffff, 0xffff, 0xffff, 0xffff, 0xffff, 0xffff, 0xffff,
  0xe6fc, 0x49c6, 0x7101, 0xb160, 0xc980, 0xd9a0, 0xd9c0, 0xe1c0,
  0xe1c0, 0xe1a0, 0xe1a0, 0xe1a0, 0xe1a0, 0xe1a0, 0xe1a0, 0xe1a0,
  0xe1a0, 0xe1a0, 0xe1a0, 0xd9a0, 0xd1a0, 0xb980, 0x7901, 0x3060,
  0x2840, 0x40c1, 0x5922, 0x6941, 0x6941, 0x6921, 0x7100, 0x7900,
  0x7920, 0x8120, 0x9120, 0x9940, 0xa140, 0xa940, 0xa940, 0xa940,
  0xa940, 0xb160, 0xb960, 0xc180, 0xc9a0, 0xc9a0, 0xd1a0, 0xd1a0,
  0xd1a0, 0xd1a0, 0xd9a0, 0xd9a0, 0xe1c0, 0xe1c0, 0xe1c0, 0xe1c0,
  0xe1c0, 0xe1c0, 0xe1c0, 0xe1c0, 0xe1c0, 0xe1c0, 0xe1c0, 0xe1c0,
  0xe1c0, 0xe1c0, 0xe1c0, 0xe1c0, 0xe1c0, 0xe1c0, 0xe1c0, 0xe1c0,
  0xe1c0, 0xe1c0, 0xe1c0, 0xe1c0, 0xe1c0, 0xe1c0, 0xe1c0, 0xe1c0,
  0xe1c0, 0xe1c0, 0xe1c0, 0xe1c0, 0xe1c0, 0xe1c0, 0xe1c0, 0xe1c0,
  0xe1c0, 0xe1c0, 0xe1c0, 0xe1c0, 0xe1c0, 0xe1c0, 0xe1c0, 0xe1c0,
  0xe1c0, 0xe1c0, 0xe1c0, 0xe1c0, 0xe1c0, 0xe1c0, 0xe1c0, 0xe1c0,
  0xe1c0, 0xe1c0, 0xe1c0, 0xe1c0, 0xe1c0, 0xe1c0, 0xe1c0, 0xe1c0,
  0xe1c0, 0xe1c0, 0xe1c0, 0xe1c0, 0xe1c0, 0xe1c0, 0xe1c0, 0xe1c0,
  0xe1c0, 0xe1c0, 0xe1a0, 0xe1a0, 0xe1a0, 0xe1a0, 0xe1c0, 0xe1c0,
  0xe1c0, 0xe1c0, 0xe1c0, 0xe1c0, 0xe1c0, 0xe1c0, 0xe1c0, 0xe1c0,
  0xe1c0, 0xe1c0, 0xe1c0, 0xe1c0, 0xe1c0, 0xe1c0, 0xe1c0, 0xe1c0,
  0xe1c0, 0xe1c0, 0xe1c0, 0xe1c0, 0xe1c0, 0xe1c0, 0xe1c0, 0xe1c0,
  0xe1c0, 0xe1c0, 0xe1c0, 0xe1c0, 0xe1c0, 0xe1c0, 0xe1c0, 0xe1c0,
  0xe1c0, 0xe1c0, 0xe1c0, 0xe1c0, 0xe1c0, 0xe1c0, 0xe1c0, 0xe1c0,
  0xe1c0, 0xe1c0, 0xe1c0, 0xe1c0, 0xe1c0, 0xe1c0, 0xe1c0, 0xe1c0,
  0xe1c0, 0xe1c0, 0xe1c0, 0xe1c0, 0xe1c0, 0xe1c0, 0xe1c0, 0xe1c0,
  0xe1c0, 0xe1c0, 0xe1c0, 0xe1c0, 0xe1c0, 0xe1c0, 0xe1c0, 0xe1c0,
  0xe1c0, 0xe1c0, 0xe1c0, 0xe1c0, 0xe1c0, 0xe1c0, 0xe1c0, 0xe1c0,
  0xe1c0, 0xe1c0, 0xe1c0, 0xe1c0, 0xe1c0, 0xe1c0, 0xe1c0, 0xe1c0,
  0xe1c0, 0xe1c0, 0xe1c0, 0xe1c0, 0xe1c0, 0xe1c0, 0xe1c0, 0xe1c0,
  0xe1c0, 0xe1c0, 0xe1c0, 0xe1c0, 0xe1c0, 0xe1c0, 0xe1c0, 0xe1c0,
  0xe1c0, 0xe1c0, 0xe1c0, 0xd9c0, 0xc9c1, 0x7942, 0x7b6d, 0xe73c,
  0xffff, 0xffff, 0xffff, 0xffff, 0xffff, 0xffff, 0xffff, 0xffdf,
  0xb575, 0x3081, 0x8941, 0xb960, 0xc9a0, 0xd9a0, 0xe1a0, 0xe1a0,
  0xe1c0, 0xe1a0, 0xe1a0, 0xe1a0, 0xe1a0, 0xe1a0, 0xe1a0, 0xe1a0,
  0xe1a0, 0xe1a0, 0xe1a0, 0xe1a0, 0xd1a0, 0xc180, 0xa960, 0x8121,
  0x7921, 0x7920, 0x8120, 0x8120, 0x8940, 0x8940, 0x9140, 0x9120,
  0x9920, 0xa140, 0xa940, 0xb160, 0xb980, 0xc180, 0xc180, 0xc980,
  0xc980, 0xc9a0, 0xd1a0, 0xd1a0, 0xd1c0, 0xd9c0, 0xd9c0, 0xd9c0,
  0xd9c0, 0xd9c0, 0xe1a0, 0xe1c0, 0xe1c0, 0xe1a0, 0xe1a0, 0xe1c0,
  0xe1c0, 0xe1c0, 0xe1c0, 0xe1c0, 0xe1c0, 0xe1c0, 0xe1c0, 0xe1c0,
  0xe1c0, 0xe1c0, 0xe1c0, 0xe1c0, 0xe1c0, 0xe1c0, 0xe1c0, 0xe1c0,
  0xe1c0, 0xe1c0, 0xe1c0, 0xe1c0, 0xe1c0, 0xe1c0, 0xe1c0, 0xe1c0,
  0xe1c0, 0xe1c0, 0xe1c0, 0xe1c0, 0xe1c0, 0xe1c0, 0xe1c0, 0xe1c0,
  0xe1c0, 0xe1c0, 0xe1c0, 0xe1c0, 0xe1c0, 0xe1c0, 0xe1c0, 0xe1c0,
  0xe1c0, 0xe1c0, 0xe1c0, 0xe1c0, 0xe1c0, 0xe1c0, 0xe1c0, 0xe1c0,
  0xe1c0, 0xe1c0, 0xe1c0, 0xe1c0, 0xe1c0, 0xe1c0, 0xe1c0, 0xe1c0,
  0xe1c0, 0xe1c0, 0xe1c0, 0xe1c0, 0xe1c0, 0xe1c0, 0xe1c0, 0xe1a0,
  0xe1a0, 0xe1a0, 0xe1a0, 0xe1a0, 0xe1a0, 0xe1a0, 0xe1c0, 0xe1c0,
  0xe1c0, 0xe1c0, 0xe1c0, 0xe1c0, 0xe1c0, 0xe1c0, 0xe1c0, 0xe1c0,
  0xe1c0, 0xe1c0, 0xe1c0, 0xe1c0, 0xe1c0, 0xe1c0, 0xe1c0, 0xe1c0,
  0xe1c0, 0xe1c0, 0xe1c0, 0xe1c0, 0xe1c0, 0xe1c0, 0xe1c0, 0xe1c0,
  0xe1c0, 0xe1c0, 0xe1c0, 0xe1c0, 0xe1c0, 0xe1c0, 0xe1c0, 0xe1c0,
  0xe1c0, 0xe1c0, 0xe1c0, 0xe1c0, 0xe1c0, 0xe1c0, 0xe1c0, 0xe1c0,
  0xe1c0, 0xe1c0, 0xe1c0, 0xe1c0, 0xe1c0, 0xe1c0, 0xe1c0, 0xe1c0,
  0xe1c0, 0xe1c0, 0xe1c0, 0xe1c0, 0xe1c0, 0xe1c0, 0xe1c0, 0xe1c0,
  0xe1c0, 0xe1c0, 0xe1c0, 0xe1c0, 0xe1c0, 0xe1c0, 0xe1c0, 0xe1c0,
  0xe1c0, 0xe1c0, 0xe1c0, 0xe1c0, 0xe1c0, 0xe1c0, 0xe1c0, 0xe1c0,
  0xe1c0, 0xe1c0, 0xe1c0, 0xe1c0, 0xe1c0, 0xe1c0, 0xe1c0, 0xe1c0,
  0xe1c0, 0xe1c0, 0xe1c0, 0xe1c0, 0xe1c0, 0xe1c0, 0xe1c0, 0xe1c0,
  0xe1c0, 0xe1c0, 0xe1c0, 0xe1c0, 0xe1c0, 0xe1c0, 0xe1c0, 0xe1c0,
  0xe1c0, 0xe1c0, 0xd9c0, 0xd1c0, 0xa9a1, 0x61a5, 0xad34, 0xffdf,
  0xffff, 0xffff, 0xffff, 0xffff, 0xffff, 0xffff, 0xffff, 0xf79d,
  0x6b0c, 0x48a1, 0xa161, 0xc180, 0xd1a0, 0xe1a0, 0xe1a0, 0xe1a0,
  0xe1c0, 0xe1a0, 0xe1a0, 0xe1a0, 0xe1a0, 0xe1a0, 0xe1a0, 0xe1a0,
  0xe1a0, 0xe1c0, 0xe1c0, 0xe1c0, 0xd9a0, 0xc980, 0xb960, 0xa140,
  0x9920, 0x9120, 0x9120, 0x9940, 0xa140, 0xa960, 0xb160, 0xb160,
  0xb160, 0xb960, 0xc180, 0xc180, 0xc9a0, 0xd1a0, 0xd1a0, 0xd9c0,
  0xd9c0, 0xd9c0, 0xd9c0, 0xd9c0, 0xd9c0, 0xe1c0, 0xe1c0, 0xe1c0,
  0xe1c0, 0xe1a0, 0xe1a0, 0xe1c0, 0xe1c0, 0xe1a0, 0xe1a0, 0xe1c0,
  0xe1c0, 0xe1c0, 0xe1c0, 0xe1c0, 0xe1c0, 0xe1c0, 0xe1c0, 0xe1c0,
  0xe1c0, 0xe1c0, 0xe1c0, 0xe1c0, 0xe1c0, 0xe1c0, 0xe1c0, 0xe1c0,
  0xe1c0, 0xe1c0, 0xe1c0, 0xe1c0, 0xe1c0, 0xe1c0, 0xe1c0, 0xe1c0,
  0xe1c0, 0xe1c0, 0xe1c0, 0xe1c0, 0xe1c0, 0xe1a0, 0xe1c0, 0xe1c0,
  0xe1c0, 0xe1c0, 0xe1c0, 0xe1c0, 0xe1c0, 0xe1c0, 0xe1c0, 0xe1c0,
  0xe1c0, 0xe1c0, 0xe1c0, 0xe1c0, 0xe1c0, 0xe1c0, 0xe1c0, 0xe1c0,
  0xe1c0, 0xe1c0, 0xe1c0, 0xe1c0, 0xe1c0, 0xe1c0, 0xe1c0, 0xe1c0,
  0xe1c0, 0xe1c0, 0xe1c0, 0xe1c0, 0xe1c0, 0xe1c0, 0xe1c0, 0xe1c0,
  0xe1a0, 0xe1a0, 0xe1a0, 0xe1a0, 0xe1a0, 0xe1a0, 0xe1c0, 0xe1c0,
  0xe1c0, 0xe1c0, 0xe1c0, 0xe1c0, 0xe1c0, 0xe1c0, 0xe1c0, 0xe1c0,
  0xe1c0, 0xe1c0, 0xe1c0, 0xe1c0, 0xe1c0, 0xe1c0, 0xe1c0, 0xe1c0,
  0xe1c0, 0xe1c0, 0xe1c0, 0xe1c0, 0xe1c0, 0xe1c0, 0xe1c0, 0xe1c0,
  0xe1c0, 0xe1c0, 0xe1c0, 0xe1c0, 0xe1c0, 0xe1c0, 0xe1c0, 0xe1c0,
  0xe1c0, 0xe1c0, 0xe1c0, 0xe1c0, 0xe1c0, 0xe1c0, 0xe1c0, 0xe1c0,
  0xe1c0, 0xe1c0, 0xe1c0, 0xe1c0, 0xe1c0, 0xe1c0, 0xe1c0, 0xe1c0,
  0xe1c0, 0xe1c0, 0xe1c0, 0xe1c0, 0xe1c0, 0xe1c0, 0xe1c0, 0xe1a0,
  0xe1a0, 0xe1a0, 0xe1c0, 0xe1c0, 0xe1c0, 0xe1c0, 0xe1c0, 0xe1c0,
  0xe1c0, 0xe1c0, 0xe1c0, 0xe1c0, 0xe1c0, 0xe1c0, 0xe1c0, 0xe1c0,
  0xe1c0, 0xe1c0, 0xe1c0, 0xe1c0, 0xe1c0, 0xe1c0, 0xe1c0, 0xe1c0,
  0xe1c0, 0xe1c0, 0xe1c0, 0xe1c0, 0xe1c0, 0xe1c0, 0xe1c0, 0xe1c0,
  0xe1c0, 0xe1c0, 0xe1c0, 0xe1c0, 0xe1c0, 0xe1c0, 0xe1c0, 0xe1c0,
  0xe1c0, 0xe1c0, 0xd9c0, 0xc9c1, 0x8162, 0x6289, 0xdedb, 0xffff,
  0xffff, 0xffff, 0xffff, 0xffff, 0xffff, 0xffff, 0xffff, 0xdedb,
  0x30e3, 0x7101, 0xb160, 0xc980, 0xd9a0, 0xe1a0, 0xe1a0, 0xe1c0,
  0xe1c0, 0xe1c0, 0xe1c0, 0xe1c0, 0xe1c0, 0xe1c0, 0xe1c0, 0xe1c0,
  0xe1c0, 0xe1c0, 0xe1c0, 0xe1c0, 0xd9a0, 0xd1a0, 0xc180, 0xb960,
  0xb160, 0xb160, 0xb140, 0xb160, 0xb980, 0xc1a0, 0xc9a0, 0xc9a0,
  0xd1a0, 0xd1a0, 0xd1a0, 0xd1a0, 0xd9a0, 0xd9c0, 0xd9c0, 0xe1c0,
  0xe1c0, 0xe1c0, 0xe1c0, 0xe1c0, 0xe1c0, 0xe1c0, 0xe1c0, 0xe1c0,
  0xe1c0, 0xe1c0, 0xe1c0, 0xe1c0, 0xe1c0, 0xe1c0, 0xe1c0, 0xe1c0,
  0xe1c0, 0xe1c0, 0xe1c0, 0xe1c0, 0xe1c0, 0xe1c0, 0xe1c0, 0xe1c0,
  0xe1c0, 0xe1c0, 0xe1c0, 0xe1c0, 0xe1c0, 0xe1c0, 0xe1c0, 0xe1c0,
  0xe1c0, 0xe1c0, 0xe1c0, 0xe1c0, 0xe1c0, 0xe1c0, 0xe1c0, 0xe1c0,
  0xe1c0, 0xe1c0, 0xe1c0, 0xe1c0, 0xe1c0, 0xe1a0, 0xe1a0, 0xe1a0,
  0xe1c0, 0xe1c0, 0xe1c0, 0xe1c0, 0xe1c0, 0xe1c0, 0xe1c0, 0xe1c0,
  0xe1c0, 0xe1c0, 0xe1c0, 0xe1c0, 0xe1c0, 0xe1c0, 0xe1c0, 0xe1c0,
  0xe1c0, 0xe1c0, 0xe1c0, 0xe1c0, 0xe1c0, 0xe1c0, 0xe1c0, 0xe1c0,
  0xe1c0, 0xe1c0, 0xe1c0, 0xe1c0, 0xe1c0, 0xe1c0, 0xe1c0, 0xe1c0,
  0xe1c0, 0xe1c0, 0xe1c0, 0xe1c0, 0xe1c0, 0xe1c0, 0xe1c0, 0xe1c0,
  0xe1c0, 0xe1c0, 0xe1c0, 0xe1c0, 0xe1c0, 0xe1c0, 0xe1c0, 0xe1c0,
  0xe1c0, 0xe1c0, 0xe1c0, 0xe1c0, 0xe1c0, 0xe1c0, 0xe1c0, 0xe1c0,
  0xe1c0, 0xe1c0, 0xe1c0, 0xe1c0, 0xe1c0, 0xe1c0, 0xe1c0, 0xe1c0,
  0xe1c0, 0xe1c0, 0xe1c0, 0xe1c0, 0xe1c0, 0xe1c0, 0xe1c0, 0xe1c0,
  0xe1c0, 0xe1c0, 0xe1c0, 0xe1c0, 0xe1c0, 0xe1c0, 0xe1c0, 0xe1c0,
  0xe1c0, 0xe1c0, 0xe1c0, 0xe1c0, 0xe1c0, 0xe1c0, 0xe1c0, 0xe1c0,
  0xe1c0, 0xe1c0, 0xe1c0, 0xe1c0, 0xe1c0, 0xe1c0, 0xe1a0, 0xe1a0,
  0xe1a0, 0xe1a0, 0xe1c0, 0xe1c0, 0xe1c0, 0xe1c0, 0xe1c0, 0xe1c0,
  0xe1c0, 0xe1c0, 0xe1c0, 0xe1c0, 0xe1c0, 0xe1c0, 0xe1c0, 0xe1c0,
  0xe1c0, 0xe1c0, 0xe1c0, 0xe1c0, 0xe1c0, 0xe1c0, 0xe1c0, 0xe1c0,
  0xe1c0, 0xe1c0, 0xe1c0, 0xe1c0, 0xe1c0, 0xe1c0, 0xe1c0, 0xe1c0,
  0xe1c0, 0xe1c0, 0xe1c0, 0xe1c0, 0xe1c0, 0xe1c0, 0xe1c0, 0xe1c0,
  0xe1c0, 0xe1c0, 0xd9c0, 0xb1c1, 0x6984, 0x8c30, 0xffde, 0xffff,
  0xffff, 0xffff, 0xffff, 0xffff, 0xffdf, 0xef7d, 0xdefb, 0x9451,
  0x4060, 0x9941, 0xb980, 0xd1a0, 0xd9c0, 0xe1a0, 0xe1a0, 0xe1c0,
  0xe1c0, 0xe1c0, 0xe1c0, 0xe1c0, 0xe1c0, 0xe1c0, 0xe1c0, 0xe1c0,
  0xe1c0, 0xe1c0, 0xe1c0, 0xe1c0, 0xe1c0, 0xd9a0, 0xd1a0, 0xc9a0,
  0xc9a0, 0xc980, 0xc980, 0xc9a0, 0xd1a0, 0xd1a0, 0xd1a0, 0xd9c0,
  0xd9c0, 0xd9a0, 0xd9a0, 0xe1c0, 0xe1c0, 0xe1c0, 0xe1c0, 0xe1c0,
  0xe1c0, 0xe1c0, 0xe1c0, 0xe1c0, 0xe1c0, 0xe1c0, 0xe1c0, 0xe1c0,
  0xe1c0, 0xe1c0, 0xe1c0, 0xe1c0, 0xe1c0, 0xe1c0, 0xe1c0, 0xe1c0,
  0xe1c0, 0xe1c0, 0xe1c0, 0xe1c0, 0xe1c0, 0xe1c0, 0xe1c0, 0xe1c0,
  0xe1c0, 0xe1c0, 0xe1c0, 0xe1c0, 0xe1c0, 0xe1c0, 0xe1c0, 0xe1c0,
  0xe1c0, 0xe1c0, 0xe1c0, 0xe1c0, 0xe1c0, 0xe1c0, 0xe1c0, 0xe1c0,
  0xe1c0, 0xe1c0, 0xe1c0, 0xe1c0, 0xe1c0, 0xe1a0, 0xe1a0, 0xe1a0,
  0xe1c0, 0xe1c0, 0xe1c0, 0xe1c0, 0xe1c0, 0xe1c0, 0xe1c0, 0xe1c0,
  0xe1c0, 0xe1c0, 0xe1c0, 0xe1c0, 0xe1c0, 0xe1c0, 0xe1c0, 0xe1c0,
  0xe1c0, 0xe1c0, 0xe1c0, 0xe1c0, 0xe1c0, 0xe1c0, 0xe1c0, 0xe1c0,
  0xe1c0, 0xe1c0, 0xe1c0, 0xe1c0, 0xe1c0, 0xe1c0, 0xe1c0, 0xe1c0,
  0xe1c0, 0xe1c0, 0xe1c0, 0xe1c0, 0xe1c0, 0xe1c0, 0xe1c0, 0xe1c0,
  0xe1c0, 0xe1c0, 0xe1c0, 0xe1c0, 0xe1c0, 0xe1c0, 0xe1c0, 0xe1c0,
  0xe1c0, 0xe1c0, 0xe1c0, 0xe1c0, 0xe1c0, 0xe1c0, 0xe1c0, 0xe1c0,
  0xe1c0, 0xe1c0, 0xe1c0, 0xe1c0, 0xe1c0, 0xe1c0, 0xe1c0, 0xe1c0,
  0xe1c0, 0xe1c0, 0xe1c0, 0xe1c0, 0xe1c0, 0xe1c0, 0xe1c0, 0xe1c0,
  0xe1c0, 0xe1c0, 0xe1c0, 0xe1c0, 0xe1c0, 0xe1c0, 0xe1c0, 0xe1c0,
  0xe1c0, 0xe1c0, 0xe1c0, 0xe1c0, 0xe1c0, 0xe1c0, 0xe1c0, 0xe1c0,
  0xe1c0, 0xe1c0, 0xe1c0, 0xe1c0, 0xe1c0, 0xe1c0, 0xe1c0, 0xe1c0,
  0xe1c0, 0xe1c0, 0xe1c0, 0xe1c0, 0xe1c0, 0xe1c0, 0xe1c0, 0xe1c0,
  0xe1c0, 0xe1c0, 0xe1c0, 0xe1c0, 0xe1c0, 0xe1c0, 0xe1c0, 0xe1c0,
  0xe1c0, 0xe1c0, 0xe1c0, 0xe1c0, 0xe1c0, 0xe1c0, 0xe1c0, 0xe1c0,
  0xe1c0, 0xe1c0, 0xe1c0, 0xe1c0, 0xe1c0, 0xe1c0, 0xe1c0, 0xe1c0,
  0xe1c0, 0xe1c0, 0xe1c0, 0xe1c0, 0xe1c0, 0xe1c0, 0xe1c0, 0xe1c0,
  0xe1c0, 0xd9c0, 0xd1c0, 0x9182, 0x5a07, 0xc638, 0xffff, 0xffff,
  0xf79e, 0xdefb, 0xbdf7, 0xad55, 0x9cd2, 0x83ef, 0x7b2c, 0x5144,
  0x70e0, 0xa960, 0xc180, 0xd1a0, 0xd9c0, 0xe1a0, 0xe1c0, 0xe1c0,
  0xe1c0, 0xe1c0, 0xe1c0, 0xe1c0, 0xe1c0, 0xe1c0, 0xe1c0, 0xe1c0,
  0xe1c0, 0xe1c0, 0xe1c0, 0xe1c0, 0xe1c0, 0xe1c0, 0xd9a0, 0xd9a0,
  0xd9a0, 0xd9a0, 0xd9a0, 0xd9c0, 0xd9c0, 0xd9a0, 0xd9c0, 0xe1c0,
  0xe1c0, 0xe1c0, 0xe1c0, 0xe1a0, 0xe1c0, 0xe1c0, 0xe1c0, 0xe1c0,
  0xe1c0, 0xe1c0, 0xe1a0, 0xe1c0, 0xe1c0, 0xe1a0, 0xe1a0, 0xe1c0,
  0xe1c0, 0xe1c0, 0xe1c0, 0xe1c0, 0xe1c0, 0xe1c0, 0xe1c0, 0xe1c0,
  0xe1c0, 0xe1c0, 0xe1c0, 0xe1c0, 0xe1c0, 0xe1c0, 0xe1c0, 0xe1c0,
  0xe1c0, 0xe1c0, 0xe1c0, 0xe1c0, 0xe1c0, 0xe1c0, 0xe1c0, 0xe1c0,
  0xe1c0, 0xe1c0, 0xe1c0, 0xe1c0, 0xe1c0, 0xe1c0, 0xe1c0, 0xe1c0,
  0xe1c0, 0xe1c0, 0xe1c0, 0xe1c0, 0xe1c0, 0xe1c0, 0xe1a0, 0xe1a0,
  0xe1c0, 0xe1c0, 0xe1c0, 0xe1c0, 0xe1c0, 0xe1c0, 0xe1c0, 0xe1c0,
  0xe1c0, 0xe1c0, 0xe1c0, 0xe1c0, 0xe1c0, 0xe1c0, 0xe1c0, 0xe1c0,
  0xe1c0, 0xe1c0, 0xe1c0, 0xe1c0, 0xe1c0, 0xe1c0, 0xe1c0, 0xe1c0,
  0xe1c0, 0xe1c0, 0xe1c0, 0xe1c0, 0xe1c0, 0xe1c0, 0xe1c0, 0xe1c0,
  0xe1c0, 0xe1c0, 0xe1c0, 0xe1c0, 0xe1c0, 0xe1c0, 0xe1c0, 0xe1c0,
  0xe1c0, 0xe1c0, 0xe1c0, 0xe1c0, 0xe1c0, 0xe1c0, 0xe1c0, 0xe1c0,
  0xe1c0, 0xe1c0, 0xe1c0, 0xe1c0, 0xe1c0, 0xe1c0, 0xe1c0, 0xe1c0,
  0xe1c0, 0xe1c0, 0xe1c0, 0xe1c0, 0xe1c0, 0xe1c0, 0xe1c0, 0xe1c0,
  0xe1c0, 0xe1c0, 0xe1c0, 0xe1c0, 0xe1c0, 0xe1c0, 0xe1c0, 0xe1c0,
  0xe1c0, 0xe1c0, 0xe1c0, 0xe1c0, 0xe1c0, 0xe1c0, 0xe1c0, 0xe1c0,
  0xe1c0, 0xe1c0, 0xe1c0, 0xe1c0, 0xe1c0, 0xe1c0, 0xe1c0, 0xe1c0,
  0xe1c0, 0xe1c0, 0xe1c0, 0xe1c0, 0xe1c0, 0xe1c0, 0xe1c0, 0xe1c0,
  0xe1c0, 0xe1c0, 0xe1c0, 0xe1c0, 0xe1c0, 0xe1c0, 0xe1c0, 0xe1c0,
  0xe1c0, 0xe1c0, 0xe1c0, 0xe1c0, 0xe1c0, 0xe1c0, 0xe1c0, 0xe1c0,
  0xe1c0, 0xe1c0, 0xe1c0, 0xe1c0, 0xe1c0, 0xe1c0, 0xe1c0, 0xe1c0,
  0xe1c0, 0xe1c0, 0xe1c0, 0xe1c0, 0xe1c0, 0xe1c0, 0xe1c0, 0xe1c0,
  0xe1c0, 0xe1c0, 0xe1c0, 0xe1c0, 0xe1c0, 0xe1c0, 0xe1c0, 0xe1c0,
  0xe1c0, 0xd9c0, 0xc9c1, 0x7943, 0x62aa, 0xc618, 0xad55, 0x9cb2,
  0x8c0f, 0x732c, 0x5207, 0x4985, 0x4102, 0x48e1, 0x5901, 0x7121,
  0x9940, 0xb980, 0xc9a0, 0xd9a0, 0xe1c0, 0xe1c0, 0xe1c0, 0xe1c0,
  0xe1c0, 0xe1c0, 0xe1c0, 0xe1c0, 0xe1c0, 0xe1c0, 0xe1c0, 0xe1c0,
  0xe1c0, 0xe1c0, 0xe1c0, 0xe1c0, 0xe1c0, 0xe1c0, 0xe1c0, 0xe1c0,
  0xe1c0, 0xe1c0, 0xe1c0, 0xe1c0, 0xe1c0, 0xe1c0, 0xe1c0, 0xe1c0,
  0xe1c0, 0xe1c0, 0xe1a0, 0xe1a0, 0xe1c0, 0xe1c0, 0xe1c0, 0xe1c0,
  0xe1c0, 0xe1c0, 0xe1c0, 0xe1c0, 0xe1c0, 0xe1c0, 0xe1a0, 0xe1c0,
  0xe1c0, 0xe1c0, 0xe1c0, 0xe1c0, 0xe1c0, 0xe1c0, 0xe1c0, 0xe1c0,
  0xe1c0, 0xe1c0, 0xe1c0, 0xe1c0, 0xe1c0, 0xe1c0, 0xe1c0, 0xe1c0,
  0xe1c0, 0xe1c0, 0xe1c0, 0xe1c0, 0xe1c0, 0xe1c0, 0xe1c0, 0xe1c0,
  0xe1c0, 0xe1c0, 0xe1c0, 0xe1c0, 0xe1c0, 0xe1c0, 0xe1c0, 0xe1c0,
  0xe1c0, 0xe1c0, 0xe1c0, 0xe1c0, 0xe1c0, 0xe1c0, 0xe1a0, 0xe1a0,
  0xe1c0, 0xe1c0, 0xe1c0, 0xe1c0, 0xe1c0, 0xe1c0, 0xe1c0, 0xe1c0,
  0xe1c0, 0xe1c0, 0xe1c0, 0xe1a0, 0xe1a0, 0xe1c0, 0xe1c0, 0xe1c0,
  0xe1c0, 0xe1c0, 0xe1c0, 0xe1c0, 0xe1c0, 0xe1c0, 0xe1c0, 0xe1c0,
  0xe1c0, 0xe1c0, 0xe1c0, 0xe1c0, 0xe1c0, 0xe1c0, 0xe1c0, 0xe1c0,
  0xe1c0, 0xe1c0, 0xe1c0, 0xe1c0, 0xe1c0, 0xe1c0, 0xe1c0, 0xe1c0,
  0xe1c0, 0xe1c0, 0xe1c0, 0xe1c0, 0xe1c0, 0xe1c0, 0xe1c0, 0xe1c0,
  0xe1c0, 0xe1c0, 0xe1c0, 0xe1c0, 0xe1c0, 0xe1c0, 0xe1c0, 0xe1c0,
  0xe1c0, 0xe1c0, 0xe1c0, 0xe1c0, 0xe1a0, 0xe1c0, 0xe1c0, 0xe1c0,
  0xe1c0, 0xe1c0, 0xe1c0, 0xe1c0, 0xe1c0, 0xe1c0, 0xe1c0, 0xe1c0,
  0xe1c0, 0xe1c0, 0xe1c0, 0xe1c0, 0xe1c0, 0xe1c0, 0xe1a0, 0xe1a0,
  0xe1c0, 0xe1c0, 0xe1c0, 0xe1c0, 0xe1c0, 0xe1c0, 0xe1c0, 0xe1c0,
  0xe1c0, 0xe1c0, 0xe1c0, 0xe1c0, 0xe1c0, 0xe1c0, 0xe1c0, 0xe1c0,
  0xe1c0, 0xe1c0, 0xe1c0, 0xe1c0, 0xe1c0, 0xe1c0, 0xe1c0, 0xe1c0,
  0xe1c0, 0xe1c0, 0xe1c0, 0xe1c0, 0xe1c0, 0xe1c0, 0xe1c0, 0xe1c0,
  0xe1c0, 0xe1c0, 0xe1c0, 0xe1c0, 0xe1c0, 0xe1c0, 0xe1c0, 0xe1c0,
  0xe1c0, 0xe1c0, 0xe1c0, 0xe1c0, 0xe1c0, 0xe1c0, 0xe1c0, 0xe1c0,
  0xe1c0, 0xe1c0, 0xe1c0, 0xe1c0, 0xe1c0, 0xe1c0, 0xe1c0, 0xe1c0,
  0xe1c0, 0xd9c0, 0xb9a1, 0x60e2, 0x4165, 0x6269, 0x49a5, 0x4943,
  0x4902, 0x50e1, 0x58e1, 0x6101, 0x7121, 0x7940, 0x8140, 0x9940,
  0xa960, 0xc180, 0xd1a0, 0xd9c0, 0xe1c0, 0xe1c0, 0xe1c0, 0xe1c0,
  0xe1c0, 0xe1c0, 0xe1c0, 0xe1c0, 0xe1c0, 0xe1c0, 0xe1c0, 0xe1c0,
  0xe1c0, 0xe1c0, 0xe1c0, 0xe1c0, 0xe1c0, 0xe1c0, 0xe1c0, 0xe1c0,
  0xe1c0, 0xe1c0, 0xe1c0, 0xe1c0, 0xe1c0, 0xe1c0, 0xe1c0, 0xe1c0,
  0xe1c0, 0xe1c0, 0xe1a0, 0xe1a0, 0xe1c0, 0xe1c0, 0xe1c0, 0xe1c0,
  0xe1c0, 0xe1c0, 0xe1c0, 0xe1c0, 0xe1c0, 0xe1c0, 0xe1c0, 0xe1c0,
  0xe1c0, 0xe1c0, 0xe1c0, 0xe1c0, 0xe1c0, 0xe1c0, 0xe1c0, 0xe1c0,
  0xe1c0, 0xe1c0, 0xe1c0, 0xe1c0, 0xe1c0, 0xe1c0, 0xe1c0, 0xe1c0,
  0xe1c0, 0xe1c0, 0xe1c0, 0xe1c0, 0xe1c0, 0xe1c0, 0xe1c0, 0xe1c0,
  0xe1c0, 0xe1c0, 0xe1c0, 0xe1c0, 0xe1c0, 0xe1c0, 0xe1a0, 0xe1a0,
  0xe1c0, 0xe1c0, 0xe1c0, 0xe1c0, 0xe1c0, 0xe1c0, 0xe1a0, 0xe1a0,
  0xe1c0, 0xe1c0, 0xe1c0, 0xe1c0, 0xe1c0, 0xe1c0, 0xe1c0, 0xe1c0,
  0xe1c0, 0xe1c0, 0xe1c0, 0xe1a0, 0xe1a0, 0xe1a0, 0xe1a0, 0xe1c0,
  0xe1c0, 0xe1c0, 0xe1c0, 0xe1c0, 0xe1c0, 0xe1c0, 0xe1c0, 0xe1c0,
  0xe1c0, 0xe1c0, 0xe1c0, 0xe1c0, 0xe1c0, 0xe1c0, 0xe1c0, 0xe1c0,
  0xe1c0, 0xe1c0, 0xe1c0, 0xe1c0, 0xe1c0, 0xe1c0, 0xe1c0, 0xe1c0,
  0xe1c0, 0xe1c0, 0xe1c0, 0xe1c0, 0xe1c0, 0xe1c0, 0xe1c0, 0xe1c0,
  0xe1c0, 0xe1c0, 0xe1c0, 0xe1c0, 0xe1c0, 0xe1c0, 0xe1c0, 0xe1c0,
  0xe1c0, 0xe1c0, 0xe1c0, 0xe1c0, 0xe1a0, 0xe1c0, 0xe1c0, 0xe1c0,
  0xe1c0, 0xe1c0, 0xe1c0, 0xe1c0, 0xe1c0, 0xe1c0, 0xe1c0, 0xe1c0,
  0xe1c0, 0xe1c0, 0xe1c0, 0xe1c0, 0xe1c0, 0xe1c0, 0xe1a0, 0xe1a0,
  0xe1c0, 0xe1c0, 0xe1c0, 0xe1c0, 0xe1c0, 0xe1c0, 0xe1c0, 0xe1c0,
  0xe1c0, 0xe1c0, 0xe1c0, 0xe1c0, 0xe1c0, 0xe1c0, 0xe1c0, 0xe1c0,
  0xe1c0, 0xe1c0, 0xe1c0, 0xe1c0, 0xe1c0, 0xe1c0, 0xe1c0, 0xe1c0,
  0xe1c0, 0xe1c0, 0xe1c0, 0xe1c0, 0xe1c0, 0xe1c0, 0xe1c0, 0xe1c0,
  0xe1c0, 0xe1c0, 0xe1c0, 0xe1c0, 0xe1c0, 0xe1c0, 0xe1c0, 0xe1c0,
  0xe1c0, 0xe1c0, 0xe1c0, 0xe1c0, 0xe1c0, 0xe1c0, 0xe1c0, 0xe1c0,
  0xe1c0, 0xe1c0, 0xe1c0, 0xe1c0, 0xe1c0, 0xe1c0, 0xe1c0, 0xe1c0,
  0xe1c0, 0xd9c0, 0xb9a1, 0x7901, 0x60e1, 0x6101, 0x6101, 0x7101,
  0x7120, 0x7920, 0x8120, 0x8120, 0x8920, 0x8940, 0x9940, 0xa960,
  0xb960, 0xc9a0, 0xd9a0, 0xe1c0, 0xe1c0, 0xe1a0, 0xe1c0, 0xe1c0,
  0xe1c0, 0xe1c0, 0xe1c0, 0xe1c0, 0xe1c0, 0xe1c0, 0xe1c0, 0xe1c0,
  0xe1c0, 0xe1c0, 0xe1c0, 0xe1c0, 0xe1c0, 0xe1c0, 0xe1c0, 0xe1c0,
  0xe1c0, 0xe1c0, 0xe1c0, 0xe1c0, 0xe1c0, 0xe1c0, 0xe1a0, 0xe1a0,
  0xe1c0, 0xe1c0, 0xe1a0, 0xe1c0, 0xe1c0, 0xe1c0, 0xe1c0, 0xe1c0,
  0xe1c0, 0xe1c0, 0xe1c0, 0xe1c0, 0xe1c0, 0xe1c0, 0xe1c0, 0xe1c0,
  0xe1c0, 0xe1c0, 0xe1c0, 0xe1c0, 0xe1c0, 0xe1c0, 0xe1c0, 0xe1c0,
  0xe1c0, 0xe1c0, 0xe1c0, 0xe1c0, 0xe1c0, 0xe1c0, 0xe1c0, 0xe1c0,
  0xe1c0, 0xe1c0, 0xe1c0, 0xe1c0, 0xe1c0, 0xe1c0, 0xe1c0, 0xe1c0,
  0xe1c0, 0xe1c0, 0xe1c0, 0xe1c0, 0xe1c0, 0xe1c0, 0xe1c0, 0xe1c0,
  0xe1c0, 0xe1c0, 0xe1c0, 0xe1c0, 0xe1a0, 0xe1a0, 0xe1c0, 0xe1c0,
  0xe1c0, 0xe1c0, 0xe1c0, 0xe1c0, 0xe1c0, 0xe1c0, 0xe1c0, 0xe1c0,
  0xe1c0, 0xe1c0, 0xe1c0, 0xe1a0, 0xe1a0, 0xe1a0, 0xe1a0, 0xe1c0,
  0xe1c0, 0xe1c0, 0xe1c0, 0xe1c0, 0xe1c0, 0xe1c0, 0xe1c0, 0xe1c0,
  0xe1c0, 0xe1c0, 0xe1c0, 0xe1c0, 0xe1c0, 0xe1c0, 0xe1c0, 0xe1c0,
  0xe1c0, 0xe1c0, 0xe1c0, 0xe1c0, 0xe1c0, 0xe1c0, 0xe1c0, 0xe1c0,
  0xe1c0, 0xe1c0, 0xe1c0, 0xe1c0, 0xe1c0, 0xe1c0, 0xe1c0, 0xe1c0,
  0xe1c0, 0xe1c0, 0xe1c0, 0xe1c0, 0xe1c0, 0xe1c0, 0xe1c0, 0xe1c0,
  0xe1c0, 0xe1c0, 0xe1c0, 0xe1c0, 0xe1c0, 0xe1c0, 0xe1c0, 0xe1c0,
  0xe1c0, 0xe1c0, 0xe1c0, 0xe1c0, 0xe1c0, 0xe1c0, 0xe1c0, 0xe1c0,
  0xe1c0, 0xe1c0, 0xe1c0, 0xe1c0, 0xe1c0, 0xe1c0, 0xe1c0, 0xe1c0,
  0xe1c0, 0xe1c0, 0xe1c0, 0xe1c0, 0xe1c0, 0xe1c0, 0xe1c0, 0xe1c0,
  0xe1c0, 0xe1c0, 0xe1c0, 0xe1c0, 0xe1c0, 0xe1c0, 0xe1c0, 0xe1c0,
  0xe1c0, 0xe1c0, 0xe1c0, 0xe1c0, 0xe1c0, 0xe1c0, 0xe1c0, 0xe1c0,
  0xe1c0, 0xe1c0, 0xe1c0, 0xe1c0, 0xe1c0, 0xe1c0, 0xe1c0, 0xe1c0,
  0xe1c0, 0xe1c0, 0xe1c0, 0xe1c0, 0xe1c0, 0xe1c0, 0xe1c0, 0xe1c0,
  0xe1c0, 0xe1c0, 0xe1c0, 0xe1c0, 0xe1c0, 0xe1c0, 0xe1c0, 0xe1c0,
  0xe1c0, 0xe1c0, 0xe1c0, 0xe1c0, 0xe1c0, 0xe1c0, 0xe1c0, 0xe1c0,
  0xd9c0, 0xd1c0, 0xc1a0, 0xa960, 0x9960, 0x8940, 0x8920, 0x8920,
  0x9120, 0x9120, 0x9940, 0xa140, 0xa160, 0xa960, 0xb160, 0xb980,
  0xc9a0, 0xd1a0, 0xd9c0, 0xe1c0, 0xe1c0, 0xe1c0, 0xe1c0, 0xe1c0,
  0xe1c0, 0xe1c0, 0xe1c0, 0xe1c0, 0xe1c0, 0xe1c0, 0xe1c0, 0xe1c0,
  0xe1c0, 0xe1c0, 0xe1c0, 0xe1c0, 0xe1c0, 0xe1c0, 0xe1c0, 0xe1c0,
  0xe1c0, 0xe1c0, 0xe1c0, 0xe1c0, 0xe1c0, 0xe1c0, 0xe1c0, 0xe1a0,
  0xe1a0, 0xe1a0, 0xe1c0, 0xe1c0, 0xe1c0, 0xe1c0, 0xe1c0, 0xe1c0,
  0xe1c0, 0xe1c0, 0xe1c0, 0xe1c0, 0xe1c0, 0xe1c0, 0xe1c0, 0xe1c0,
  0xe1c0, 0xe1c0, 0xe1c0, 0xe1c0, 0xe1c0, 0xe1c0, 0xe1c0, 0xe1c0,
  0xe1c0, 0xe1c0, 0xe1c0, 0xe1c0, 0xe1c0, 0xe1c0, 0xe1c0, 0xe1c0,
  0xe1c0, 0xe1c0, 0xe1c0, 0xe1c0, 0xe1c0, 0xe1c0, 0xe1c0, 0xe1c0,
  0xe1c0, 0xe1c0, 0xe1c0, 0xe1c0, 0xe1c0, 0xe1c0, 0xe1c0, 0xe1c0,
  0xe1c0, 0xe1c0, 0xe1c0, 0xe1c0, 0xe1a0, 0xe1a0, 0xe1c0, 0xe1c0,
  0xe1c0, 0xe1c0, 0xe1c0, 0xe1c0, 0xe1c0, 0xe1c0, 0xe1c0, 0xe1c0,
  0xe1c0, 0xe1c0, 0xe1c0, 0xe1c0, 0xe1c0, 0xe1a0, 0xe1a0, 0xe1c0,
  0xe1c0, 0xe1c0, 0xe1c0, 0xe1c0, 0xe1c0, 0xe1c0, 0xe1c0, 0xe1c0,
  0xe1c0, 0xe1c0, 0xe1c0, 0xe1c0, 0xe1c0, 0xe1c0, 0xe1c0, 0xe1c0,
  0xe1c0, 0xe1c0, 0xe1c0, 0xe1c0, 0xe1c0, 0xe1c0, 0xe1c0, 0xe1c0,
  0xe1c0, 0xe1c0, 0xe1c0, 0xe1c0, 0xe1c0, 0xe1c0, 0xe1c0, 0xe1c0,
  0xe1c0, 0xe1c0, 0xe1c0, 0xe1c0, 0xe1c0, 0xe1c0, 0xe1c0, 0xe1c0,
  0xe1c0, 0xe1c0, 0xe1c0, 0xe1c0, 0xe1c0, 0xe1c0, 0xe1c0, 0xe1c0,
  0xe1c0, 0xe1c0, 0xe1c0, 0xe1c0, 0xe1c0, 0xe1c0, 0xe1c0, 0xe1c0,
  0xe1c0, 0xe1c0, 0xe1c0, 0xe1a0, 0xe1a0, 0xe1c0, 0xe1c0, 0xe1c0,
  0xe1c0, 0xe1c0, 0xe1c0, 0xe1c0, 0xe1c0, 0xe1c0, 0xe1c0, 0xe1c0,
  0xe1c0, 0xe1c0, 0xe1c0, 0xe1c0, 0xe1c0, 0xe1c0, 0xe1c0, 0xe1c0,
  0xe1c0, 0xe1c0, 0xe1c0, 0xe1c0, 0xe1c0, 0xe1c0, 0xe1c0, 0xe1c0,
  0xe1c0, 0xe1c0, 0xe1c0, 0xe1c0, 0xe1c0, 0xe1c0, 0xe1c0, 0xe1c0,
  0xe1c0, 0xe1c0, 0xe1c0, 0xe1c0, 0xe1c0, 0xe1c0, 0xe1c0, 0xe1c0,
  0xe1c0, 0xe1c0, 0xe1c0, 0xe1c0, 0xe1c0, 0xe1c0, 0xe1c0, 0xe1c0,
  0xe1c0, 0xe1c0, 0xe1c0, 0xe1c0, 0xe1c0, 0xe1c0, 0xe1c0, 0xe1c0,
  0xd9c0, 0xd1c0, 0xc1a0, 0xb980, 0xa960, 0xa160, 0xa160, 0xa160,
  0xa960, 0xa960, 0xb180, 0xb980, 0xb980, 0xc1a0, 0xc9a0, 0xd1a0,
  0xd9a0, 0xd9a0, 0xe1c0, 0xe1c0, 0xe1c0, 0xe1c0, 0xe1c0, 0xe1c0,
  0xe1c0, 0xe1c0, 0xe1c0, 0xe1c0, 0xe1c0, 0xe1c0, 0xe1c0, 0xe1c0,
  0xe1c0, 0xe1c0, 0xe1c0, 0xe1c0, 0xe1c0, 0xe1c0, 0xe1c0, 0xe1c0,
  0xe1c0, 0xe1c0, 0xe1c0, 0xe1c0, 0xe1c0, 0xe1c0, 0xe1c0, 0xe1c0,
  0xe1a0, 0xe1a0, 0xe1c0, 0xe1c0, 0xe1c0, 0xe1c0, 0xe1c0, 0xe1c0,
  0xe1c0, 0xe1c0, 0xe1c0, 0xe1c0, 0xe1c0, 0xe1c0, 0xe1c0, 0xe1c0,
  0xe1c0, 0xe1c0, 0xe1c0, 0xe1c0, 0xe1c0, 0xe1c0, 0xe1c0, 0xe1c0,
  0xe1c0, 0xe1c0, 0xe1c0, 0xe1c0, 0xe1c0, 0xe1c0, 0xe1c0, 0xe1c0,
  0xe1c0, 0xe1c0, 0xe1c0, 0xe1c0, 0xe1c0, 0xe1c0, 0xe1c0, 0xe1c0,
  0xe1c0, 0xe1c0, 0xe1c0, 0xe1c0, 0xe1c0, 0xe1c0, 0xe1c0, 0xe1c0,
  0xe1c0, 0xe1c0, 0xe1c0, 0xe1c0, 0xe1c0, 0xe1c0, 0xe1c0, 0xe1c0,
  0xe1c0, 0xe1c0, 0xe1c0, 0xe1c0, 0xe1c0, 0xe1c0, 0xe1c0, 0xe1c0,
  0xe1c0, 0xe1c0, 0xe1c0, 0xe1c0, 0xe1c0, 0xe1a0, 0xe1a0, 0xe1c0,
  0xe1c0, 0xe1c0, 0xe1c0, 0xe1c0, 0xe1c0, 0xe1c0, 0xe1c0, 0xe1c0,
  0xe1c0, 0xe1c0, 0xe1c0, 0xe1c0, 0xe1c0, 0xe1c0, 0xe1c0, 0xe1c0,
  0xe1c0, 0xe1c0, 0xe1c0, 0xe1c0, 0xe1c0, 0xe1c0, 0xe1c0, 0xe1c0,
  0xe1c0, 0xe1c0, 0xe1c0, 0xe1c0, 0xe1c0, 0xe1c0, 0xe1c0, 0xe1c0,
  0xe1c0, 0xe1c0, 0xe1c0, 0xe1c0, 0xe1c0, 0xe1c0, 0xe1c0, 0xe1c0,
  0xe1c0, 0xe1c0, 0xe1c0, 0xe1c0, 0xe1c0, 0xe1c0, 0xe1c0, 0xe1c0,
  0xe1c0, 0xe1c0, 0xe1c0, 0xe1c0, 0xe1c0, 0xe1c0, 0xe1c0, 0xe1c0,
  0xe1c0, 0xe1c0, 0xe1c0, 0xe1c0, 0xe1c0, 0xe1c0, 0xe1c0, 0xe1c0,
  0xe1c0, 0xe1c0, 0xe1c0, 0xe1c0, 0xe1c0, 0xe1c0, 0xe1c0, 0xe1c0,
  0xe1c0, 0xe1c0, 0xe1c0, 0xe1c0, 0xe1c0, 0xe1c0, 0xe1c0, 0xe1c0,
  0xe1c0, 0xe1c0, 0xe1c0, 0xe1c0, 0xe1c0, 0xe1c0, 0xe1c0, 0xe1c0,
  0xe1c0, 0xe1c0, 0xe1c0, 0xe1c0, 0xe1c0, 0xe1c0, 0xe1c0, 0xe1c0,
  0xe1c0, 0xe1c0, 0xe1c0, 0xe1c0, 0xe1c0, 0xe1c0, 0xe1c0, 0xe1c0,
  0xe1c0, 0xe1c0, 0xe1c0, 0xe1c0, 0xe1c0, 0xe1c0, 0xe1c0, 0xe1c0,
  0xe1c0, 0xe1c0, 0xe1c0, 0xe1c0, 0xe1c0, 0xe1c0, 0xe1c0, 0xe1c0,
  0xe1c0, 0xd9c0, 0xd1a0, 0xc180, 0xb980, 0xb980, 0xb980, 0xc180,
  0xc180, 0xc1a0, 0xc9a0, 0xc9a0, 0xd1c0, 0xd1c0, 0xd9c0, 0xd9c0,
  0xe1c0, 0xe1c0, 0xe1c0, 0xe1c0, 0xe1c0, 0xe1c0, 0xe1c0, 0xe1c0,
  0xe1c0, 0xe1c0, 0xe1c0, 0xe1c0, 0xe1c0, 0xe1c0, 0xe1c0, 0xe1c0,
  0xe1c0, 0xe1c0, 0xe1c0, 0xe1c0, 0xe1c0, 0xe1c0, 0xe1c0, 0xe1c0,
  0xe1c0, 0xe1c0, 0xe1c0, 0xe1c0, 0xe1c0, 0xe1c0, 0xe1c0, 0xe1c0,
  0xe1c0, 0xe1c0, 0xe1c0, 0xe1c0, 0xe1c0, 0xe1c0, 0xe1c0, 0xe1c0,
  0xe1c0, 0xe1c0, 0xe1c0, 0xe1c0, 0xe1c0, 0xe1c0, 0xe1c0, 0xe1c0,
  0xe1c0, 0xe1c0, 0xe1c0, 0xe1c0, 0xe1c0, 0xe1c0, 0xe1c0, 0xe1c0,
  0xe1c0, 0xe1c0, 0xe1c0, 0xe1c0, 0xe1c0, 0xe1c0, 0xe1c0, 0xe1c0,
  0xe1c0, 0xe1c0, 0xe1c0, 0xe1c0, 0xe1c0, 0xe1c0, 0xe1c0, 0xe1c0,
  0xe1c0, 0xe1c0, 0xe1c0, 0xe1c0, 0xe1c0, 0xe1c0, 0xe1c0, 0xe1c0,
  0xe1c0, 0xe1c0, 0xe1c0, 0xe1c0, 0xe1c0, 0xe1c0, 0xe1c0, 0xe1c0,
  0xe1c0, 0xe1c0, 0xe1c0, 0xe1c0, 0xe1c0, 0xe1c0, 0xe1c0, 0xe1c0,
  0xe1c0, 0xe1c0, 0xe1c0, 0xe1c0, 0xe1c0, 0xe1c0, 0xe1c0, 0xe1c0,
  0xe1c0, 0xe1c0, 0xe1c0, 0xe1c0, 0xe1c0, 0xe1c0, 0xe1c0, 0xe1c0,
  0xe1a0, 0xe1a0, 0xe1a0, 0xe1c0, 0xe1c0, 0xe1c0, 0xe1c0, 0xe1c0,
  0xe1c0, 0xe1c0, 0xe1c0, 0xe1c0, 0xe1c0, 0xe1c0, 0xe1c0, 0xe1c0,
  0xe1c0, 0xe1c0, 0xe1c0, 0xe1c0, 0xe1c0, 0xe1c0, 0xe1c0, 0xe1c0,
  0xe1c0, 0xe1c0, 0xe1c0, 0xe1c0, 0xe1c0, 0xe1c0, 0xe1c0, 0xe1c0,
  0xe1c0, 0xe1c0, 0xe1c0, 0xe1c0, 0xe1c0, 0xe1c0, 0xe1c0, 0xe1c0,
  0xe1c0, 0xe1c0, 0xe1c0, 0xe1c0, 0xe1c0, 0xe1c0, 0xe1c0, 0xe1c0,
  0xe1c0, 0xe1c0, 0xe1c0, 0xe1c0, 0xe1c0, 0xe1c0, 0xe1c0, 0xe1c0,
  0xe1c0, 0xe1c0, 0xe1c0, 0xe1c0, 0xe1c0, 0xe1c0, 0xe1c0, 0xe1c0,
  0xe1c0, 0xe1c0, 0xe1c0, 0xe1c0, 0xe1c0, 0xe1c0, 0xe1c0, 0xe1c0,
  0xe1c0, 0xe1c0, 0xe1c0, 0xe1c0, 0xe1c0, 0xe1c0, 0xe1c0, 0xe1c0,
  0xe1c0, 0xe1c0, 0xe1c0, 0xe1c0, 0xe1c0, 0xe1c0, 0xe1c0, 0xe1c0,
  0xe1c0, 0xe1c0, 0xe1c0, 0xe1c0, 0xe1c0, 0xe1c0, 0xe1c0, 0xe1c0,
  0xe1c0, 0xe1c0, 0xe1c0, 0xe1c0, 0xe1c0, 0xe1c0, 0xe1c0, 0xe1c0,
  0xe1c0, 0xe1c0, 0xe1c0, 0xe1c0, 0xe1c0, 0xe1c0, 0xe1c0, 0xe1c0,
  0xe1c0, 0xd9a0, 0xd9a0, 0xd1a0, 0xd1a0, 0xd1a0, 0xd1a0, 0xd9a0,
  0xd9a0, 0xd9a0, 0xd9a0, 0xd9c0, 0xd9c0, 0xe1c0, 0xe1c0, 0xe1c0,
  0xd9c0, 0xe1c0, 0xe1c0, 0xe1c0, 0xe1c0, 0xe1c0, 0xe1c0, 0xe1c0,
  0xe1c0, 0xe1c0, 0xe1c0, 0xe1c0, 0xe1c0, 0xe1c0, 0xe1c0, 0xe1c0,
  0xe1c0, 0xe1c0, 0xe1c0, 0xe1c0, 0xe1c0, 0xe1c0, 0xe1c0, 0xe1c0,
  0xe1c0, 0xe1c0, 0xe1c0, 0xe1c0, 0xe1c0, 0xe1c0, 0xe1c0, 0xe1c0,
  0xe1c0, 0xe1c0, 0xe1c0, 0xe1c0, 0xe1c0, 0xe1c0, 0xe1c0, 0xe1c0,
  0xe1c0, 0xe1c0, 0xe1c0, 0xe1c0, 0xe1c0, 0xe1c0, 0xe1c0, 0xe1c0,
  0xe1c0, 0xe1c0, 0xe1c0, 0xe1c0, 0xe1c0, 0xe1c0, 0xe1c0, 0xe1c0,
  0xe1c0, 0xe1c0, 0xe1c0, 0xe1c0, 0xe1c0, 0xe1c0, 0xe1c0, 0xe1c0,
  0xe1c0, 0xe1c0, 0xe1c0, 0xe1c0, 0xe1c0, 0xe1c0, 0xe1c0, 0xe1c0,
  0xe1c0, 0xe1c0, 0xe1c0, 0xe1c0, 0xe1c0, 0xe1c0, 0xe1c0, 0xe1c0,
  0xe1c0, 0xe1c0, 0xe1c0, 0xe1c0, 0xe1c0, 0xe1c0, 0xe1c0, 0xe1c0,
  0xe1c0, 0xe1c0, 0xe1c0, 0xe1c0, 0xe1c0, 0xe1c0, 0xe1c0, 0xe1c0,
  0xe1c0, 0xe1c0, 0xe1c0, 0xe1c0, 0xe1c0, 0xe1c0, 0xe1c0, 0xe1c0,
  0xe1c0, 0xe1c0, 0xe1c0, 0xe1c0, 0xe1c0, 0xe1c0, 0xe1c0, 0xe1c0,
  0xe1a0, 0xe1a0, 0xe1a0, 0xe1c0, 0xe1c0, 0xe1c0, 0xe1c0, 0xe1c0,
  0xe1c0, 0xe1c0, 0xe1c0, 0xe1c0, 0xe1c0, 0xe1c0, 0xe1c0, 0xe1c0,
  0xe1c0, 0xe1c0, 0xe1c0, 0xe1c0, 0xe1c0, 0xe1c0, 0xe1c0, 0xe1c0,
  0xe1c0, 0xe1c0, 0xe1c0, 0xe1c0, 0xe1c0, 0xe1c0, 0xe1c0, 0xe1c0,
  0xe1c0, 0xe1c0, 0xe1c0, 0xe1c0, 0xe1c0, 0xe1c0, 0xe1c0, 0xe1c0,
  0xe1c0, 0xe1c0, 0xe1c0, 0xe1c0, 0xe1c0, 0xe1c0, 0xe1c0, 0xe1c0,
  0xe1c0, 0xe1c0, 0xe1c0, 0xe1c0, 0xe1c0, 0xe1c0, 0xe1c0, 0xe1c0,
  0xe1c0, 0xe1c0, 0xe1c0, 0xe1c0, 0xe1c0, 0xe1c0, 0xe1c0, 0xe1c0,
  0xe1c0, 0xe1c0, 0xe1c0, 0xe1c0, 0xe1c0, 0xe1c0, 0xe1c0, 0xe1c0,
  0xe1c0, 0xe1c0, 0xe1c0, 0xe1c0, 0xe1c0, 0xe1c0, 0xe1c0, 0xe1c0,
  0xe1c0, 0xe1c0, 0xe1c0, 0xe1c0, 0xe1c0, 0xe1c0, 0xe1c0, 0xe1c0,
  0xe1c0, 0xe1c0, 0xe1c0, 0xe1c0, 0xe1c0, 0xe1c0, 0xe1c0, 0xe1c0,
  0xe1c0, 0xe1c0, 0xe1c0, 0xe1c0, 0xe1c0, 0xe1c0, 0xe1c0, 0xe1c0,
  0xe1c0, 0xe1c0, 0xe1c0, 0xe1c0, 0xe1c0, 0xe1c0, 0xe1c0, 0xe1c0,
  0xe1c0, 0xd9c0, 0xd9c0, 0xd9c0, 0xd9c0, 0xd9a0, 0xd9a0, 0xe1a0,
  0xe1c0, 0xe1c0, 0xe1c0, 0xe1c0, 0xe1c0, 0xe1c0, 0xe1a0, 0xe1c0,
  0xe1c0, 0xe1c0, 0xe1c0, 0xe1c0, 0xe1c0, 0xe1c0, 0xe1c0, 0xe1c0,
  0xe1c0, 0xe1c0, 0xe1c0, 0xe1c0, 0xe1c0, 0xe1c0, 0xe1c0, 0xe1c0,
  0xe1c0, 0xe1c0, 0xe1c0, 0xe1c0, 0xe1c0, 0xe1c0, 0xe1c0, 0xe1c0,
  0xe1c0, 0xe1c0, 0xe1c0, 0xe1c0, 0xe1c0, 0xe1c0, 0xe1c0, 0xe1c0,
  0xe1c0, 0xe1c0, 0xe1c0, 0xe1c0, 0xe1c0, 0xe1c0, 0xe1c0, 0xe1c0,
  0xe1c0, 0xe1c0, 0xe1c0, 0xe1c0, 0xe1c0, 0xe1c0, 0xe1c0, 0xe1c0,
  0xe1c0, 0xe1c0, 0xe1c0, 0xe1c0, 0xe1c0, 0xe1c0, 0xe1c0, 0xe1c0,
  0xe1c0, 0xe1c0, 0xe1c0, 0xe1c0, 0xe1c0, 0xe1c0, 0xe1c0, 0xe1c0,
  0xe1c0, 0xe1c0, 0xe1c0, 0xe1c0, 0xe1c0, 0xe1c0, 0xe1c0, 0xe1c0,
  0xe1c0, 0xe1c0, 0xe1c0, 0xe1c0, 0xe1c0, 0xe1c0, 0xe1c0, 0xe1c0,
  0xe1c0, 0xe1c0, 0xe1c0, 0xe1c0, 0xe1c0, 0xe1c0, 0xe1c0, 0xe1c0,
  0xe1c0, 0xe1c0, 0xe1c0, 0xe1c0, 0xe1c0, 0xe1c0, 0xe1c0, 0xe1c0,
  0xe1c0, 0xe1c0, 0xe1c0, 0xe1c0, 0xe1c0, 0xe1c0, 0xe1c0, 0xe1c0,
  0xe1c0, 0xe1c0, 0xe1c0, 0xe1c0, 0xe1c0, 0xe1c0, 0xe1c0, 0xe1c0,
  0xe1c0, 0xe1c0, 0xe1c0, 0xe1c0, 0xe1c0, 0xe1c0, 0xe1c0, 0xe1c0,
  0xe1c0, 0xe1c0, 0xe1c0, 0xe1c0, 0xe1c0, 0xe1c0, 0xe1c0, 0xe1c0,
  0xe1c0, 0xe1c0, 0xe1c0, 0xe1c0, 0xe1c0, 0xe1c0, 0xe1c0, 0xe1c0,
  0xe1c0, 0xe1c0, 0xe1c0, 0xe1c0, 0xe1c0, 0xe1c0, 0xe1c0, 0xe1c0,
  0xe1c0, 0xe1c0, 0xe1c0, 0xe1c0, 0xe1c0, 0xe1c0, 0xe1c0, 0xe1c0,
  0xe1c0, 0xe1c0, 0xe1c0, 0xe1c0, 0xe1c0, 0xe1c0, 0xe1c0, 0xe1c0,
  0xe1c0, 0xe1c0, 0xe1c0, 0xe1c0, 0xe1c0, 0xe1c0, 0xe1c0, 0xe1c0,
  0xe1c0, 0xe1c0, 0xe1c0, 0xe1c0, 0xe1c0, 0xe1c0, 0xe1c0, 0xe1c0,
  0xe1c0, 0xe1c0, 0xe1c0, 0xe1c0, 0xe1c0, 0xe1c0, 0xe1c0, 0xe1c0,
  0xe1c0, 0xe1c0, 0xe1c0, 0xe1c0, 0xe1c0, 0xe1c0, 0xe1c0, 0xe1c0,
  0xe1c0, 0xe1c0, 0xe1c0, 0xe1c0, 0xe1c0, 0xe1c0, 0xe1c0, 0xe1c0,
  0xe1c0, 0xe1c0, 0xe1c0, 0xe1c0, 0xe1c0, 0xe1c0, 0xe1c0, 0xe1c0,
  0xe1c0, 0xe1c0, 0xe1c0, 0xe1c0, 0xe1c0, 0xe1c0, 0xe1c0, 0xe1c0,
  0xe1c0, 0xe1c0, 0xe1c0, 0xe1c0, 0xe1c0, 0xe1c0, 0xe1c0, 0xe1c0,
  0xe1c0, 0xe1c0, 0xe1c0, 0xe1c0, 0xe1c0, 0xe1c0, 0xe1c0, 0xe1c0,
  0xe1c0, 0xe1c0, 0xe1c0, 0xe1c0, 0xe1c0, 0xe1c0, 0xe1a0, 0xe1c0,
  0xe1c0, 0xe1c0, 0xe1c0, 0xe1c0, 0xe1c0, 0xe1c0, 0xe1c0, 0xe1c0,
  0xe1c0, 0xe1c0, 0xe1c0, 0xe1c0, 0xe1c0, 0xe1c0, 0xe1c0, 0xe1c0,
  0xe1c0, 0xe1c0, 0xe1c0, 0xe1c0, 0xe1c0, 0xe1c0, 0xe1c0, 0xe1c0,
  0xe1c0, 0xe1c0, 0xe1c0, 0xe1c0, 0xe1c0, 0xe1c0, 0xe1c0, 0xe1c0,
  0xe1c0, 0xe1c0, 0xe1c0, 0xe1c0, 0xe1c0, 0xe1c0, 0xe1c0, 0xe1c0,
  0xe1c0, 0xe1c0, 0xe1c0, 0xe1c0, 0xe1c0, 0xe1c0, 0xe1c0, 0xe1c0,
  0xe1c0, 0xe1c0, 0xe1c0, 0xe1c0, 0xe1c0, 0xe1c0, 0xe1c0, 0xe1c0,
  0xe1c0, 0xe1c0, 0xe1c0, 0xe1c0, 0xe1c0, 0xe1c0, 0xe1c0, 0xe1c0,
  0xe1c0, 0xe1c0, 0xe1c0, 0xe1c0, 0xe1c0, 0xe1c0, 0xe1c0, 0xe1c0,
  0xe1c0, 0xe1c0, 0xe1c0, 0xe1c0, 0xe1c0, 0xe1c0, 0xe1c0, 0xe1c0,
  0xe1c0, 0xe1c0, 0xe1c0, 0xe1c0, 0xe1c0, 0xe1c0, 0xe1c0, 0xe1c0,
  0xe1c0, 0xe1c0, 0xe1c0, 0xe1c0, 0xe1c0, 0xe1c0, 0xe1c0, 0xe1c0,
  0xe1c0, 0xe1c0, 0xe1c0, 0xe1c0, 0xe1c0, 0xe1c0, 0xe1c0, 0xe1c0,
  0xe1c0, 0xe1c0, 0xe1c0, 0xe1c0, 0xe1c0, 0xe1c0, 0xe1c0, 0xe1c0,
  0xe1c0, 0xe1c0, 0xe1c0, 0xe1c0, 0xe1c0, 0xe1c0, 0xe1c0, 0xe1c0,
  0xe1c0, 0xe1c0, 0xe1c0, 0xe1c0, 0xe1c0, 0xe1c0, 0xe1c0, 0xe1c0,
  0xe1c0, 0xe1c0, 0xe1c0, 0xe1c0, 0xe1c0, 0xe1c0, 0xe1c0, 0xe1c0,
  0xe1c0, 0xe1c0, 0xe1c0, 0xe1c0, 0xe1c0, 0xe1c0, 0xe1c0, 0xe1c0,
  0xe1c0, 0xe1c0, 0xe1c0, 0xe1c0, 0xe1a0, 0xe1c0, 0xe1c0, 0xe1c0,
  0xe1c0, 0xe1c0, 0xe1c0, 0xe1c0, 0xe1c0, 0xe1c0, 0xe1c0, 0xe1c0,
  0xe1c0, 0xe1c0, 0xe1c0, 0xe1c0, 0xe1c0, 0xe1c0, 0xe1c0, 0xe1c0,
  0xe1c0, 0xe1c0, 0xe1c0, 0xe1c0, 0xe1c0, 0xe1c0, 0xe1c0, 0xe1c0,
  0xe1c0, 0xe1c0, 0xe1c0, 0xe1c0, 0xe1c0, 0xe1c0, 0xe1c0, 0xe1c0,
  0xe1c0, 0xe1c0, 0xe1c0, 0xe1c0, 0xe1c0, 0xe1c0, 0xe1c0, 0xe1c0,
  0xe1c0, 0xe1c0, 0xe1c0, 0xe1c0, 0xe1c0, 0xe1c0, 0xe1c0, 0xe1c0,
  0xe1c0, 0xe1c0, 0xe1c0, 0xe1c0, 0xe1c0, 0xe1c0, 0xe1c0, 0xe1c0,
  0xe1c0, 0xe1c0, 0xe1c0, 0xe1c0, 0xe1c0, 0xe1c0, 0xe1c0, 0xe1c0,
  0xe1c0, 0xe1c0, 0xe1c0, 0xe1c0, 0xe1c0, 0xe1c0, 0xe1c0, 0xe1a0,
  0xe1a0, 0xe1c0, 0xe1c0, 0xe1c0, 0xe1c0, 0xe1c0, 0xe1c0, 0xe1c0,
  0xe1c0, 0xe1c0, 0xe1c0, 0xe1c0, 0xe1c0, 0xe1c0, 0xe1a0, 0xe1a0,
  0xe1c0, 0xe1c0, 0xe1c0, 0xe1c0, 0xe1c0, 0xe1c0, 0xe1c0, 0xe1c0,
  0xe1c0, 0xe1c0, 0xe1c0, 0xe1c0, 0xe1c0, 0xe1c0, 0xe1c0, 0xe1c0,
  0xe1c0, 0xe1c0, 0xe1c0, 0xe1c0, 0xe1c0, 0xe1c0, 0xe1c0, 0xe1c0,
  0xe1c0, 0xe1c0, 0xe1c0, 0xe1c0, 0xe1c0, 0xe1c0, 0xe1c0, 0xe1c0,
  0xe1c0, 0xe1c0, 0xe1c0, 0xe1c0, 0xe1c0, 0xe1c0, 0xe1c0, 0xe1c0,
  0xe1c0, 0xe1c0, 0xe1c0, 0xe1c0, 0xe1c0, 0xe1c0, 0xe1c0, 0xe1c0,
  0xe1c0, 0xe1c0, 0xe1c0, 0xe1c0, 0xe1c0, 0xe1c0, 0xe1c0, 0xe1c0,
  0xe1c0, 0xe1c0, 0xe1c0, 0xe1c0, 0xe1c0, 0xe1c0, 0xe1c0, 0xe1c0,
  0xe1c0, 0xe1c0, 0xe1c0, 0xe1c0, 0xe1c0, 0xe1c0, 0xe1c0, 0xe1c0,
  0xe1c0, 0xe1c0, 0xe1c0, 0xe1c0, 0xe1c0, 0xe1c0, 0xe1c0, 0xe1c0,
  0xe1c0, 0xe1c0, 0xe1c0, 0xe1c0, 0xe1c0, 0xe1c0, 0xe1c0, 0xe1c0,
  0xe1c0, 0xe1a0, 0xe1a0, 0xe1a0, 0xe1c0, 0xe1c0, 0xe1c0, 0xe1c0,
  0xe1c0, 0xe1c0, 0xe1c0, 0xe1c0, 0xe1c0, 0xe1c0, 0xe1c0, 0xe1c0,
  0xe1c0, 0xe1c0, 0xe1c0, 0xe1c0, 0xe1c0, 0xe1c0, 0xe1c0, 0xe1c0,
  0xe1c0, 0xe1c0, 0xe1c0, 0xe1c0, 0xe1c0, 0xe1c0, 0xe1c0, 0xe1c0,
  0xe1c0, 0xe1c0, 0xe1c0, 0xe1c0, 0xe1c0, 0xe1c0, 0xe1c0, 0xe1c0,
  0xe1c0, 0xe1c0, 0xe1c0, 0xe1c0, 0xe1c0, 0xe1c0, 0xe1c0, 0xe1c0,
  0xe1c0, 0xe1c0, 0xe1c0, 0xe1c0, 0xe1c0, 0xe1c0, 0xe1c0, 0xe1c0,
  0xe1c0, 0xe1c0, 0xe1c0, 0xe1c0, 0xe1a0, 0xe1c0, 0xe1c0, 0xe1c0,
  0xe1c0, 0xe1c0, 0xe1c0, 0xe1c0, 0xe1c0, 0xe1c0, 0xe1c0, 0xe1c0,
  0xe1c0, 0xe1c0, 0xe1c0, 0xe1c0, 0xe1c0, 0xe1c0, 0xe1c0, 0xe1c0,
  0xe1c0, 0xe1c0, 0xe1c0, 0xe1c0, 0xe1c0, 0xe1c0, 0xe1c0, 0xe1c0,
  0xe1c0, 0xe1c0, 0xe1c0, 0xe1c0, 0xe1c0, 0xe1c0, 0xe1c0, 0xe1c0,
  0xe1c0, 0xe1c0, 0xe1c0, 0xe1c0, 0xe1c0, 0xe1c0, 0xe1c0, 0xe1c0,
  0xe1c0, 0xe1c0, 0xe1c0, 0xe1c0, 0xe1c0, 0xe1c0, 0xe1c0, 0xe1c0,
  0xe1c0, 0xe1c0, 0xe1c0, 0xe1c0, 0xe1c0, 0xe1c0, 0xe1c0, 0xe1c0,
  0xe1c0, 0xe1c0, 0xe1a0, 0xe1c0, 0xe1c0, 0xe1c0, 0xe1c0, 0xe1c0,
  0xe1c0, 0xe1c0, 0xe1c0, 0xe1a0, 0xe1a0, 0xe1c0, 0xe1c0, 0xe1a0,
  0xe1a0, 0xe1c0, 0xe1c0, 0xe1c0, 0xe1c0, 0xe1c0, 0xe1c0, 0xe1c0,
  0xe1c0, 0xe1c0, 0xe1c0, 0xe1c0, 0xe1c0, 0xe1c0, 0xe1a0, 0xe1a0,
  0xe1c0, 0xe1c0, 0xe1c0, 0xe1c0, 0xe1c0, 0xe1c0, 0xe1c0, 0xe1c0,
  0xe1c0, 0xe1c0, 0xe1c0, 0xe1c0, 0xe1c0, 0xe1c0, 0xe1c0, 0xe1c0,
  0xe1c0, 0xe1c0, 0xe1c0, 0xe1c0, 0xe1c0, 0xe1c0, 0xe1c0, 0xe1c0,
  0xe1c0, 0xe1c0, 0xe1c0, 0xe1c0, 0xe1c0, 0xe1c0, 0xe1c0, 0xe1c0,
  0xe1c0, 0xe1c0, 0xe1c0, 0xe1c0, 0xe1c0, 0xe1c0, 0xe1c0, 0xe1c0,
  0xe1a0, 0xe1a0, 0xe1c0, 0xe1c0, 0xe1c0, 0xe1c0, 0xe1c0, 0xe1c0,
  0xe1c0, 0xe1c0, 0xe1c0, 0xe1c0, 0xe1c0, 0xe1c0, 0xe1c0, 0xe1c0,
  0xe1c0, 0xe1c0, 0xe1c0, 0xe1c0, 0xe1c0, 0xe1c0, 0xe1c0, 0xe1c0,
  0xe1c0, 0xe1c0, 0xe1c0, 0xe1c0, 0xe1c0, 0xe1c0, 0xe1c0, 0xe1c0,
  0xe1c0, 0xe1c0, 0xe1c0, 0xe1c0, 0xe1c0, 0xe1c0, 0xe1c0, 0xe1c0,
  0xe1c0, 0xe1a0, 0xe1a0, 0xe1a0, 0xe1a0, 0xe1c0, 0xe1c0, 0xe1c0,
  0xe1a0, 0xe1a0, 0xe1a0, 0xe1a0, 0xe1c0, 0xe1c0, 0xe1c0, 0xe1c0,
  0xe1c0, 0xe1c0, 0xe1c0, 0xe1c0, 0xe1c0, 0xe1c0, 0xe1c0, 0xe1c0,
  0xe1c0, 0xe1c0, 0xe1c0, 0xe1c0, 0xe1c0, 0xe1c0, 0xe1c0, 0xe1c0,
  0xe1c0, 0xe1c0, 0xe1c0, 0xe1c0, 0xe1c0, 0xe1c0, 0xe1c0, 0xe1c0,
  0xe1c0, 0xe1c0, 0xe1c0, 0xe1c0, 0xe1c0, 0xe1c0, 0xe1c0, 0xe1c0,
  0xe1c0, 0xe1c0, 0xe1c0, 0xe1c0, 0xe1c0, 0xe1c0, 0xe1c0, 0xe1c0,
  0xe1c0, 0xe1c0, 0xe1c0, 0xe1c0, 0xe1c0, 0xe1c0, 0xe1c0, 0xe1c0,
  0xe1c0, 0xe1c0, 0xe1c0, 0xe1c0, 0xe1a0, 0xe1a0, 0xe1a0, 0xe1a0,
  0xe1c0, 0xe1c0, 0xe1c0, 0xe1c0, 0xe1c0, 0xe1c0, 0xe1c0, 0xe1c0,
  0xe1c0, 0xe1c0, 0xe1c0, 0xe1c0, 0xe1c0, 0xe1c0, 0xe1c0, 0xe1c0,
  0xe1c0, 0xe1c0, 0xe1c0, 0xe1c0, 0xe1c0, 0xe1c0, 0xe1c0, 0xe1c0,
  0xe1c0, 0xe1c0, 0xe1c0, 0xe1c0, 0xe1c0, 0xe1c0, 0xe1c0, 0xe1c0,
  0xe1c0, 0xe1c0, 0xe1c0, 0xe1c0, 0xe1c0, 0xe1c0, 0xe1c0, 0xe1c0,
  0xe1c0, 0xe1c0, 0xe1c0, 0xe1c0, 0xe1c0, 0xe1c0, 0xe1c0, 0xe1c0,
  0xe1c0, 0xe1c0, 0xe1c0, 0xe1c0, 0xe1c0, 0xe1c0, 0xe1c0, 0xe1c0,
  0xe1c0, 0xe1c0, 0xe1a0, 0xe1a0, 0xe1c0, 0xe1c0, 0xe1c0, 0xe1c0,
  0xe1c0, 0xe1c0, 0xe1c0, 0xe1a0, 0xe1a0, 0xe1c0, 0xe1c0, 0xe1c0,
  0xe1c0, 0xe1c0, 0xe1c0, 0xe1c0, 0xe1c0, 0xe1c0, 0xe1c0, 0xe1c0,
  0xe1c0, 0xe1c0, 0xe1c0, 0xe1c0, 0xe1c0, 0xe1c0, 0xe1a0, 0xe1c0,
  0xe1c0, 0xe1c0, 0xe1c0, 0xe1c0, 0xe1c0, 0xe1c0, 0xe1c0, 0xe1c0,
  0xe1c0, 0xe1c0, 0xe1c0, 0xe1c0, 0xe1c0, 0xe1c0, 0xe1c0, 0xe1c0,
  0xe1c0, 0xe1c0, 0xe1c0, 0xe1c0, 0xe1c0, 0xe1c0, 0xe1c0, 0xe1c0,
  0xe1c0, 0xe1c0, 0xe1c0, 0xe1c0, 0xe1c0, 0xe1c0, 0xe1c0, 0xe1c0,
  0xe1c0, 0xe1c0, 0xe1c0, 0xe1c0, 0xe1c0, 0xe1c0, 0xe1c0, 0xe1a0,
  0xe1a0, 0xe1a0, 0xe1c0, 0xe1c0, 0xe1c0, 0xe1c0, 0xe1c0, 0xe1c0,
  0xe1c0, 0xe1c0, 0xe1c0, 0xe1c0, 0xe1c0, 0xe1c0, 0xe1c0, 0xe1c0,
  0xe1c0, 0xe1c0, 0xe1c0, 0xe1c0, 0xe1c0, 0xe1c0, 0xe1c0, 0xe1c0,
  0xe1c0, 0xe1c0, 0xe1c0, 0xe1c0, 0xe1c0, 0xe1c0, 0xe1c0, 0xe1c0,
  0xe1c0, 0xe1c0, 0xe1c0, 0xe1c0, 0xe1c0, 0xe1c0, 0xe1c0, 0xe1c0,
  0xe1c0, 0xe1a0, 0xe1a0, 0xe1a0, 0xe1a0, 0xe1c0, 0xe1c0, 0xe1c0,
  0xe1a0, 0xe1a0, 0xe1a0, 0xe1a0, 0xe1c0, 0xe1c0, 0xe1c0, 0xe1c0,
  0xe1c0, 0xe1c0, 0xe1c0, 0xe1c0, 0xe1c0, 0xe1c0, 0xe1c0, 0xe1c0,
  0xe1c0, 0xe1c0, 0xe1c0, 0xe1c0, 0xe1c0, 0xe1c0, 0xe1c0, 0xe1c0,
  0xe1c0, 0xe1c0, 0xe1c0, 0xe1c0, 0xe1c0, 0xe1c0, 0xe1c0, 0xe1c0,
  0xe1c0, 0xe1c0, 0xe1c0, 0xe1c0, 0xe1c0, 0xe1c0, 0xe1c0, 0xe1c0,
  0xe1c0, 0xe1c0, 0xe1c0, 0xe1c0, 0xe1c0, 0xe1c0, 0xe1c0, 0xe1c0,
  0xe1c0, 0xe1c0, 0xe1c0, 0xe1c0, 0xe1c0, 0xe1c0, 0xe1c0, 0xe1c0,
  0xe1c0, 0xe1c0, 0xe1c0, 0xe1c0, 0xe1a0, 0xe1a0, 0xe1a0, 0xe1a0,
  0xe1c0, 0xe1c0, 0xe1c0, 0xe1c0, 0xe1c0, 0xe1c0, 0xe1c0, 0xe1c0,
  0xe1c0, 0xe1c0, 0xe1c0, 0xe1c0, 0xe1c0, 0xe1c0, 0xe1c0, 0xe1c0,
  0xe1c0, 0xe1c0, 0xe1c0, 0xe1c0, 0xe1c0, 0xe1c0, 0xe1c0, 0xe1c0,
  0xe1c0, 0xe1c0, 0xe1c0, 0xe1c0, 0xe1c0, 0xe1c0, 0xe1c0, 0xe1c0,
  0xe1c0, 0xe1c0, 0xe1c0, 0xe1c0, 0xe1c0, 0xe1c0, 0xe1c0, 0xe1c0,
  0xe1c0, 0xe1c0, 0xe1c0, 0xe1c0, 0xe1c0, 0xe1c0, 0xe1c0, 0xe1c0,
  0xe1c0, 0xe1c0, 0xe1c0, 0xe1c0, 0xe1c0, 0xe1c0, 0xe1c0, 0xe1c0,
  0xe1c0, 0xe1c0, 0xe1c0, 0xe1c0, 0xe1c0, 0xe1c0, 0xe1c0, 0xe1c0,
  0xe1c0, 0xe1c0, 0xe1c0, 0xe1c0, 0xe1c0, 0xe1c0, 0xe1c0, 0xe1c0,
  0xe1c0, 0xe1c0, 0xe1c0, 0xe1c0, 0xe1c0, 0xe1c0, 0xe1c0, 0xe1c0,
  0xe1c0, 0xe1c0, 0xe1c0, 0xe1c0, 0xe1c0, 0xe1c0, 0xe1a0, 0xe1c0,
  0xe1c0, 0xe1c0, 0xe1c0, 0xe1c0, 0xe1c0, 0xe1c0, 0xe1c0, 0xe1c0,
  0xe1c0, 0xe1c0, 0xe1c0, 0xe1c0, 0xe1c0, 0xe1c0, 0xe1c0, 0xe1c0,
  0xe1c0, 0xe1c0, 0xe1c0, 0xe1c0, 0xe1c0, 0xe1c0, 0xe1c0, 0xe1c0,
  0xe1c0, 0xe1c0, 0xe1c0, 0xe1c0, 0xe1c0, 0xe1c0, 0xe1c0, 0xe1c0,
  0xe1c0, 0xe1c0, 0xe1c0, 0xe1c0, 0xe1c0, 0xe1c0, 0xe1c0, 0xe1c0,
  0xe1c0, 0xe1c0, 0xe1c0, 0xe1c0, 0xe1c0, 0xe1c0, 0xe1c0, 0xe1c0,
  0xe1c0, 0xe1c0, 0xe1c0, 0xe1c0, 0xe1c0, 0xe1c0, 0xe1c0, 0xe1c0,
  0xe1c0, 0xe1c0, 0xe1c0, 0xe1c0, 0xe1c0, 0xe1c0, 0xe1c0, 0xe1c0,
  0xe1c0, 0xe1c0, 0xe1c0, 0xe1c0, 0xe1c0, 0xe1c0, 0xe1c0, 0xe1c0,
  0xe1c0, 0xe1c0, 0xe1c0, 0xe1c0, 0xe1c0, 0xe1c0, 0xe1c0, 0xe1c0,
  0xe1c0, 0xe1c0, 0xe1c0, 0xe1c0, 0xe1c0, 0xe1c0, 0xe1c0, 0xe1c0,
  0xe1c0, 0xe1c0, 0xe1c0, 0xe1c0, 0xe1c0, 0xe1c0, 0xe1c0, 0xe1c0,
  0xe1c0, 0xe1c0, 0xe1c0, 0xe1c0, 0xe1c0, 0xe1c0, 0xe1c0, 0xe1c0,
  0xe1c0, 0xe1c0, 0xe1c0, 0xe1c0, 0xe1c0, 0xe1c0, 0xe1c0, 0xe1c0,
  0xe1c0, 0xe1c0, 0xe1c0, 0xe1c0, 0xe1c0, 0xe1c0, 0xe1c0, 0xe1c0,
  0xe1c0, 0xe1c0, 0xe1c0, 0xe1c0, 0xe1c0, 0xe1c0, 0xe1c0, 0xe1c0,
  0xe1c0, 0xe1c0, 0xe1c0, 0xe1c0, 0xe1c0, 0xe1c0, 0xe1c0, 0xe1c0,
  0xe1c0, 0xe1c0, 0xe1c0, 0xe1c0, 0xe1c0, 0xe1c0, 0xe1c0, 0xe1c0,
  0xe1c0, 0xe1c0, 0xe1c0, 0xe1c0, 0xe1c0, 0xe1c0, 0xe1c0, 0xe1c0,
  0xe1c0, 0xe1c0, 0xe1c0, 0xe1c0, 0xe1c0, 0xe1c0, 0xe1c0, 0xe1c0,
  0xe1c0, 0xe1c0, 0xe1c0, 0xe1c0, 0xe1c0, 0xe1c0, 0xe1c0, 0xe1c0,
  0xe1c0, 0xe1c0, 0xe1c0, 0xe1c0, 0xe1c0, 0xe1c0, 0xe1c0, 0xe1c0,
  0xe1c0, 0xe1c0, 0xe1c0, 0xe1c0, 0xe1c0, 0xe1c0, 0xe1c0, 0xe1c0,
  0xe1c0, 0xe1c0, 0xe1c0, 0xe1c0, 0xe1c0, 0xe1c0, 0xe1c0, 0xe1c0,
  0xe1c0, 0xe1c0, 0xe1c0, 0xe1c0, 0xe1c0, 0xe1c0, 0xe1c0, 0xe1c0,
  0xe1c0, 0xe1c0, 0xe1c0, 0xe1c0, 0xe1c0, 0xe1c0, 0xe1c0, 0xe1c0,
  0xe1c0, 0xe1c0, 0xe1c0, 0xe1c0, 0xe1c0, 0xe1c0, 0xe1c0, 0xe1c0,
  0xe1c0, 0xe1c0, 0xe1c0, 0xe1c0, 0xe1c0, 0xe1c0, 0xe1c0, 0xe1c0,
  0xe1c0, 0xe1c0, 0xe1c0, 0xe1c0, 0xe1c0, 0xe1c0, 0xe1c0, 0xe1c0,
  0xe1c0, 0xe1c0, 0xe1c0, 0xe1c0, 0xe1c0, 0xe1c0, 0xe1c0, 0xe1c0,
  0xe1c0, 0xe1c0, 0xe1c0, 0xe1c0, 0xe1c0, 0xe1c0, 0xe1c0, 0xe1c0,
  0xe1c0, 0xe1c0, 0xe1c0, 0xe1c0, 0xe1c0, 0xe1c0, 0xe1c0, 0xe1c0,
  0xe1c0, 0xe1c0, 0xe1c0, 0xe1c0, 0xe1c0, 0xe1c0, 0xe1c0, 0xe1c0,
  0xe1c0, 0xe1c0, 0xe1c0, 0xe1c0, 0xe1c0, 0xe1c0, 0xe1c0, 0xe1c0,
  0xe1c0, 0xe1c0, 0xe1c0, 0xe1c0, 0xe1c0, 0xe1c0, 0xe1c0, 0xe1c0,
  0xe1c0, 0xe1c0, 0xe1c0, 0xe1c0, 0xe1c0, 0xe1c0, 0xe1c0, 0xe1c0,
  0xe1c0, 0xe1c0, 0xe1c0, 0xe1c0, 0xe1c0, 0xe1c0, 0xe1c0, 0xe1c0,
  0xe1c0, 0xe1c0, 0xe1c0, 0xe1c0, 0xe1c0, 0xe1c0, 0xe1c0, 0xe1c0,
  0xe1c0, 0xe1c0, 0xe1c0, 0xe1c0, 0xe1c0, 0xe1c0, 0xe1c0, 0xe1c0,
  0xe1c0, 0xe1c0, 0xe1c0, 0xe1c0, 0xe1c0, 0xe1c0, 0xe1c0, 0xe1c0,
  0xe1c0, 0xe1c0, 0xe1c0, 0xe1c0, 0xe1c0, 0xe1c0, 0xe1c0, 0xe1c0,
  0xe1c0, 0xe1c0, 0xe1c0, 0xe1c0, 0xe1c0, 0xe1c0, 0xe1c0, 0xe1c0,
  0xe1c0, 0xe1c0, 0xe1c0, 0xe1c0, 0xe1c0, 0xe1c0, 0xe1c0, 0xe1c0,
  0xe1c0, 0xe1c0, 0xe1c0, 0xe1c0, 0xe1c0, 0xe1c0, 0xe1c0, 0xe1c0,
  0xe1c0, 0xe1c0, 0xe1c0, 0xe1c0, 0xe1c0, 0xe1c0, 0xe1c0, 0xe1c0,
  0xe1c0, 0xe1c0, 0xe1c0, 0xe1c0, 0xe1c0, 0xe1c0, 0xe1c0, 0xe1c0,
  0xe1c0, 0xe1c0, 0xe1c0, 0xe1c0, 0xe1c0, 0xe1c0, 0xe1c0, 0xe1c0,
  0xe1c0, 0xe1c0, 0xe1c0, 0xe1c0, 0xe1c0, 0xe1c0, 0xe1c0, 0xe1c0,
  0xe1c0, 0xe1c0, 0xe1c0, 0xe1c0, 0xe1c0, 0xe1c0, 0xe1c0, 0xe1c0,
  0xe1c0, 0xe1c0, 0xe1c0, 0xe1c0, 0xe1c0, 0xe1c0, 0xe1c0, 0xe1c0,
  0xe1c0, 0xe1c0, 0xe1c0, 0xe1c0, 0xe1c0, 0xe1c0, 0xe1c0, 0xe1c0,
  0xe1c0, 0xe1c0, 0xe1c0, 0xe1c0, 0xe1c0, 0xe1c0, 0xe1c0, 0xe1c0,
  0xe1c0, 0xe1c0, 0xe1c0, 0xe1c0, 0xe1c0, 0xe1c0, 0xe1c0, 0xe1c0,
  0xe1c0, 0xe1c0, 0xe1c0, 0xe1c0, 0xe1c0, 0xe1c0, 0xe1c0, 0xe1c0,
  0xe1c0, 0xe1c0, 0xe1c0, 0xe1c0, 0xe1c0, 0xe1c0, 0xe1c0, 0xe1c0,
  0xe1c0, 0xe1c0, 0xe1c0, 0xe1c0, 0xe1c0, 0xe1c0, 0xe1c0, 0xe1c0,
  0xe1c0, 0xe1c0, 0xe1c0, 0xe1c0, 0xe1c0, 0xe1c0, 0xe1c0, 0xe1c0,
  0xe1c0, 0xe1c0, 0xe1c0, 0xe1c0, 0xe1c0, 0xe1c0, 0xe1c0, 0xe1c0,
  0xe1c0, 0xe1c0, 0xe1c0, 0xe1c0, 0xe1c0, 0xe1c0, 0xe1c0, 0xe1c0,
  0xe1c0, 0xe1c0, 0xe1c0, 0xe1c0, 0xe1c0, 0xe1c0, 0xe1c0, 0xe1c0,
  0xe1c0, 0xe1c0, 0xe1c0, 0xe1c0, 0xe1c0, 0xe1c0, 0xe1c0, 0xe1c0,
  0xe1c0, 0xe1c0, 0xe1c0, 0xe1c0, 0xe1c0, 0xe1c0, 0xe1c0, 0xe1c0,
  0xe1c0, 0xe1c0, 0xe1c0, 0xe1c0, 0xe1c0, 0xe1c0, 0xe1c0, 0xe1c0,
  0xe1c0, 0xe1c0, 0xe1c0, 0xe1c0, 0xe1c0, 0xe1c0, 0xe1c0, 0xe1c0,
  0xe1c0, 0xe1c0, 0xe1c0, 0xe1c0, 0xe1c0, 0xe1c0, 0xe1c0, 0xe1c0,
  0xe1c0, 0xe1c0, 0xe1c0, 0xe1c0, 0xe1c0, 0xe1c0, 0xe1c0, 0xe1c0,
  0xe1c0, 0xe1c0, 0xe1c0, 0xe1c0, 0xe1c0, 0xe1c0, 0xe1c0, 0xe1c0,
  0xe1c0, 0xe1c0, 0xe1c0, 0xe1c0, 0xe1c0, 0xe1c0, 0xe1c0, 0xe1c0,
  0xe1c0, 0xe1c0, 0xe1c0, 0xe1c0, 0xe1c0, 0xe1c0, 0xe1c0, 0xe1c0,
  0xe1c0, 0xe1c0, 0xe1c0, 0xe1c0, 0xe1c0, 0xe1c0, 0xe1c0, 0xe1c0,
  0xe1c0, 0xe1c0, 0xe1c0, 0xe1c0, 0xe1c0, 0xe1c0, 0xe1c0, 0xe1c0,
  0xe1c0, 0xe1c0, 0xe1c0, 0xe1c0, 0xe1c0, 0xe1c0, 0xe1c0, 0xe1c0,
  0xe1c0, 0xe1c0, 0xe1c0, 0xe1c0, 0xe1c0, 0xe1c0, 0xe1c0, 0xe1c0,
  0xe1c0, 0xe1c0, 0xe1c0, 0xe1c0, 0xe1c0, 0xe1c0, 0xe1c0, 0xe1c0,
  0xe1c0, 0xe1c0, 0xe1c0, 0xe1c0, 0xe1c0, 0xe1c0, 0xe1c0, 0xe1c0,
  0xe1c0, 0xe1c0, 0xe1c0, 0xe1c0, 0xe1c0, 0xe1c0, 0xe1c0, 0xe1c0,
  0xe1c0, 0xe1c0, 0xe1c0, 0xe1c0, 0xe1c0, 0xe1c0, 0xe1c0, 0xe1c0,
  0xe1c0, 0xe1c0, 0xe1c0, 0xe1c0, 0xe1c0, 0xe1c0, 0xe1c0, 0xe1c0,
  0xe1c0, 0xe1c0, 0xe1c0, 0xe1c0, 0xe1c0, 0xe1c0, 0xe1c0, 0xe1c0,
  0xe1c0, 0xe1c0, 0xe1c0, 0xe1c0, 0xe1c0, 0xe1c0, 0xe1c0, 0xe1c0,
  0xe1c0, 0xe1c0, 0xe1c0, 0xe1c0, 0xe1c0, 0xe1c0, 0xe1c0, 0xe1c0,
  0xe1c0, 0xe1c0, 0xe1c0, 0xe1c0, 0xe1c0, 0xe1c0, 0xe1c0, 0xe1c0,
  0xe1c0, 0xe1c0, 0xe1c0, 0xe1c0, 0xe1c0, 0xe1c0, 0xe1c0, 0xe1c0,
  0xe1c0, 0xe1c0, 0xe1a0, 0xe1a0, 0xe1c0, 0xe1c0, 0xe1c0, 0xe1c0,
  0xe1c0, 0xe1c0, 0xe1c0, 0xe1c0, 0xe1c0, 0xe1c0, 0xe1c0, 0xe1c0,
  0xe1c0, 0xe1c0, 0xe1c0, 0xe1c0, 0xe1c0, 0xe1c0, 0xe1c0, 0xe1c0,
  0xe1c0, 0xe1c0, 0xe1c0, 0xe1c0, 0xe1c0, 0xe1c0, 0xe1c0, 0xe1c0,
  0xe1c0, 0xe1c0, 0xe1c0, 0xe1c0, 0xe1c0, 0xe1c0, 0xe1c0, 0xe1c0,
  0xe1c0, 0xe1c0, 0xe1c0, 0xe1c0, 0xe1c0, 0xe1c0, 0xe1c0, 0xe1c0,
  0xe1c0, 0xe1c0, 0xe1c0, 0xe1c0, 0xe1c0, 0xe1c0, 0xe1c0, 0xe1c0,
  0xe1c0, 0xe1c0, 0xe1c0, 0xe1c0, 0xe1c0, 0xe1c0, 0xe1c0, 0xe1c0,
  0xe1c0, 0xe1c0, 0xe1c0, 0xe1c0, 0xe1c0, 0xe1c0, 0xe1c0, 0xe1c0,
  0xe1c0, 0xe1c0, 0xe1c0, 0xe1c0, 0xe1c0, 0xe1c0, 0xe1c0, 0xe1c0,
  0xe1c0, 0xe1c0, 0xe1c0, 0xe1c0, 0xe1c0, 0xe1c0, 0xe1c0, 0xe1c0,
  0xe1c0, 0xe1c0, 0xe1c0, 0xe1c0, 0xe1c0, 0xe1c0, 0xe1c0, 0xe1c0,
  0xe1c0, 0xe1c0, 0xe1c0, 0xe1c0, 0xe1c0, 0xe1c0, 0xe1c0, 0xe1c0,
  0xe1c0, 0xe1a0, 0xe1a0, 0xe1c0, 0xe1c0, 0xe1c0, 0xe1c0, 0xe1c0,
  0xe1c0, 0xe1c0, 0xe1c0, 0xe1c0, 0xe1c0, 0xe1c0, 0xe1c0, 0xe1c0,
  0xe1c0, 0xe1c0, 0xe1c0, 0xe1c0, 0xe1c0, 0xe1c0, 0xe1c0, 0xe1c0,
  0xe1c0, 0xe1c0, 0xe1c0, 0xe1c0, 0xe1c0, 0xe1c0, 0xe1c0, 0xe1c0,
  0xe1c0, 0xe1c0, 0xe1c0, 0xe1c0, 0xe1c0, 0xe1c0, 0xe1c0, 0xe1c0,
  0xe1c0, 0xe1c0, 0xe1c0, 0xe1c0, 0xe1c0, 0xe1c0, 0xe1c0, 0xe1c0,
  0xe1c0, 0xe1c0, 0xe1c0, 0xe1c0, 0xe1c0, 0xe1c0, 0xe1c0, 0xe1c0,
  0xe1c0, 0xe1c0, 0xe1c0, 0xe1c0, 0xe1c0, 0xe1c0, 0xe1c0, 0xe1c0,
  0xe1c0, 0xe1c0, 0xe1c0, 0xe1c0, 0xe1c0, 0xe1c0, 0xe1c0, 0xe1c0,
  0xe1c0, 0xe1c0, 0xe1c0, 0xe1c0, 0xe1c0, 0xe1c0, 0xe1c0, 0xe1c0,
  0xe1c0, 0xe1c0, 0xe1c0, 0xe1c0, 0xe1c0, 0xe1c0, 0xe1c0, 0xe1c0,
  0xe1c0, 0xe1c0, 0xe1c0, 0xe1c0, 0xe1c0, 0xe1c0, 0xe1c0, 0xe1c0,
  0xe1c0, 0xe1c0, 0xe1c0, 0xe1c0, 0xe1c0, 0xe1c0, 0xe1c0, 0xe1c0,
  0xe1c0, 0xe1c0, 0xe1c0, 0xe1c0, 0xe1c0, 0xe1c0, 0xe1c0, 0xe1c0,
  0xe1c0, 0xe1c0, 0xe1c0, 0xe1c0, 0xe1c0, 0xe1c0, 0xe1c0, 0xe1c0,
  0xe1c0, 0xe1c0, 0xe1c0, 0xe1c0, 0xe1c0, 0xe1c0, 0xe1c0, 0xe1c0,
  0xe1c0, 0xe1c0, 0xe1c0, 0xe1c0, 0xe1c0, 0xe1c0, 0xe1c0, 0xe1c0,
  0xe1c0, 0xe1c0, 0xe1a0, 0xe1a0, 0xe1c0, 0xe1c0, 0xe1c0, 0xe1c0,
  0xe1c0, 0xe1c0, 0xe1c0, 0xe1c0, 0xe1c0, 0xe1c0, 0xe1c0, 0xe1c0,
  0xe1c0, 0xe1c0, 0xe1c0, 0xe1c0, 0xe1c0, 0xe1c0, 0xe1c0, 0xe1c0,
  0xe1c0, 0xe1c0, 0xe1c0, 0xe1c0, 0xe1c0, 0xe1c0, 0xe1c0, 0xe1c0,
  0xe1c0, 0xe1c0, 0xe1c0, 0xe1c0, 0xe1c0, 0xe1c0, 0xe1c0, 0xe1c0,
  0xe1c0, 0xe1c0, 0xe1c0, 0xe1c0, 0xe1c0, 0xe1c0, 0xe1c0, 0xe1c0,
  0xe1c0, 0xe1c0, 0xe1c0, 0xe1c0, 0xe1c0, 0xe1c0, 0xe1c0, 0xe1c0,
  0xe1c0, 0xe1c0, 0xe1c0, 0xe1c0, 0xe1c0, 0xe1c0, 0xe1c0, 0xe1c0,
  0xe1c0, 0xe1c0, 0xe1c0, 0xe1c0, 0xe1c0, 0xe1c0, 0xe1c0, 0xe1c0,
  0xe1c0, 0xe1c0, 0xe1c0, 0xe1c0, 0xe1c0, 0xe1c0, 0xe1c0, 0xe1c0,
  0xe1c0, 0xe1c0, 0xe1c0, 0xe1c0, 0xe1c0, 0xe1c0, 0xe1c0, 0xe1c0,
  0xe1c0, 0xe1c0, 0xe1c0, 0xe1c0, 0xe1c0, 0xe1c0, 0xe1c0, 0xe1c0,
  0xe1c0, 0xe1c0, 0xe1c0, 0xe1c0, 0xe1c0, 0xe1c0, 0xe1c0, 0xe1c0,
  0xe1a0, 0xe1a0, 0xe1a0, 0xe1c0, 0xe1c0, 0xe1c0, 0xe1c0, 0xe1c0,
  0xe1c0, 0xe1c0, 0xe1c0, 0xe1c0, 0xe1c0, 0xe1c0, 0xe1c0, 0xe1c0,
  0xe1c0, 0xe1c0, 0xe1c0, 0xe1c0, 0xe1c0, 0xe1c0, 0xe1c0, 0xe1c0,
  0xe1c0, 0xe1c0, 0xe1c0, 0xe1c0, 0xe1c0, 0xe1c0, 0xe1c0, 0xe1c0,
  0xe1c0, 0xe1c0, 0xe1c0, 0xe1c0, 0xe1c0, 0xe1c0, 0xe1c0, 0xe1c0,
  0xe1c0, 0xe1c0, 0xe1c0, 0xe1c0, 0xe1c0, 0xe1c0, 0xe1c0, 0xe1c0,
  0xe1c0, 0xe1c0, 0xe1c0, 0xe1c0, 0xe1c0, 0xe1c0, 0xe1c0, 0xe1c0,
  0xe1c0, 0xe1c0, 0xe1c0, 0xe1c0, 0xe1c0, 0xe1c0, 0xe1c0, 0xe1c0,
  0xe1c0, 0xe1c0, 0xe1c0, 0xe1c0, 0xe1c0, 0xe1c0, 0xe1c0, 0xe1c0,
  0xe1c0, 0xe1c0, 0xe1c0, 0xe1c0, 0xe1c0, 0xe1c0, 0xe1c0, 0xe1c0,
  0xe1c0, 0xe1c0, 0xe1c0, 0xe1c0, 0xe1c0, 0xe1c0, 0xe1c0, 0xe1c0,
  0xe1c0, 0xe1c0, 0xe1c0, 0xe1c0, 0xe1c0, 0xe1c0, 0xe1c0, 0xe1c0,
  0xe1c0, 0xe1c0, 0xe1c0, 0xe1c0, 0xe1c0, 0xe1c0, 0xe1c0, 0xe1c0,
  0xe1c0, 0xe1c0, 0xe1c0, 0xe1c0, 0xe1c0, 0xe1c0, 0xe1c0, 0xe1c0,
  0xe1c0, 0xe1c0, 0xe1c0, 0xe1c0, 0xe1c0, 0xe1c0, 0xe1c0, 0xe1c0,
  0xe1c0, 0xe1c0, 0xe1c0, 0xe1c0, 0xe1c0, 0xe1c0, 0xe1c0, 0xe1c0,
  0xe1c0, 0xe1c0, 0xe1c0, 0xe1c0, 0xe1c0, 0xe1c0, 0xe1c0, 0xe1c0,
  0xe1c0, 0xe1c0, 0xe1c0, 0xe1c0, 0xe1c0, 0xe1c0, 0xe1c0, 0xe1c0,
  0xe1c0, 0xe1c0, 0xe1c0, 0xe1c0, 0xe1c0, 0xe1c0, 0xe1c0, 0xe1c0,
  0xe1c0, 0xe1c0, 0xe1c0, 0xe1c0, 0xe1c0, 0xe1c0, 0xe1c0, 0xe1c0,
  0xe1c0, 0xe1c0, 0xe1c0, 0xe1c0, 0xe1c0, 0xe1c0, 0xe1c0, 0xe1c0,
  0xe1c0, 0xe1c0, 0xe1c0, 0xe1c0, 0xe1c0, 0xe1c0, 0xe1c0, 0xe1c0,
  0xe1c0, 0xe1c0, 0xe1c0, 0xe1c0, 0xe1c0, 0xe1c0, 0xe1c0, 0xe1c0,
  0xe1c0, 0xe1c0, 0xe1c0, 0xe1c0, 0xe1c0, 0xe1c0, 0xe1c0, 0xe1c0,
  0xe1c0, 0xe1c0, 0xe1c0, 0xe1c0, 0xe1c0, 0xe1c0, 0xe1c0, 0xe1c0,
  0xe1c0, 0xe1c0, 0xe1c0, 0xe1c0, 0xe1c0, 0xe1c0, 0xe1c0, 0xe1c0,
  0xe1c0, 0xe1c0, 0xe1c0, 0xe1c0, 0xe1c0, 0xe1c0, 0xe1c0, 0xe1c0,
  0xe1c0, 0xe1c0, 0xe1c0, 0xe1c0, 0xe1c0, 0xe1c0, 0xe1c0, 0xe1c0,
  0xe1c0, 0xe1c0, 0xe1c0, 0xe1c0, 0xe1c0, 0xe1c0, 0xe1c0, 0xe1c0,
  0xe1c0, 0xe1c0, 0xe1c0, 0xe1c0, 0xe1c0, 0xe1c0, 0xe1c0, 0xe1c0,
  0xe1c0, 0xe1a0, 0xe1a0, 0xe1c0, 0xe1c0, 0xe1c0, 0xe1c0, 0xe1c0,
  0xe1c0, 0xe1c0, 0xe1c0, 0xe1c0, 0xe1c0, 0xe1c0, 0xe1c0, 0xe1c0,
  0xe1c0, 0xe1c0, 0xe1c0, 0xe1c0, 0xe1c0, 0xe1c0, 0xe1c0, 0xe1c0,
  0xe1c0, 0xe1c0, 0xe1c0, 0xe1c0, 0xe1c0, 0xe1c0, 0xe1c0, 0xe1c0,
  0xe1c0, 0xe1c0, 0xe1c0, 0xe1c0, 0xe1c0, 0xe1c0, 0xe1c0, 0xe1c0,
  0xe1c0, 0xe1c0, 0xe1c0, 0xe1c0, 0xe1c0, 0xe1c0, 0xe1c0, 0xe1c0,
  0xe1c0, 0xe1c0, 0xe1c0, 0xe1c0, 0xe1c0, 0xe1c0, 0xe1c0, 0xe1c0,
  0xe1c0, 0xe1c0, 0xe1c0, 0xe1c0, 0xe1c0, 0xe1c0, 0xe1c0, 0xe1c0,
  0xe1c0, 0xe1c0, 0xe1c0, 0xe1c0, 0xe1c0, 0xe1c0, 0xe1c0, 0xe1c0,
  0xe1c0, 0xe1c0, 0xe1c0, 0xe1c0, 0xe1c0, 0xe1c0, 0xe1c0, 0xe1c0,
  0xe1c0, 0xe1c0, 0xe1c0, 0xe1c0, 0xe1c0, 0xe1c0, 0xe1c0, 0xe1c0,
  0xe1c0, 0xe1c0, 0xe1c0, 0xe1c0, 0xe1c0, 0xe1c0, 0xe1c0, 0xe1c0,
  0xe1c0, 0xe1c0, 0xe1c0, 0xe1c0, 0xe1c0, 0xe1c0, 0xe1c0, 0xe1c0,
  0xe1c0, 0xe1c0, 0xe1c0, 0xe1c0, 0xe1c0, 0xe1c0, 0xe1c0, 0xe1c0,
  0xe1c0, 0xe1c0, 0xe1c0, 0xe1c0, 0xe1c0, 0xe1c0, 0xe1c0, 0xe1c0,
  0xe1c0, 0xe1c0, 0xe1c0, 0xe1c0, 0xe1c0, 0xe1c0, 0xe1c0, 0xe1c0,
  0xe1c0, 0xe1c0, 0xe1c0, 0xe1c0, 0xe1c0, 0xe1c0, 0xe1c0, 0xe1c0,
  0xe1c0, 0xe1c0, 0xe1c0, 0xe1c0, 0xe1c0, 0xe1c0, 0xe1c0, 0xe1c0,
  0xe1c0, 0xe1c0, 0xe1c0, 0xe1c0, 0xe1c0, 0xe1c0, 0xe1c0, 0xe1c0,
  0xe1c0, 0xe1c0, 0xe1c0, 0xe1c0, 0xe1c0, 0xe1c0, 0xe1c0, 0xe1c0,
  0xe1c0, 0xe1c0, 0xe1c0, 0xe1c0, 0xe1c0, 0xe1c0, 0xe1c0, 0xe1c0,
  0xe1c0, 0xe1c0, 0xe1c0, 0xe1c0, 0xe1c0, 0xe1c0, 0xe1c0, 0xe1c0,
  0xe1c0, 0xe1c0, 0xe1c0, 0xe1c0, 0xe1c0, 0xe1c0, 0xe1c0, 0xe1c0,
  0xe1c0, 0xe1c0, 0xe1c0, 0xe1c0, 0xe1c0, 0xe1c0, 0xe1c0, 0xe1c0,
  0xe1c0, 0xe1c0, 0xe1c0, 0xe1c0, 0xe1c0, 0xe1c0, 0xe1c0, 0xe1c0,
  0xe1c0, 0xe1c0, 0xe1c0, 0xe1c0, 0xe1c0, 0xe1c0, 0xe1c0, 0xe1c0,
  0xe1c0, 0xe1c0, 0xe1c0, 0xe1c0, 0xe1c0, 0xe1c0, 0xe1c0, 0xe1c0,
  0xe1c0, 0xe1c0, 0xe1c0, 0xe1c0, 0xe1c0, 0xe1c0, 0xe1c0, 0xe1c0,
  0xe1c0, 0xe1c0, 0xe1c0, 0xe1c0, 0xe1c0, 0xe1c0, 0xe1c0, 0xe1c0,
  0xe1c0, 0xe1c0, 0xe1c0, 0xe1c0, 0xe1c0, 0xe1c0, 0xe1c0, 0xe1c0,
  0xe1c0, 0xe1c0, 0xe1c0, 0xe1c0, 0xe1c0, 0xe1c0, 0xe1c0, 0xe1c0,
  0xe1c0, 0xe1c0, 0xe1c0, 0xe1c0, 0xe1c0, 0xe1c0, 0xe1c0, 0xe1c0,
  0xe1c0, 0xe1c0, 0xe1c0, 0xe1c0, 0xe1c0, 0xe1c0, 0xe1c0, 0xe1c0,
  0xe1c0, 0xe1c0, 0xe1c0, 0xe1c0, 0xe1c0, 0xe1c0, 0xe1c0, 0xe1c0,
  0xe1c0, 0xe1c0, 0xe1c0, 0xe1c0, 0xe1c0, 0xe1c0, 0xe1c0, 0xe1c0,
  0xe1c0, 0xe1c0, 0xe1c0, 0xe1c0, 0xe1c0, 0xe1c0, 0xe1c0, 0xe1c0,
  0xe1c0, 0xe1c0, 0xe1c0, 0xe1c0, 0xe1c0, 0xe1c0, 0xe1c0, 0xe1c0,
  0xe1c0, 0xe1c0, 0xe1c0, 0xe1c0, 0xe1c0, 0xe1c0, 0xe1c0, 0xe1c0,
  0xe1c0, 0xe1c0, 0xe1c0, 0xe1c0, 0xe1c0, 0xe1c0, 0xe1c0, 0xe1c0,
  0xe1c0, 0xe1c0, 0xe1c0, 0xe1c0, 0xe1c0, 0xe1c0, 0xe1c0, 0xe1c0,
  0xe1c0, 0xe1c0, 0xe1c0, 0xe1c0, 0xe1c0, 0xe1c0, 0xe1c0, 0xe1c0,
  0xe1c0, 0xe1c0, 0xe1c0, 0xe1c0, 0xe1c0, 0xe1c0, 0xe1c0, 0xe1c0,
  0xe1c0, 0xe1c0, 0xe1c0, 0xe1c0, 0xe1c0, 0xe1c0, 0xe1c0, 0xe1c0,
  0xe1c0, 0xe1c0, 0xe1c0, 0xe1c0, 0xe1c0, 0xe1c0, 0xe1c0, 0xe1c0,
  0xe1c0, 0xe1c0, 0xe1c0, 0xe1c0, 0xe1c0, 0xe1c0, 0xe1c0, 0xe1c0,
  0xe1c0, 0xe1c0, 0xe1c0, 0xe1c0, 0xe1c0, 0xe1c0, 0xe1c0, 0xe1c0,
  0xe1c0, 0xe1c0, 0xe1c0, 0xe1c0, 0xe1c0, 0xe1c0, 0xe1c0, 0xe1c0,
  0xe1c0, 0xe1c0, 0xe1c0, 0xe1c0, 0xe1c0, 0xe1c0, 0xe1c0, 0xe1c0,
  0xe1c0, 0xe1c0, 0xe1c0, 0xe1c0, 0xe1c0, 0xe1c0, 0xe1c0, 0xe1c0,
  0xe1c0, 0xe1c0, 0xe1c0, 0xe1c0, 0xe1c0, 0xe1c0, 0xe1c0, 0xe1c0,
  0xe1c0, 0xe1c0, 0xe1c0, 0xe1c0, 0xe1c0, 0xe1c0, 0xe1c0, 0xe1c0,
  0xe1c0, 0xe1c0, 0xe1a0, 0xe1c0, 0xe1c0, 0xe1c0, 0xe1c0, 0xe1c0,
  0xe1c0, 0xe1c0, 0xe1c0, 0xe1c0, 0xe1c0, 0xe1c0, 0xe1c0, 0xe1c0,
  0xe1c0, 0xe1c0, 0xe1c0, 0xe1c0, 0xe1c0, 0xe1c0, 0xe1c0, 0xe1c0,
  0xe1c0, 0xe1c0, 0xe1c0, 0xe1c0, 0xe1c0, 0xe1c0, 0xe1c0, 0xe1c0,
  0xe1c0, 0xe1c0, 0xe1c0, 0xe1c0, 0xe1c0, 0xe1c0, 0xe1c0, 0xe1c0,
  0xe1c0, 0xe1c0, 0xe1c0, 0xe1c0, 0xe1c0, 0xe1c0, 0xe1c0, 0xe1c0,
  0xe1c0, 0xe1c0, 0xe1c0, 0xe1c0, 0xe1c0, 0xe1c0, 0xe1c0, 0xe1c0,
  0xe1c0, 0xe1c0, 0xe1c0, 0xe1c0, 0xe1c0, 0xe1c0, 0xe1c0, 0xe1c0,
  0xe1c0, 0xe1c0, 0xe1c0, 0xe1c0, 0xe1c0, 0xe1c0, 0xe1c0, 0xe9c0,
  0xe9c0, 0xe1c0, 0xe1c0, 0xe1c0, 0xe1c0, 0xe1c0, 0xe1c0, 0xe1c0,
  0xe1c0, 0xe1c0, 0xe1c0, 0xe1c0, 0xe1c0, 0xe1c0, 0xe1c0, 0xe1c0,
  0xe1c0, 0xe1c0, 0xe1c0, 0xe1c0, 0xe1c0, 0xe1c0, 0xe1c0, 0xe1c0,
  0xe1c0, 0xe1c0, 0xe1c0, 0xe1c0, 0xe1c0, 0xe1c0, 0xe1c0, 0xe1c0,
  0xe1c0, 0xe1c0, 0xe1c0, 0xe1c0, 0xe1c0, 0xe1c0, 0xe1c0, 0xe1c0,
  0xe1c0, 0xe1c0, 0xe1c0, 0xe1c0, 0xe1c0, 0xe1c0, 0xe1c0, 0xe1c0,
  0xe1c0, 0xe1c0, 0xe1c0, 0xe1c0, 0xe1c0, 0xe1c0, 0xe1c0, 0xe1c0,
  0xe1c0, 0xe1c0, 0xe1c0, 0xe1c0, 0xe1c0, 0xe1c0, 0xe1c0, 0xe1c0,
  0xe1c0, 0xe1c0, 0xe1c0, 0xe1c0, 0xe1c0, 0xe1c0, 0xe1c0, 0xe1c0,
  0xe1c0, 0xe1c0, 0xe1c0, 0xe1c0, 0xe1c0, 0xe1c0, 0xe1c0, 0xe1c0,
  0xe1c0, 0xe1c0, 0xe1c0, 0xe1c0, 0xe1c0, 0xe1c0, 0xe1c0, 0xe1c0,
  0xe1c0, 0xe1c0, 0xe1c0, 0xe1c0, 0xe1c0, 0xe1c0, 0xe1c0, 0xe1c0,
  0xe1c0, 0xe1c0, 0xe1c0, 0xe1c0, 0xe1c0, 0xe1c0, 0xe1c0, 0xe1c0,
  0xe1c0, 0xe1c0, 0xe1c0, 0xe1c0, 0xe1c0, 0xe1c0, 0xe1c0, 0xe1c0,
  0xe1c0, 0xe1c0, 0xe1c0, 0xe1c0, 0xe1c0, 0xe1c0, 0xe1c0, 0xe1c0,
  0xe1c0, 0xe1c0, 0xe1c0, 0xe1c0, 0xe1c0, 0xe1c0, 0xe1c0, 0xe1c0,
  0xe1c0, 0xe1c0, 0xe1c0, 0xe1c0, 0xe1c0, 0xe1c0, 0xe1c0, 0xe1c0,
  0xe1c0, 0xe1c0, 0xe1c0, 0xe1c0, 0xe1c0, 0xe1c0, 0xe1c0, 0xe1c0,
  0xe1c0, 0xe1c0, 0xe1c0, 0xe1c0, 0xe1c0, 0xe1c0, 0xe1c0, 0xe1c0,
  0xe1c0, 0xe1c0, 0xe1c0, 0xe1c0, 0xe1c0, 0xe1c0, 0xe1c0, 0xe1c0,
  0xe1c0, 0xe1c0, 0xe1c0, 0xe1c0, 0xe1c0, 0xe1c0, 0xe1c0, 0xe1c0,
  0xe1c0, 0xe1a0, 0xe1a0, 0xe1c0, 0xe1c0, 0xe1c0, 0xe1c0, 0xe1c0,
  0xe1c0, 0xe1c0, 0xe1c0, 0xe1c0, 0xe1c0, 0xe1c0, 0xe1c0, 0xe1c0,
  0xe1c0, 0xe1c0, 0xe1c0, 0xe1c0, 0xe1c0, 0xe1c0, 0xe1c0, 0xe1c0,
  0xe1c0, 0xe1c0, 0xe1c0, 0xe1c0, 0xe1c0, 0xe1c0, 0xe1c0, 0xe1c0,
  0xe1c0, 0xe1c0, 0xe1c0, 0xe1c0, 0xe1c0, 0xe1c0, 0xe1c0, 0xe1c0,
  0xe1c0, 0xe1c0, 0xe1c0, 0xe1c0, 0xe1c0, 0xe1c0, 0xe1c0, 0xe1c0,
  0xe1c0, 0xe1c0, 0xe1c0, 0xe1c0, 0xe1c0, 0xe1c0, 0xe1c0, 0xe1c0,
  0xe1c0, 0xe1c0, 0xe1c0, 0xe1c0, 0xe1c0, 0xe1c0, 0xe1c0, 0xe1c0,
  0xe1c0, 0xe1c0, 0xe1c0, 0xe1c0, 0xe1c0, 0xe1c0, 0xe1c0, 0xe9c0,
  0xe9c0, 0xe9c0, 0xe1c0, 0xe1c0, 0xe1c0, 0xe1c0, 0xe1c0, 0xe1c0,
  0xe1c0, 0xe1c0, 0xe1c0, 0xe1c0, 0xe1c0, 0xe1c0, 0xe1c0, 0xe1c0,
  0xe1c0, 0xe1c0, 0xe1c0, 0xe1c0, 0xe1c0, 0xe1c0, 0xe1c0, 0xe1c0,
  0xe1c0, 0xe1c0, 0xe1c0, 0xe1c0, 0xe1c0, 0xe1c0, 0xe1c0, 0xe1c0,
  0xe1c0, 0xe1c0, 0xe1c0, 0xe1c0, 0xe1c0, 0xe1c0, 0xe1c0, 0xe1c0,
  0xe1c0, 0xe1c0, 0xe1c0, 0xe1c0, 0xe1c0, 0xe1c0, 0xe1c0, 0xe1c0,
  0xe1c0, 0xe1c0, 0xe1c0, 0xe1c0, 0xe1c0, 0xe1c0, 0xe1c0, 0xe1c0,
  0xe1c0, 0xe1c0, 0xe1c0, 0xe1c0, 0xe1c0, 0xe1c0, 0xe1c0, 0xe1c0,
  0xe1c0, 0xe1c0, 0xe1c0, 0xe1c0, 0xe1c0, 0xe1c0, 0xe1c0, 0xe1c0,
  0xe1c0, 0xe1c0, 0xe1c0, 0xe1c0, 0xe1c0, 0xe1c0, 0xe1c0, 0xe1c0,
  0xe1c0, 0xe1c0, 0xe1c0, 0xe1c0, 0xe1c0, 0xe1c0, 0xe1c0, 0xe1c0,
  0xe1c0, 0xe1c0, 0xe1c0, 0xe1c0, 0xe1c0, 0xe1c0, 0xe1c0, 0xe1c0,
  0xe1c0, 0xe1c0, 0xe1c0, 0xe1c0, 0xe1c0, 0xe1c0, 0xe1c0, 0xe1c0,
  0xe1c0, 0xe1c0, 0xe1c0, 0xe1c0, 0xe1c0, 0xe1c0, 0xe1c0, 0xe1c0,
  0xe1c0, 0xe1c0, 0xe1c0, 0xe1c0, 0xe1c0, 0xe1c0, 0xe1c0, 0xe1c0,
  0xe1c0, 0xe1c0, 0xe1c0, 0xe1c0, 0xe1c0, 0xe1c0, 0xe1c0, 0xe1c0,
  0xe1c0, 0xe1c0, 0xe1c0, 0xe1c0, 0xe1c0, 0xe1c0, 0xe1c0, 0xe1c0,
  0xe1c0, 0xe1c0, 0xe1c0, 0xe1c0, 0xe1c0, 0xe1c0, 0xe1c0, 0xe1c0,
  0xe1c0, 0xe1c0, 0xe1c0, 0xe1c0, 0xe1c0, 0xe1c0, 0xe1c0, 0xe1c0,
  0xe1c0, 0xe1c0, 0xe1c0, 0xe1c0, 0xe1c0, 0xe1c0, 0xe1c0, 0xe1c0,
  0xe1c0, 0xe1c0, 0xe1c0, 0xe1c0, 0xe1c0, 0xe1c0, 0xe1c0, 0xe1c0,
  0xe1c0, 0xe1a0, 0xe1a0, 0xe1c0, 0xe1c0, 0xe1c0, 0xe1c0, 0xe1c0,
  0xe1c0, 0xe1c0, 0xe1c0, 0xe1c0, 0xe1c0, 0xe1c0, 0xe1c0, 0xe1c0,
  0xe1c0, 0xe1c0, 0xe1c0, 0xe1c0, 0xe1c0, 0xe1c0, 0xe1c0, 0xe1c0,
  0xe1c0, 0xe1c0, 0xe1c0, 0xe1c0, 0xe1c0, 0xe1c0, 0xe1c0, 0xe1c0,
  0xe1c0, 0xe1c0, 0xe1c0, 0xe1c0, 0xe1c0, 0xe1c0, 0xe1c0, 0xe1c0,
  0xe1c0, 0xe1c0, 0xe1c0, 0xe1c0, 0xe1c0, 0xe1c0, 0xe1c0, 0xe1c0,
  0xe1c0, 0xe1c0, 0xe1c0, 0xe1c0, 0xe1c0, 0xe1c0, 0xe1c0, 0xe1c0,
  0xe1c0, 0xe1c0, 0xe1c0, 0xe1c0, 0xe1c0, 0xe1c0, 0xe1c0, 0xe1c0,
  0xe1c0, 0xe1c0, 0xe1c0, 0xe1c0, 0xe1c0, 0xe1c0, 0xe1c0, 0xe1c0,
  0xe1c0, 0xe9c0, 0xe1c0, 0xe1c0, 0xe1c0, 0xe1c0, 0xe1c0, 0xe1c0,
  0xe1c0, 0xe1c0, 0xe1c0, 0xe1c0, 0xe1c0, 0xe1c0, 0xe1c0, 0xe1c0,
  0xe1c0, 0xe1c0, 0xe1c0, 0xe1c0, 0xe1c0, 0xe1c0, 0xe1c0, 0xe1c0,
  0xe1c0, 0xe1c0, 0xe1c0, 0xe1c0, 0xe1c0, 0xe1c0, 0xe1c0, 0xe1c0,
  0xe1c0, 0xe1c0, 0xe1c0, 0xe1c0, 0xe1c0, 0xe1c0, 0xe1c0, 0xe1c0,
  0xe1c0, 0xe1c0, 0xe1c0, 0xe1c0, 0xe1c0, 0xe1c0, 0xe1c0, 0xe1c0,
  0xe1c0, 0xe1c0, 0xe1c0, 0xe1c0, 0xe1c0, 0xe1c0, 0xe1c0, 0xe1c0,
  0xe1c0, 0xe1c0, 0xe1c0, 0xe1c0, 0xe1c0, 0xe1c0, 0xe1c0, 0xe1c0,
  0xe1c0, 0xe1c0, 0xe1c0, 0xe1c0, 0xe1c0, 0xe1c0, 0xe1c0, 0xe1c0,
  0xe1c0, 0xe1c0, 0xe1c0, 0xe1c0, 0xe1c0, 0xe1c0, 0xe1c0, 0xe1c0,
  0xe1c0, 0xe1c0, 0xe1c0, 0xe1c0, 0xe1c0, 0xe1c0, 0xe1c0, 0xe1c0,
  0xe1c0, 0xe1c0, 0xe1c0, 0xe1c0, 0xe1c0, 0xe1c0, 0xe1c0, 0xe1c0,
  0xe1c0, 0xe1c0, 0xe1c0, 0xe1c0, 0xe1c0, 0xe1c0, 0xe1c0, 0xe1c0,
  0xe1c0, 0xe1c0, 0xe1c0, 0xe1c0, 0xe1c0, 0xe1c0, 0xe1c0, 0xe1c0,
  0xe1c0, 0xe1c0, 0xe1c0, 0xe1c0, 0xe1c0, 0xe1c0, 0xe1c0, 0xe1c0,
  0xe1c0, 0xe1c0, 0xe1c0, 0xe1c0, 0xe1c0, 0xe1c0, 0xe1c0, 0xe1c0,
  0xe1c0, 0xe1c0, 0xe1c0, 0xe1c0, 0xe1c0, 0xe1c0, 0xe1c0, 0xe1c0,
  0xe1c0, 0xe1c0, 0xe1c0, 0xe1c0, 0xe1c0, 0xe1c0, 0xe1c0, 0xe1c0,
  0xe1c0, 0xe1c0, 0xe1c0, 0xe1c0, 0xe1c0, 0xe1c0, 0xe1c0, 0xe1c0,
  0xe1c0, 0xe1c0, 0xe1c0, 0xe1c0, 0xe1c0, 0xe1c0, 0xe1c0, 0xe1c0,
  0xe1c0, 0xe1c0, 0xe1c0, 0xe1c0, 0xe1c0, 0xe1c0, 0xe1c0, 0xe1c0,
  0xe1c0, 0xe1c0, 0xe1c0, 0xe1c0, 0xe1c0, 0xe1c0, 0xe1c0, 0xe1c0,
  0xe1c0, 0xe1c0, 0xe1c0, 0xe1c0, 0xe1c0, 0xe1c0, 0xe1c0, 0xe1c0,
  0xe1c0, 0xe1c0, 0xe1c0, 0xe1c0, 0xe1c0, 0xe1c0, 0xe1c0, 0xe1c0,
  0xe1c0, 0xe1c0, 0xe1c0, 0xe1c0, 0xe1c0, 0xe1c0, 0xe1c0, 0xe1c0,
  0xe1c0, 0xe1c0, 0xe1c0, 0xe1c0, 0xe1c0, 0xe1c0, 0xe1c0, 0xe1c0,
  0xe9c0, 0xe9c0, 0xe9c0, 0xe1c0, 0xe1c0, 0xe1c0, 0xe1c0, 0xe1c0,
  0xe1c0, 0xe1c0, 0xe1c0, 0xe1c0, 0xe1c0, 0xe1c0, 0xe1c0, 0xe1c0,
  0xe1c0, 0xe1c0, 0xe1c0, 0xe1c0, 0xe1c0, 0xe1c0, 0xe1c0, 0xe1c0,
  0xe1c0, 0xe1c0, 0xe1c0, 0xe1c0, 0xe1c0, 0xe1c0, 0xe1c0, 0xe1c0,
  0xe1c0, 0xe1c0, 0xe1c0, 0xe1c0, 0xe1c0, 0xe1c0, 0xe1c0, 0xe1c0,
  0xe1c0, 0xe1c0, 0xe1c0, 0xe1c0, 0xe1c0, 0xe1c0, 0xe1c0, 0xe1c0,
  0xe1c0, 0xe1c0, 0xe1c0, 0xe1c0, 0xe1c0, 0xe1c0, 0xe1c0, 0xe1c0,
  0xe1c0, 0xe1c0, 0xe1c0, 0xe1c0, 0xe1c0, 0xe1c0, 0xe1c0, 0xe1c0,
  0xe1c0, 0xe1c0, 0xe1c0, 0xe1c0, 0xe1c0, 0xe1c0, 0xe1c0, 0xe1c0,
  0xe1c0, 0xe1c0, 0xe1c0, 0xe1c0, 0xe1c0, 0xe1c0, 0xe1c0, 0xe1c0,
  0xe1c0, 0xe1c0, 0xe1c0, 0xe1c0, 0xe1c0, 0xe1c0, 0xe1c0, 0xe1c0,
  0xe1c0, 0xe1c0, 0xe1c0, 0xe1c0, 0xe1c0, 0xe1c0, 0xe1c0, 0xe1c0,
  0xe1c0, 0xe1c0, 0xe1c0, 0xe1c0, 0xe1c0, 0xe1c0, 0xe1c0, 0xe1c0,
  0xe1c0, 0xe1c0, 0xe1c0, 0xe1c0, 0xe1c0, 0xe1c0, 0xe1c0, 0xe1c0,
  0xe1c0, 0xe1c0, 0xe1c0, 0xe1c0, 0xe1c0, 0xe1c0, 0xe1c0, 0xe1c0,
  0xe1c0, 0xe1c0, 0xe1c0, 0xe1c0, 0xe1c0, 0xe1c0, 0xe1c0, 0xe1c0,
  0xe1c0, 0xe1c0, 0xe1c0, 0xe1c0, 0xe1c0, 0xe1c0, 0xe1c0, 0xe1c0,
  0xe1c0, 0xe1c0, 0xe1c0, 0xe1c0, 0xe1c0, 0xe1c0, 0xe1c0, 0xe1c0,
  0xe1c0, 0xe1c0, 0xe1c0, 0xe1c0, 0xe1c0, 0xe1c0, 0xe1c0, 0xe1c0,
  0xe1c0, 0xe1c0, 0xe1c0, 0xe1c0, 0xe1c0, 0xe1c0, 0xe1c0, 0xe1c0,
  0xe1c0, 0xe1c0, 0xe1c0, 0xe1c0, 0xe1c0, 0xe1c0, 0xe1c0, 0xe1c0,
  0xe1c0, 0xe1c0, 0xe1c0, 0xe1c0, 0xe1c0, 0xe1c0, 0xe1c0, 0xe1c0,
  0xe1c0, 0xe1c0, 0xe1c0, 0xe1c0, 0xe1c0, 0xe1c0, 0xe1c0, 0xe1c0,
  0xe1c0, 0xe1c0, 0xe1c0, 0xe1c0, 0xe1c0, 0xe1c0, 0xe1c0, 0xe1c0,
  0xe1c0, 0xe1c0, 0xe1c0, 0xe1c0, 0xe1c0, 0xe1c0, 0xe1c0, 0xe1c0,
  0xe1c0, 0xe1c0, 0xe1c0, 0xe1c0, 0xe1c0, 0xe1c0, 0xe1c0, 0xe1a0,
  0xe1c0, 0xe1c0, 0xe1c0, 0xe1c0, 0xe1c0, 0xe1c0, 0xe1c0, 0xe1c0,
  0xe1c0, 0xe1c0, 0xe1c0, 0xe1c0, 0xe1c0, 0xe1c0, 0xe1c0, 0xe1c0,
  0xe1c0, 0xe1c0, 0xe1c0, 0xe1c0, 0xe1c0, 0xe1a0, 0xe1a0, 0xe1c0,
  0xe1c0, 0xe1c0, 0xe1c0, 0xe1c0, 0xe1c0, 0xe1c0, 0xe1c0, 0xe1c0,
  0xe9c0, 0xe9c0, 0xe1c0, 0xe1c0, 0xe1c0, 0xe1c0, 0xe1c0, 0xe1c0,
  0xe1c0, 0xe1c0, 0xe1c0, 0xe1c0, 0xe1c0, 0xe1c0, 0xe1c0, 0xe1c0,
  0xe1c0, 0xe1c0, 0xe1c0, 0xe1c0, 0xe1c0, 0xe1c0, 0xe1c0, 0xe1c0,
  0xe1c0, 0xe1c0, 0xe1c0, 0xe1c0, 0xe1c0, 0xe1c0, 0xe1c0, 0xe1c0,
  0xe1c0, 0xe1c0, 0xe1c0, 0xe1c0, 0xe1c0, 0xe1c0, 0xe1c0, 0xe1c0,
  0xe1c0, 0xe1c0, 0xe1c0, 0xe1c0, 0xe1c0, 0xe1c0, 0xe1c0, 0xe1c0,
  0xe1c0, 0xe1c0, 0xe1c0, 0xe1c0, 0xe1c0, 0xe1c0, 0xe1c0, 0xe1c0,
  0xe1c0, 0xe1c0, 0xe1c0, 0xe1c0, 0xe1c0, 0xe1c0, 0xe1c0, 0xe1c0,
  0xe1c0, 0xe1c0, 0xe1c0, 0xe1c0, 0xe1c0, 0xe1c0, 0xe1c0, 0xe1c0,
  0xe1c0, 0xe1c0, 0xe1c0, 0xe1c0, 0xe1c0, 0xe1c0, 0xe1c0, 0xe1c0,
  0xe1c0, 0xe1c0, 0xe1c0, 0xe1c0, 0xe1c0, 0xe1c0, 0xe1c0, 0xe1c0,
  0xe1c0, 0xe1c0, 0xe1c0, 0xe1a0, 0xe1a0, 0xe1a0, 0xe1a0, 0xe1c0,
  0xe1c0, 0xe1c0, 0xe1c0, 0xe1c0, 0xe1c0, 0xe1c0, 0xe1c0, 0xe1c0,
  0xe1c0, 0xe1c0, 0xe1c0, 0xe1c0, 0xe1c0, 0xe1c0, 0xe1c0, 0xe1c0,
  0xe1c0, 0xe1c0, 0xe1c0, 0xe1c0, 0xe1c0, 0xe1c0, 0xe1c0, 0xe1c0,
  0xe1c0, 0xe1c0, 0xe1c0, 0xe1c0, 0xe1c0, 0xe1c0, 0xe1c0, 0xe1c0,
  0xe1c0, 0xe1c0, 0xe1c0, 0xe1c0, 0xe1c0, 0xe1c0, 0xe1c0, 0xe1c0,
  0xe1c0, 0xe1c0, 0xe1c0, 0xe1c0, 0xe1c0, 0xe1c0, 0xe1c0, 0xe1c0,
  0xe1c0, 0xe1c0, 0xe1c0, 0xe1c0, 0xe1c0, 0xe1c0, 0xe1c0, 0xe1c0,
  0xe1c0, 0xe1c0, 0xe1c0, 0xe1c0, 0xe1c0, 0xe1c0, 0xe1c0, 0xe1c0,
  0xe1c0, 0xe1c0, 0xe1c0, 0xe1c0, 0xe1c0, 0xe1c0, 0xe1c0, 0xe1c0,
  0xe1c0, 0xe1c0, 0xe1c0, 0xe1c0, 0xe1c0, 0xe1c0, 0xe1c0, 0xe1c0,
  0xe1c0, 0xe1c0, 0xe1c0, 0xe1c0, 0xe1c0, 0xe1c0, 0xe1c0, 0xe1c0,
  0xe1c0, 0xe1c0, 0xe1c0, 0xe1c0, 0xe1c0, 0xe1c0, 0xe1c0, 0xe1c0,
  0xe1c0, 0xe1c0, 0xe1c0, 0xe1c0, 0xe1c0, 0xe1c0, 0xe1c0, 0xe1c0,
  0xe1c0, 0xe1c0, 0xe1c0, 0xe1c0, 0xe1c0, 0xe1c0, 0xe1c0, 0xe1a0,
  0xe1c0, 0xe1c0, 0xe1c0, 0xe1c0, 0xe1c0, 0xe1c0, 0xe1c0, 0xe1c0,
  0xe1c0, 0xe1c0, 0xe1c0, 0xe1c0, 0xe1c0, 0xe1c0, 0xe1c0, 0xe1c0,
  0xe1c0, 0xe1c0, 0xe1c0, 0xe1c0, 0xe1c0, 0xe1c0, 0xe1c0, 0xe1c0,
  0xe1c0, 0xe1c0, 0xe1c0, 0xe1c0, 0xe1c0, 0xe1c0, 0xe1c0, 0xe1c0,
  0xe1c0, 0xe1c0, 0xe1c0, 0xe1c0, 0xe1c0, 0xe1c0, 0xe1c0, 0xe1c0,
  0xe1c0, 0xe1c0, 0xe1c0, 0xe1c0, 0xe1c0, 0xe1c0, 0xe1c0, 0xe1c0,
  0xe1c0, 0xe1c0, 0xe1c0, 0xe1c0, 0xe1c0, 0xe1c0, 0xe1c0, 0xe1c0,
  0xe1c0, 0xe1c0, 0xe1c0, 0xe1c0, 0xe1c0, 0xe1c0, 0xe1c0, 0xe1c0,
  0xe1c0, 0xe1c0, 0xe1c0, 0xe1c0, 0xe1c0, 0xe1c0, 0xe1c0, 0xe1c0,
  0xe1c0, 0xe1c0, 0xe1c0, 0xe1c0, 0xe1c0, 0xe1c0, 0xe1c0, 0xe1c0,
  0xe1c0, 0xe1c0, 0xe1c0, 0xe1c0, 0xe1c0, 0xe1c0, 0xe1c0, 0xe1c0,
  0xe1c0, 0xe1c0, 0xe1c0, 0xe1c0, 0xe1c0, 0xe1c0, 0xe1c0, 0xe1c0,
  0xe1c0, 0xe1c0, 0xe1c0, 0xe1c0, 0xe1c0, 0xe1c0, 0xe1c0, 0xe1c0,
  0xe1c0, 0xe1c0, 0xe1c0, 0xe1c0, 0xe1c0, 0xe1c0, 0xe1c0, 0xe1c0,
  0xe1c0, 0xe1c0, 0xe1c0, 0xe1c0, 0xe1c0, 0xe1c0, 0xe1c0, 0xe1c0,
  0xe1c0, 0xe1c0, 0xe1c0, 0xe1c0, 0xe1c0, 0xe1c0, 0xe1c0, 0xe1c0,
  0xe1c0, 0xe1c0, 0xe1c0, 0xe1c0, 0xe1c0, 0xe1c0, 0xe1c0, 0xe1c0,
  0xe1c0, 0xe1c0, 0xe1c0, 0xe1c0, 0xe1c0, 0xe1c0, 0xe1c0, 0xe1c0,
  0xe1c0, 0xe1c0, 0xe1c0, 0xe1c0, 0xe1c0, 0xe1c0, 0xe1c0, 0xe1c0,
  0xe1c0, 0xe1c0, 0xe1c0, 0xe1c0, 0xe1c0, 0xe1c0, 0xe1a0, 0xe1a0,
  0xe1c0, 0xe1c0, 0xe1c0, 0xe1c0, 0xe1c0, 0xe1c0, 0xe1c0, 0xe1c0,
  0xe1c0, 0xe1c0, 0xe1c0, 0xe1c0, 0xe1c0, 0xe1c0, 0xe1c0, 0xe1c0,
  0xe1c0, 0xe1c0, 0xe1c0, 0xe1c0, 0xe1c0, 0xe1c0, 0xe1c0, 0xe1c0,
  0xe1c0, 0xe1c0, 0xe1c0, 0xe1c0, 0xe1c0, 0xe1c0, 0xe1c0, 0xe1c0,
  0xe1c0, 0xe1c0, 0xe1c0, 0xe1c0, 0xe1c0, 0xe1c0, 0xe1c0, 0xe1c0,
  0xe1c0, 0xe1c0, 0xe1c0, 0xe1c0, 0xe1c0, 0xe1c0, 0xe1c0, 0xe1c0,
  0xe1c0, 0xe1c0, 0xe1c0, 0xe1c0, 0xe1c0, 0xe1c0, 0xe1c0, 0xe1c0,
  0xe1c0, 0xe1c0, 0xe1c0, 0xe1c0, 0xe1c0, 0xe1c0, 0xe1c0, 0xe1c0,
  0xe1c0, 0xe1c0, 0xe1c0, 0xe1c0, 0xe1c0, 0xe1c0, 0xe1c0, 0xe1c0,
  0xe1c0, 0xe1c0, 0xe1c0, 0xe1c0, 0xe1c0, 0xe1c0, 0xe1c0, 0xe1c0,
  0xe1c0, 0xe1c0, 0xe1c0, 0xe1c0, 0xe1c0, 0xe1c0, 0xe1c0, 0xe1c0,
  0xe1c0, 0xe1c0, 0xe1c0, 0xe1c0, 0xe1c0, 0xe1c0, 0xe1c0, 0xe1c0,
  0xe1c0, 0xe1c0, 0xe1c0, 0xe1c0, 0xe1c0, 0xe1c0, 0xe1c0, 0xe1c0,
  0xe1c0, 0xe1c0, 0xe1c0, 0xe1c0, 0xe1c0, 0xe1c0, 0xe1c0, 0xe1c0,
  0xe1c0, 0xe1c0, 0xe1c0, 0xe1c0, 0xe1c0, 0xe1c0, 0xe1c0, 0xe1c0,
  0xe1c0, 0xe1c0, 0xe1c0, 0xe1c0, 0xe1c0, 0xe1c0, 0xe1c0, 0xe1c0,
  0xe1c0, 0xe1c0, 0xe1c0, 0xe1c0, 0xe1c0, 0xe1c0, 0xe1c0, 0xe1c0,
  0xe1c0, 0xe1c0, 0xe1c0, 0xe1c0, 0xe1c0, 0xe1c0, 0xe1c0, 0xe1c0,
  0xe1c0, 0xe1c0, 0xe1c0, 0xe1c0, 0xe1c0, 0xe1c0, 0xe1c0, 0xe1c0,
  0xe1c0, 0xe1c0, 0xe1c0, 0xe1c0, 0xe1c0, 0xe1c0, 0xe1c0, 0xe1c0,
  0xe1c0, 0xe1c0, 0xe1c0, 0xe1c0, 0xe1c0, 0xe1c0, 0xe1c0, 0xe1c0,
  0xe1c0, 0xe1c0, 0xe1c0, 0xe1c0, 0xe1c0, 0xe1c0, 0xe1c0, 0xe1c0,
  0xe1c0, 0xe1c0, 0xe1c0, 0xe1c0, 0xe1c0, 0xe1c0, 0xe1c0, 0xe1c0,
  0xe1c0, 0xe1c0, 0xe1c0, 0xe1c0, 0xe1c0, 0xe1c0, 0xe1c0, 0xe1c0,
  0xe1c0, 0xe1c0, 0xe1c0, 0xe1c0, 0xe1c0, 0xe1c0, 0xe1c0, 0xe1c0,
  0xe1c0, 0xe1c0, 0xe1c0, 0xe1c0, 0xe1c0, 0xe1c0, 0xe1c0, 0xe1c0,
  0xe1c0, 0xe1c0, 0xe1c0, 0xe1c0, 0xe1c0, 0xe1c0, 0xe1c0, 0xe1c0,
  0xe1c0, 0xe1c0, 0xe1c0, 0xe1c0, 0xe1c0, 0xe1c0, 0xe1c0, 0xe1c0,
  0xe1c0, 0xe1c0, 0xe1c0, 0xe1c0, 0xe1c0, 0xe1c0, 0xe1c0, 0xe1c0,
  0xe1c0, 0xe1c0, 0xe1c0, 0xe1c0, 0xe1c0, 0xe1c0, 0xe1a0, 0xe1a0,
  0xe1c0, 0xe1c0, 0xe1c0, 0xe1c0, 0xe1c0, 0xe1c0, 0xe1c0, 0xe1c0,
  0xe1c0, 0xe1c0, 0xe1c0, 0xe1c0, 0xe1c0, 0xe1c0, 0xe1c0, 0xe1c0,
  0xe1c0, 0xe1c0, 0xe1c0, 0xe1c0, 0xe1c0, 0xe1c0, 0xe1c0, 0xe1c0,
  0xe1c0, 0xe1c0, 0xe1c0, 0xe1c0, 0xe1c0, 0xe1c0, 0xe1c0, 0xe1c0,
  0xe1c0, 0xe1c0, 0xe1c0, 0xe1c0, 0xe1c0, 0xe1c0, 0xe1c0, 0xe1c0,
  0xe1c0, 0xe1c0, 0xe1c0, 0xe1c0, 0xe1c0, 0xe1c0, 0xe1c0, 0xe1c0,
  0xe1c0, 0xe1c0, 0xe1c0, 0xe1c0, 0xe1c0, 0xe1c0, 0xe1c0, 0xe1c0,
  0xe1c0, 0xe1c0, 0xe1c0, 0xe1c0, 0xe1c0, 0xe1c0, 0xe1c0, 0xe1c0,
  0xe1c0, 0xe1c0, 0xe1c0, 0xe1c0, 0xe1c0, 0xe1c0, 0xe1c0, 0xe1c0,
  0xe1c0, 0xe1c0, 0xe1c0, 0xe1c0, 0xe1c0, 0xe1c0, 0xe1c0, 0xe1c0,
  0xe1c0, 0xe1c0, 0xe1c0, 0xe1c0, 0xe1c0, 0xe1c0, 0xe1c0, 0xe1c0,
  0xe1c0, 0xe1c0, 0xe1c0, 0xe1c0, 0xe1a0, 0xe1a0, 0xe1c0, 0xe1c0,
  0xe1c0, 0xe1c0, 0xe1c0, 0xe1c0, 0xe1c0, 0xe1c0, 0xe1c0, 0xe1c0,
  0xe1c0, 0xe1c0, 0xe1c0, 0xe1c0, 0xe1c0, 0xe1c0, 0xe1c0, 0xe1c0,
  0xe1c0, 0xe1c0, 0xe1c0, 0xe1c0, 0xe1c0, 0xe1c0, 0xe1c0, 0xe1c0,
  0xe1c0, 0xe1c0, 0xe1c0, 0xe1c0, 0xe1c0, 0xe1c0, 0xe1c0, 0xe1c0,
  0xe1c0, 0xe1c0, 0xe1c0, 0xe1c0, 0xe1c0, 0xe1c0, 0xe1c0, 0xe1c0,
  0xe1c0, 0xe1c0, 0xe1c0, 0xe1c0, 0xe1c0, 0xe1c0, 0xe1c0, 0xe1c0,
  0xe1c0, 0xe1c0, 0xe1c0, 0xe1c0, 0xe1c0, 0xe1c0, 0xe1c0, 0xe1c0,
  0xe1c0, 0xe1c0, 0xe1c0, 0xe1c0, 0xe1c0, 0xe1c0, 0xe1c0, 0xe1c0,
  0xe1c0, 0xe1c0, 0xe1c0, 0xe1c0, 0xe1c0, 0xe1c0, 0xe1c0, 0xe1c0,
  0xe1c0, 0xe1c0, 0xe1c0, 0xe1c0, 0xe1c0, 0xe1c0, 0xe1c0, 0xe1c0,
  0xe1c0, 0xe1c0, 0xe1c0, 0xe1c0, 0xe1c0, 0xe1c0, 0xe1c0, 0xe1c0,
  0xe1c0, 0xe1c0, 0xe1c0, 0xe1c0, 0xe1c0, 0xe1c0, 0xe1c0, 0xe1c0,
  0xe1c0, 0xe1c0, 0xe1c0, 0xe1c0, 0xe1c0, 0xe1c0, 0xe1c0, 0xe1c0,
  0xe1c0, 0xe1c0, 0xe1c0, 0xe1c0, 0xe1c0, 0xe1c0, 0xe1c0, 0xe1c0,
  0xe1c0, 0xe1c0, 0xe1c0, 0xe1c0, 0xe1c0, 0xe1c0, 0xe1c0, 0xe1c0,
  0xe1c0, 0xe1c0, 0xe1c0, 0xe1c0, 0xe1c0, 0xe1c0, 0xe1c0, 0xe1c0,
  0xe1c0, 0xe1c0, 0xe1c0, 0xe1c0, 0xe1a0, 0xe1c0, 0xe1c0, 0xe1c0,
  0xe1c0, 0xe1c0, 0xe1c0, 0xe1c0, 0xe1c0, 0xe1c0, 0xe1a0, 0xe1a0,
  0xe1c0, 0xe1c0, 0xe1c0, 0xe1c0, 0xe1c0, 0xe1c0, 0xe1c0, 0xe1c0,
  0xe1c0, 0xe1c0, 0xe1c0, 0xe1c0, 0xe1c0, 0xe1c0, 0xe1c0, 0xe1c0,
  0xe1c0, 0xe1c0, 0xe1c0, 0xe1c0, 0xe1c0, 0xe1c0, 0xe1c0, 0xe1c0,
  0xe1c0, 0xe1c0, 0xe1c0, 0xe1c0, 0xe1c0, 0xe1c0, 0xe1c0, 0xe1c0,
  0xe1c0, 0xe1c0, 0xe1c0, 0xe1c0, 0xe1c0, 0xe1c0, 0xe1c0, 0xe1c0,
  0xe1c0, 0xe1c0, 0xe1c0, 0xe1c0, 0xe1c0, 0xe1c0, 0xe1c0, 0xe1c0,
  0xe1c0, 0xe1c0, 0xe1c0, 0xe1c0, 0xe1c0, 0xe1c0, 0xe1c0, 0xe1c0,
  0xe1c0, 0xe1c0, 0xe1c0, 0xe1c0, 0xe1c0, 0xe1c0, 0xe1c0, 0xe1c0,
  0xe1c0, 0xe1c0, 0xe1c0, 0xe1c0, 0xe1c0, 0xe1c0, 0xe1c0, 0xe1c0,
  0xe1c0, 0xe1c0, 0xe1c0, 0xe1c0, 0xe1c0, 0xe1c0, 0xe1c0, 0xe1c0,
  0xe1c0, 0xe1c0, 0xe1c0, 0xe1c0, 0xe1c0, 0xe1c0, 0xe1c0, 0xe1c0,
  0xe1c0, 0xe1c0, 0xe1c0, 0xe1c0, 0xe1a0, 0xe1a0, 0xe1c0, 0xe1c0,
  0xe1c0, 0xe1c0, 0xe1c0, 0xe1c0, 0xe1c0, 0xe1c0, 0xe1c0, 0xe1c0,
  0xe1c0, 0xe1c0, 0xe1c0, 0xe1c0, 0xe1c0, 0xe1c0, 0xe1c0, 0xe1c0,
  0xe1c0, 0xe1c0, 0xe1c0, 0xe1c0, 0xe1c0, 0xe1c0, 0xe1c0, 0xe1c0,
  0xe1c0, 0xe1c0, 0xe1c0, 0xe1c0, 0xe1c0, 0xe1c0, 0xe1c0, 0xe1c0,
  0xe1c0, 0xe1c0, 0xe1c0, 0xe1c0, 0xe1c0, 0xe1c0, 0xe1c0, 0xe1c0,
  0xe1c0, 0xe1c0, 0xe1c0, 0xe1c0, 0xe1c0, 0xe1c0, 0xe1c0, 0xe1c0,
  0xe1c0, 0xe1c0, 0xe1c0, 0xe1c0, 0xe1c0, 0xe1c0, 0xe1c0, 0xe1c0,
  0xe1c0, 0xe1c0, 0xe1c0, 0xe1c0, 0xe1c0, 0xe1c0, 0xe1c0, 0xe1c0,
  0xe1c0, 0xe1c0, 0xe1c0, 0xe1c0, 0xe1c0, 0xe1c0, 0xe1c0, 0xe1c0,
  0xe1c0, 0xe1c0, 0xe1c0, 0xe1c0, 0xe1c0, 0xe1c0, 0xe1c0, 0xe1c0,
  0xe1c0, 0xe1c0, 0xe1c0, 0xe1c0, 0xe1c0, 0xe1c0, 0xe1c0, 0xe1c0,
  0xe1c0, 0xe1c0, 0xe1c0, 0xe1c0, 0xe1c0, 0xe1c0, 0xe1c0, 0xe1c0,
  0xe1c0, 0xe1c0, 0xe1c0, 0xe1c0, 0xe1c0, 0xe1c0, 0xe1c0, 0xe1c0,
  0xe1c0, 0xe1c0, 0xe1c0, 0xe1c0, 0xe1c0, 0xe1c0, 0xe1c0, 0xe1c0,
  0xe1c0, 0xe1c0, 0xe1c0, 0xe1c0, 0xe1c0, 0xe1c0, 0xe1c0, 0xe1c0,
  0xe1c0, 0xe1c0, 0xe1c0, 0xe1c0, 0xe1c0, 0xe1c0, 0xe1c0, 0xe1c0,
  0xe1c0, 0xe1c0, 0xe1c0, 0xe1c0, 0xe1a0, 0xe1c0, 0xe1c0, 0xe1c0,
  0xe1c0, 0xe1c0, 0xe1c0, 0xe1c0, 0xe1c0, 0xe1c0, 0xe1c0, 0xe1c0,
  0xe1c0, 0xe1c0, 0xe1c0, 0xe1c0, 0xe1c0, 0xe1c0, 0xe1c0, 0xe1c0,
  0xe1c0, 0xe1c0, 0xe1c0, 0xe1c0, 0xe1c0, 0xe1c0, 0xe1c0, 0xe1c0,
  0xe1c0, 0xe1c0, 0xe1c0, 0xe1c0, 0xe1c0, 0xe1c0, 0xe1c0, 0xe1c0,
  0xe1c0, 0xe1c0, 0xe1c0, 0xe1c0, 0xe1c0, 0xe1c0, 0xe1c0, 0xe1c0,
  0xe1c0, 0xe1c0, 0xe1c0, 0xe1c0, 0xe1c0, 0xe1c0, 0xe1c0, 0xe1c0,
  0xe1c0, 0xe1c0, 0xe1c0, 0xe1c0, 0xe1c0, 0xe1c0, 0xe1c0, 0xe1c0,
  0xe1c0, 0xe1c0, 0xe1c0, 0xe1c0, 0xe1c0, 0xe1c0, 0xe1c0, 0xe1c0,
  0xe1c0, 0xe1c0, 0xe1c0, 0xe1c0, 0xe1c0, 0xe1c0, 0xe1c0, 0xe1c0,
  0xe1c0, 0xe1c0, 0xe1c0, 0xe1c0, 0xe1c0, 0xe1c0, 0xe1c0, 0xe1c0,
  0xe1c0, 0xe1c0, 0xe1c0, 0xe1c0, 0xe1c0, 0xe1c0, 0xe1c0, 0xe1c0,
  0xe1c0, 0xe1c0, 0xe1c0, 0xe1c0, 0xe1c0, 0xe1c0, 0xe1c0, 0xe1c0,
  0xe1c0, 0xe1c0, 0xe1c0, 0xe1c0, 0xe1c0, 0xe1c0, 0xe1c0, 0xe1c0,
  0xe1c0, 0xe1c0, 0xe1c0, 0xe1c0, 0xe1c0, 0xe1c0, 0xe1c0, 0xe1c0,
  0xe1c0, 0xe1c0, 0xe1c0, 0xe1c0, 0xe1c0, 0xe1c0, 0xe1c0, 0xe1c0,
  0xe1c0, 0xe1c0, 0xe1c0, 0xe1c0, 0xe1c0, 0xe1c0, 0xe1c0, 0xe1c0,
  0xe1c0, 0xe1c0, 0xe1c0, 0xe1c0, 0xe1c0, 0xe1c0, 0xe1c0, 0xe1c0,
  0xe1c0, 0xe1c0, 0xe1c0, 0xe1c0, 0xe1c0, 0xe1c0, 0xe1c0, 0xe1c0,
  0xe1c0, 0xe1c0, 0xe1c0, 0xe1c0, 0xe1c0, 0xe1c0, 0xe1c0, 0xe1c0,
  0xe1c0, 0xe1c0, 0xe1c0, 0xe1c0, 0xe1c0, 0xe1c0, 0xe1c0, 0xe1c0,
  0xe1c0, 0xe1c0, 0xe1c0, 0xe1c0, 0xe1c0, 0xe1c0, 0xe1c0, 0xe1c0,
  0xe1c0, 0xe1c0, 0xe1c0, 0xe1c0, 0xe1c0, 0xe1c0, 0xe1c0, 0xe1c0,
  0xe1c0, 0xe1c0, 0xe1c0, 0xe1c0, 0xe1c0, 0xe1c0, 0xe1c0, 0xe1c0,
  0xe1c0, 0xe1c0, 0xe1c0, 0xe1c0, 0xe1c0, 0xe1c0, 0xe1c0, 0xe1c0,
  0xe1c0, 0xe1c0, 0xe1c0, 0xe1c0, 0xe1c0, 0xe1c0, 0xe1c0, 0xe1c0,
  0xe1c0, 0xe1c0, 0xe1c0, 0xe1c0, 0xe1c0, 0xe1c0, 0xe1c0, 0xe1c0,
  0xe1c0, 0xe1c0, 0xe1c0, 0xe1c0, 0xe1c0, 0xe1c0, 0xe1c0, 0xe1c0,
  0xe1c0, 0xe1c0, 0xe1c0, 0xe1c0, 0xe1c0, 0xe1c0, 0xe1c0, 0xe1c0,
  0xe1c0, 0xe1c0, 0xe1c0, 0xe1c0, 0xe1c0, 0xe1c0, 0xe1c0, 0xe1c0,
  0xe1c0, 0xe1c0, 0xe1c0, 0xe1c0, 0xe1c0, 0xe1c0, 0xe1c0, 0xe1c0,
  0xe1c0, 0xe1c0, 0xe1c0, 0xe1c0, 0xe1c0, 0xe1c0, 0xe1c0, 0xe1c0,
  0xe1c0, 0xe1c0, 0xe1c0, 0xe1c0, 0xe1c0, 0xe1c0, 0xe1c0, 0xe1c0,
  0xe1c0, 0xe1c0, 0xe1c0, 0xe1c0, 0xe1c0, 0xe1c0, 0xe1c0, 0xe1c0,
  0xe1c0, 0xe1c0, 0xe1c0, 0xe1c0, 0xe1c0, 0xe1c0, 0xe1c0, 0xe1c0,
  0xe1c0, 0xe1c0, 0xe1c0, 0xe1c0, 0xe1c0, 0xe1c0, 0xe1c0, 0xe1c0,
  0xe1c0, 0xe1c0, 0xe1c0, 0xe1c0, 0xe1c0, 0xe1c0, 0xe1c0, 0xe1c0,
  0xe1c0, 0xe1c0, 0xe1c0, 0xe1c0, 0xe1c0, 0xe1c0, 0xe1c0, 0xe1c0,
  0xe1c0, 0xe1c0, 0xe1c0, 0xe1c0, 0xe1c0, 0xe1c0, 0xe1c0, 0xe1c0,
  0xe1c0, 0xe1c0, 0xe1c0, 0xe1c0, 0xe1c0, 0xe1c0, 0xe1c0, 0xe1c0,
  0xe1c0, 0xe1c0, 0xe1c0, 0xe1c0, 0xe1c0, 0xe1c0, 0xe1c0, 0xe1c0,
  0xe1c0, 0xe1c0, 0xe1c0, 0xe1c0, 0xe1c0, 0xe1c0, 0xe1c0, 0xe1c0,
  0xe1c0, 0xe1c0, 0xe1c0, 0xe1c0, 0xe1c0, 0xe1c0, 0xe1c0, 0xe1c0,
  0xe1c0, 0xe1c0, 0xe1c0, 0xe1c0, 0xe1c0, 0xe1c0, 0xe1c0, 0xe1c0,
  0xe1c0, 0xe1c0, 0xe1c0, 0xe1c0, 0xe1c0, 0xe1c0, 0xe1c0, 0xe1c0,
  0xe1c0, 0xe1c0, 0xe1c0, 0xe1c0, 0xe1c0, 0xe1c0, 0xe1c0, 0xe1c0,
  0xe1c0, 0xe1c0, 0xe1c0, 0xe1c0, 0xe1c0, 0xe1c0, 0xe1c0, 0xe1c0,
  0xe1c0, 0xe1c0, 0xe1c0, 0xe1c0, 0xe1c0, 0xe1c0, 0xe1c0, 0xe1c0,
  0xe1c0, 0xe1c0, 0xe1c0, 0xe1c0, 0xe1c0, 0xe1c0, 0xe1c0, 0xe1c0,
  0xe1c0, 0xe1c0, 0xe1c0, 0xe1c0, 0xe1c0, 0xe1c0, 0xe1c0, 0xe1c0,
  0xe1c0, 0xe1c0, 0xe1c0, 0xe1c0, 0xe1c0, 0xe1c0, 0xe1c0, 0xe1c0,
  0xe1c0, 0xe1c0, 0xe1c0, 0xe1c0, 0xe1c0, 0xe1c0, 0xe1c0, 0xe1c0,
  0xe1c0, 0xe1c0, 0xe1c0, 0xe1c0, 0xe1c0, 0xe1c0, 0xe1c0, 0xe1c0,
  0xe1c0, 0xe1c0, 0xe1c0, 0xe1c0, 0xe1c0, 0xe1c0, 0xe1c0, 0xe1c0,
  0xe1c0, 0xe1c0, 0xe1c0, 0xe1c0, 0xe1c0, 0xe1c0, 0xe1c0, 0xe1c0,
  0xe1c0, 0xe1c0, 0xe1c0, 0xe1c0, 0xe1c0, 0xe1c0, 0xe1c0, 0xe1c0,
  0xe1c0, 0xe1c0, 0xe1c0, 0xe1c0, 0xe1c0, 0xe1c0, 0xe1c0, 0xe1c0,
  0xe1c0, 0xe1c0, 0xe1c0, 0xe1c0, 0xe1c0, 0xe1c0, 0xe1c0, 0xe1c0,
  0xe1c0, 0xe1c0, 0xe1c0, 0xe1c0, 0xe1c0, 0xe1c0, 0xe1c0, 0xe1c0,
  0xe1c0, 0xe1c0, 0xe1c0, 0xe1c0, 0xe1c0, 0xe1c0, 0xe1c0, 0xe1c0,
  0xe1c0, 0xe1a0, 0xe1a0, 0xe1c0, 0xe1c0, 0xe1c0, 0xe1c0, 0xe1c0,
  0xe1c0, 0xe1c0, 0xe1c0, 0xe1c0, 0xe1c0, 0xe1c0, 0xe1c0, 0xe1c0,
  0xe1c0, 0xe1c0, 0xe1c0, 0xe1c0, 0xe1c0, 0xe1c0, 0xe1c0, 0xe1c0,
  0xe1c0, 0xe1c0, 0xe1c0, 0xe1c0, 0xe1c0, 0xe1c0, 0xe1c0, 0xe1c0,
  0xe1c0, 0xe1c0, 0xe1c0, 0xe1c0, 0xe1c0, 0xe1c0, 0xe1c0, 0xe1c0,
  0xe1c0, 0xe1c0, 0xe1c0, 0xe1c0, 0xe1c0, 0xe1c0, 0xe1c0, 0xe1c0,
  0xe1c0, 0xe1c0, 0xe1c0, 0xe1c0, 0xe1c0, 0xe1c0, 0xe1c0, 0xe1c0,
  0xe1c0, 0xe1c0, 0xe1c0, 0xe1c0, 0xe1c0, 0xe1c0, 0xe1c0, 0xe1c0,
  0xe1c0, 0xe1c0, 0xe1c0, 0xe1c0, 0xe1c0, 0xe1c0, 0xe1c0, 0xe1c0,
  0xe1c0, 0xe1c0, 0xe1c0, 0xe1c0, 0xe1c0, 0xe1c0, 0xe1c0, 0xe1c0,
  0xe1c0, 0xe1c0, 0xe1c0, 0xe1c0, 0xe1c0, 0xe1c0, 0xe1c0, 0xe1c0,
  0xe1c0, 0xe1c0, 0xe1c0, 0xe1c0, 0xe1c0, 0xe1c0, 0xe1c0, 0xe1c0,
  0xe1c0, 0xe1c0, 0xe1c0, 0xe1c0, 0xe1c0, 0xe1c0, 0xe1c0, 0xe1c0,
  0xe1c0, 0xe1c0, 0xe1c0, 0xe1c0, 0xe1c0, 0xe1c0, 0xe1c0, 0xe1c0,
  0xe1c0, 0xe1c0, 0xe1c0, 0xe1c0, 0xe1c0, 0xe1c0, 0xe1c0, 0xe1c0,
  0xe1c0, 0xe1c0, 0xe1c0, 0xe1c0, 0xe1c0, 0xe1c0, 0xe1c0, 0xe1c0,
  0xe1c0, 0xe1c0, 0xe1c0, 0xe1c0, 0xe1c0, 0xe1c0, 0xe1c0, 0xe1c0,
  0xe1c0, 0xe1c0, 0xe1c0, 0xe1c0, 0xe1c0, 0xe1c0, 0xe1c0, 0xe1c0,
  0xe1c0, 0xe1c0, 0xe1c0, 0xe1c0, 0xe1c0, 0xe1c0, 0xe1c0, 0xe1c0,
  0xe1c0, 0xe1c0, 0xe1c0, 0xe1c0, 0xe1c0, 0xe1c0, 0xe1c0, 0xe1c0,
  0xe1c0, 0xe1c0, 0xe1c0, 0xe1c0, 0xe1c0, 0xe1c0, 0xe1c0, 0xe1c0,
  0xe1c0, 0xe1c0, 0xe1c0, 0xe1c0, 0xe1c0, 0xe1c0, 0xe1c0, 0xe1c0,
  0xe1c0, 0xe1c0, 0xe1c0, 0xe1c0, 0xe1c0, 0xe1c0, 0xe1c0, 0xe1c0,
  0xe1c0, 0xe1c0, 0xe1c0, 0xe1c0, 0xe1c0, 0xe1c0, 0xe1c0, 0xe1c0,
  0xe1c0, 0xe1c0, 0xe1c0, 0xe1c0, 0xe1c0, 0xe1c0, 0xe1c0, 0xe1c0,
  0xe1c0, 0xe1c0, 0xe1c0, 0xe1c0, 0xe1c0, 0xe1c0, 0xe1c0, 0xe1c0,
  0xe1c0, 0xe1c0, 0xe1c0, 0xe1c0, 0xe1c0, 0xe1c0, 0xe1c0, 0xe1c0,
  0xe1c0, 0xe1c0, 0xe1c0, 0xe1c0, 0xe1c0, 0xe1c0, 0xe1c0, 0xe1c0,
  0xe1c0, 0xe1c0, 0xe1c0, 0xe1c0, 0xe1c0, 0xe1c0, 0xe1c0, 0xe1c0,
  0xe1c0, 0xe1c0, 0xe1c0, 0xe1c0, 0xe1c0, 0xe1c0, 0xe1c0, 0xe1c0,
  0xe1c0, 0xe1a0, 0xe1a0, 0xe1c0, 0xe1c0, 0xe1c0, 0xe1c0, 0xe1c0,
  0xe1c0, 0xe1c0, 0xe1c0, 0xe1c0, 0xe1c0, 0xe1c0, 0xe1c0, 0xe1c0,
  0xe1c0, 0xe1c0, 0xe1c0, 0xe1c0, 0xe1c0, 0xe1c0, 0xe1c0, 0xe1c0,
  0xe1c0, 0xe1c0, 0xe1c0, 0xe1c0, 0xe1c0, 0xe1c0, 0xe1c0, 0xe1c0,
  0xe1c0, 0xe1c0, 0xe1c0, 0xe1c0, 0xe1c0, 0xe1c0, 0xe1c0, 0xe1c0,
  0xe1c0, 0xe1c0, 0xe1c0, 0xe1c0, 0xe1c0, 0xe1c0, 0xe1c0, 0xe1c0,
  0xe1c0, 0xe1c0, 0xe1c0, 0xe1c0, 0xe1c0, 0xe1c0, 0xe1c0, 0xe1c0,
  0xe1c0, 0xe1c0, 0xe1c0, 0xe1c0, 0xe1c0, 0xe1c0, 0xe1c0, 0xe1c0,
  0xe1e0, 0xe1c0, 0xe1c0, 0xe1c0, 0xe1c0, 0xe1c0, 0xe1c0, 0xe1c0,
  0xe1c0, 0xe1c0, 0xe1c0, 0xe1c0, 0xe1c0, 0xe1c0, 0xe1c0, 0xe1c0,
  0xe1c0, 0xe1c0, 0xe1c0, 0xe1c0, 0xe1c0, 0xe1c0, 0xe1c0, 0xe1c0,
  0xe1c0, 0xe1c0, 0xe1c0, 0xe1c0, 0xe1c0, 0xe1c0, 0xe1c0, 0xe1c0,
  0xe1c0, 0xe1c0, 0xe1c0, 0xe1c0, 0xe1c0, 0xe1c0, 0xe1c0, 0xe1c0,
  0xe1c0, 0xe1c0, 0xe1c0, 0xe1c0, 0xe1c0, 0xe1c0, 0xe1c0, 0xe1c0,
  0xe1c0, 0xe1c0, 0xe1c0, 0xe1c0, 0xe1c0, 0xe1c0, 0xe1c0, 0xe1c0,
  0xe1c0, 0xe1c0, 0xe1c0, 0xe1c0, 0xe1c0, 0xe1c0, 0xe1c0, 0xe1c0,
  0xe1c0, 0xe1c0, 0xe1c0, 0xe1c0, 0xe1c0, 0xe1c0, 0xe1c0, 0xe1c0,
  0xe1c0, 0xe1c0, 0xe1c0, 0xe1c0, 0xe1c0, 0xe1c0, 0xe1c0, 0xe1c0,
  0xe1c0, 0xe1c0, 0xe1c0, 0xe1c0, 0xe1c0, 0xe1c0, 0xe1c0, 0xe1c0,
  0xe1c0, 0xe1c0, 0xe1c0, 0xe1c0, 0xe1c0, 0xe1c0, 0xe1c0, 0xe1c0,
  0xe1c0, 0xe1c0, 0xe1c0, 0xe1c0, 0xe1c0, 0xe1c0, 0xe1c0, 0xe1c0,
  0xe1c0, 0xe1c0, 0xe1c0, 0xe1c0, 0xe1c0, 0xe1c0, 0xe1c0, 0xe1c0,
  0xe1c0, 0xe1c0, 0xe1c0, 0xe1c0, 0xe1c0, 0xe1c0, 0xe1c0, 0xe1c0,
  0xe1c0, 0xe1c0, 0xe1c0, 0xe1c0, 0xe1c0, 0xe1c0, 0xe1c0, 0xe1c0,
  0xe1c0, 0xe1c0, 0xe1c0, 0xe1c0, 0xe1c0, 0xe1c0, 0xe1c0, 0xe1c0,
  0xe1c0, 0xe1c0, 0xe1c0, 0xe1c0, 0xe1c0, 0xe1c0, 0xe1c0, 0xe1c0,
  0xe1c0, 0xe1c0, 0xe1c0, 0xe1c0, 0xe1c0, 0xe1c0, 0xe1c0, 0xe1c0,
  0xe1c0, 0xe1c0, 0xe1c0, 0xe1c0, 0xe1c0, 0xe1c0, 0xe1c0, 0xe1c0,
  0xe1c0, 0xe1c0, 0xe1c0, 0xe1c0, 0xe1c0, 0xe1c0, 0xe1c0, 0xe1c0,
  0xe1c0, 0xe1c0, 0xe1c0, 0xe1c0, 0xe1c0, 0xe1c0, 0xe1c0, 0xe1c0,
  0xe1c0, 0xe1c0, 0xe1c0, 0xe1c0, 0xe1c0, 0xe1c0, 0xe1c0, 0xe1c0,
  0xe1c0, 0xe1c0, 0xe1c0, 0xe1c0, 0xe1c0, 0xe1c0, 0xe1c0, 0xe1c0,
  0xe1c0, 0xe1c0, 0xe1c0, 0xe1c0, 0xe1c0, 0xe1c0, 0xe1c0, 0xe1c0,
  0xe1c0, 0xe1c0, 0xe1c0, 0xe1c0, 0xe1c0, 0xe1c0, 0xe1c0, 0xe1c0,
  0xe1c0, 0xe1c0, 0xe1c0, 0xe1c0, 0xe1c0, 0xe1c0, 0xe1c0, 0xe1c0,
  0xe1c0, 0xe1c0, 0xe1c0, 0xe1c0, 0xe1c0, 0xe1c0, 0xe1c0, 0xe1c0,
  0xe1c0, 0xe1c0, 0xe1c0, 0xe1c0, 0xe1c0, 0xe1c0, 0xe1c0, 0xe1c0,
  0xe1c0, 0xe1c0, 0xe1c0, 0xe1c0, 0xe1c0, 0xe1c0, 0xe1c0, 0xe1c0,
  0xea42, 0xe1c0, 0xe1c0, 0xe1c0, 0xe1c0, 0xe1c0, 0xe1c0, 0xe1c0,
  0xe1c0, 0xe1c0, 0xe1c0, 0xe1c0, 0xe1c0, 0xe1c0, 0xe1c0, 0xe1c0,
  0xfa44, 0xfa44, 0xfa44, 0xfa44, 0xfa44, 0xfa44, 0xfa44, 0xfa44,
  0xfa44, 0xfa44, 0xfa44, 0xfa44, 0xfa44, 0xfa44, 0xfa44, 0xfa44,
  0xfa44, 0xfa44, 0xfa44, 0xfa44, 0xfa44, 0xfa44, 0xfa44, 0xfa44,
  0xfa44, 0xfa44, 0xfa44, 0xfa44, 0xfa44, 0xfa44, 0xfa44, 0xfa44,
  0xfa44, 0xfa44, 0xfa44, 0xfa44, 0xfa44, 0xfa44, 0xfa44, 0xfa44,
  0xfa44, 0xfa44, 0xfa44, 0xfa44, 0xfa44, 0xfa44, 0xfa44, 0xfa44,
  0xfa44, 0xfa44, 0xfa44, 0xfa44, 0xfa44, 0xfa44, 0xfa44, 0xfa44,
  0xfa44, 0xfa44, 0xfa44, 0xfa44, 0xfa44, 0xfa44, 0xfa44, 0xfa44,
  0xfa44, 0xfa44, 0xfa44, 0xfa44, 0xfa44, 0xfa44, 0xfa44, 0xfa44,
  0xfa44, 0xfa44, 0xfa44, 0xfa44, 0xfa44, 0xfa44, 0xfa44, 0xfa44,
  0xfa44, 0xfa44, 0xfa44, 0xfa44, 0xfa44, 0xfa44, 0xfa44, 0xfa44,
  0xfa44, 0xfa44, 0xfa44, 0xfa44, 0xfa44, 0xfa44, 0xfa44, 0xfa44,
  0xfa44, 0xfa44, 0xfa44, 0xfa44, 0xfa44, 0xfa44, 0xfa44, 0xfa44,
  0xfa44, 0xfa44, 0xfa44, 0xfa44, 0xfa44, 0xfa44, 0xfa44, 0xfa44,
  0xfa44, 0xfa44, 0xfa44, 0xfa44, 0xfa44, 0xfa44, 0xfa44, 0xfa44,
  0xfa44, 0xfa44, 0xfa44, 0xfa44, 0xfa44, 0xfa44, 0xfa44, 0xfa44,
  0xfa44, 0xfa44, 0xfa44, 0xfa44, 0xfa44, 0xfa44, 0xfa44, 0xfa44,
  0xfa44, 0xfa44, 0xfa44, 0xfa44, 0xfa44, 0xfa44, 0xfa44, 0xfa44,
  0xfa44, 0xfa44, 0xfa44, 0xfa44, 0xfa44, 0xfa44, 0xfa44, 0xfa44,
  0xfa44, 0xfa44, 0xfa44, 0xfa44, 0xfa44, 0xfa44, 0xfa44, 0xfa44,
  0xfa44, 0xfa44, 0xfa44, 0xfa44, 0xfa44, 0xfa44, 0xfa44, 0xfa44,
  0xfa44, 0xfa44, 0xfa44, 0xfa44, 0xfa44, 0xfa44, 0xfa44, 0xfa44,
  0xfa44, 0xfa44, 0xfa44, 0xfa44, 0xfa44, 0xfa44, 0xfa44, 0xfa44,
  0xfa44, 0xfa44, 0xfa44, 0xfa44, 0xfa44, 0xfa44, 0xfa44, 0xfa44,
  0xfa44, 0xfa44, 0xfa44, 0xfa44, 0xfa44, 0xfa44, 0xfa44, 0xfa44,
  0xfa44, 0xfa44, 0xfa44, 0xfa44, 0xfa44, 0xfa44, 0xfa44, 0xfa44,
  0xfa44, 0xfa44, 0xfa44, 0xfa44, 0xfa44, 0xfa44, 0xfa44, 0xfa44,
  0xfa44, 0xfa44, 0xfa44, 0xfa44, 0xfa44, 0xfa44, 0xfa44, 0xfa44,
  0xfa44, 0xfa44, 0xfa44, 0xfa44, 0xfa44, 0xfa44, 0xfa44, 0xfa44,
  0xfa44, 0xfa44, 0xfa44, 0xfa44, 0xfa44, 0xfa44, 0xfa44, 0xfa44,
  0xfa44, 0xfa44, 0xfa44, 0xfa44, 0xfa44, 0xfa44, 0xfa44, 0xfa44,
  0xfa44, 0xfa44, 0xfa44, 0xfa44, 0xfa44, 0xfa44, 0xfa44, 0xfa44,
  0xfa44, 0xfa44, 0xfa44, 0xfa44, 0xfa44, 0xfa44, 0xfa44, 0xfa44,
  0xfa44, 0xfa44, 0xfa44, 0xfa44, 0xfa44, 0xfa44, 0xfa44, 0xfa44,
  0xfa44, 0xfa44, 0xfa44, 0xfa44, 0xfa44, 0xfa44, 0xfa44, 0xfa44,
  0xfa44, 0xfa44, 0xfa44, 0xfa44, 0xfa44, 0xfa44, 0xfa44, 0xfa44,
  0xfa44, 0xfa44, 0xfa44, 0xfa44, 0xfa44, 0xfa44, 0xfa44, 0xfa44,
  0xfa44, 0xfa44, 0xfa44, 0xfa44, 0xfa44, 0xfa44, 0xfa44, 0xfa44,
  0xfa44, 0xfa44, 0xfa44, 0xfa44, 0xfa44, 0xfa44, 0xfa44, 0xfa44,
  0xfa44, 0xfa44, 0xfa44, 0xfa44, 0xfa44, 0xfa44, 0xfa44, 0xfa44,
  0xfa44, 0xfa44, 0xfa44, 0xfa44, 0xfa44, 0xfa44, 0xfa44, 0xfa44,
  0xfa44, 0xfa44, 0xfa44, 0xfa44, 0xfa44, 0xfa44, 0xfa44, 0xfa44,
  0xfa44, 0xfa44, 0xfa44, 0xfa44, 0xfa44, 0xfa44, 0xfa44, 0xfa44,
  0xfa44, 0xfa44, 0xfa44, 0xfa44, 0xfa44, 0xfa44, 0xfa44, 0xfa44,
  0xfa44, 0xfa44, 0xfa44, 0xfa44, 0xfa44, 0xfa44, 0xfa44, 0xfa44,
  0xfa44, 0xfa44, 0xfa44, 0xfa44, 0xfa44, 0xfa44, 0xfa44, 0xfa44,
  0xfa44, 0xfa44, 0xfa44, 0xfa44, 0xfa44, 0xfa44, 0xfa44, 0xfa44,
  0xfa44, 0xfa44, 0xfa44, 0xfa44, 0xfa44, 0xfa44, 0xfa44, 0xfa44,
  0xfa44, 0xfa44, 0xfa44, 0xfa44, 0xfa44, 0xfa44, 0xfa44, 0xfa44,
  0xfa44, 0xfa44, 0xfa44, 0xfa44, 0xfa44, 0xfa44, 0xfa44, 0xfa44,
  0xfa44, 0xfa44, 0xfa44, 0xfa44, 0xfa44, 0xfa44, 0xfa44, 0xfa44,
  0xfa44, 0xfa44, 0xfa44, 0xfa44, 0xfa44, 0xfa44, 0xfa44, 0xfa44,
  0xfa44, 0xfa44, 0xfa44, 0xfa44, 0xfa44, 0xfa44, 0xfa44, 0xfa44,
  0xfa44, 0xfa44, 0xfa44, 0xfa44, 0xfa44, 0xfa44, 0xfa44, 0xfa44,
  0xfa44, 0xfa44, 0xfa44, 0xfa44, 0xfa44, 0xfa44, 0xfa44, 0xfa44,
  0xfa44, 0xfa44, 0xfa44, 0xfa44, 0xfa44, 0xfa44, 0xfa44, 0xfa44,
  0xfa44, 0xfa44, 0xfa44, 0xfa44, 0xfa44, 0xfa44, 0xfa44, 0xfa44,
  0xfa44, 0xfa44, 0xfa44, 0xfa44, 0xfa44, 0xfa44, 0xfa44, 0xfa44,
  0xfa44, 0xfa44, 0xfa44, 0xfa44, 0xfa44, 0xfa44, 0xfa44, 0xfa44,
  0xfa44, 0xfa44, 0xfa44, 0xfa44, 0xfa44, 0xfa44, 0xfa44, 0xfa44,
  0xfa44, 0xfa44, 0xfa44, 0xfa44, 0xfa44, 0xfa44, 0xfa44, 0xfa44,
  0xfa44, 0xfa44, 0xfa44, 0xfa44, 0xfa44, 0xfa44, 0xfa44, 0xfa44,
  0xfa44, 0xfa44, 0xfa44, 0xfa44, 0xfa44, 0xfa44, 0xfa44, 0xfa44,
  0xfa44, 0xfa44, 0xfa44, 0xfa44, 0xfa44, 0xfa44, 0xfa44, 0xfa44,
  0xfa44, 0xfa44, 0xfa44, 0xfa44, 0xfa44, 0xfa44, 0xfa44, 0xfa44,
  0xfa44, 0xfa44, 0xfa44, 0xfa44, 0xfa44, 0xfa44, 0xfa44, 0xfa44,
  0xfa44, 0xfa44, 0xfa44, 0xfa44, 0xfa44, 0xfa44, 0xfa44, 0xfa44,
  0xfa44, 0xfa44, 0xfa44, 0xfa44, 0xfa44, 0xfa44, 0xfa44, 0xfa44,
  0xfa44, 0xfa44, 0xfa44, 0xfa44, 0xfa44, 0xfa44, 0xfa44, 0xfa44,
  0xfa44, 0xfa44, 0xfa44, 0xfa44, 0xfa44, 0xfa44, 0xfa44, 0xfa44,
  0xfa44, 0xfa44, 0xfa44, 0xfa44, 0xfa44, 0xfa44, 0xfa44, 0xfa44,
  0xfa44, 0xfa44, 0xfa44, 0xfa44, 0xfa44, 0xfa44, 0xfa44, 0xfa44,
  0xfa44, 0xfa44, 0xfa44, 0xfa44, 0xfa44, 0xfa44, 0xfa44, 0xfa44,
  0xfa44, 0xfa44, 0xfa44, 0xfa44, 0xfa44, 0xfa44, 0xfa44, 0xfa44,
  0xfa44, 0xfa44, 0xfa44, 0xfa44, 0xfa44, 0xfa44, 0xfa44, 0xfa44,
  0xfa44, 0xfa44, 0xfa44, 0xfa44, 0xfa44, 0xfa44, 0xfa44, 0xfa44,
  0xfa44, 0xfa44, 0xfa44, 0xfa44, 0xfa44, 0xfa44, 0xfa44, 0xfa44,
  0xfa44, 0xfa44, 0xfa44, 0xfa44, 0xfa44, 0xfa44, 0xfa44, 0xfa44,
  0xfa44, 0xfa44, 0xfa44, 0xfa44, 0xfa44, 0xfa44, 0xfa44, 0xfa44,
  0xfa44, 0xfa44, 0xfa44, 0xfa44, 0xfa44, 0xfa44, 0xfa44, 0xfa44,
  0xfa44, 0xfa44, 0xfa44, 0xfa44, 0xfa44, 0xfa44, 0xfa44, 0xfa44,
  0xfa44, 0xfa44, 0xfa44, 0xfa44, 0xfa44, 0xfa44, 0xfa44, 0xfa44,
  0xfa44, 0xfa44, 0xfa44, 0xfa44, 0xfa44, 0xfa44, 0xfa44, 0xfa44,
  0xfa44, 0xfa44, 0xfa44, 0xfa44, 0xfa44, 0xfa44, 0xfa44, 0xfa44,
  0xfa44, 0xfa44, 0xfa44, 0xfa44, 0xfa44, 0xfa44, 0xfa44, 0xfa44,
  0xfa44, 0xfa44, 0xfa44, 0xfa44, 0xfa44, 0xfa44, 0xfa44, 0xfa44,
  0xfa44, 0xfa44, 0xfa44, 0xfa44, 0xfa44, 0xfa44, 0xfa44, 0xfa44,
  0xfa44, 0xfa44, 0xfa44, 0xfa44, 0xfa44, 0xfa44, 0xfa44, 0xfa44,
  0xfa44, 0xfa44, 0xfa44, 0xfa44, 0xfa44, 0xfa44, 0xfa44, 0xfa44,
  0xfa44, 0xfa44, 0xfa44, 0xfa44, 0xfa44, 0xfa44, 0xfa44, 0xfa44,
  0xfa44, 0xfa44, 0xfa44, 0xfa44, 0xfa44, 0xfa44, 0xfa44, 0xfa44,
  0xfa44, 0xfa44, 0xfa44, 0xfa44, 0xfa44, 0xfa44, 0xfa44, 0xfa44,
  0xfa44, 0xfa44, 0xfa44, 0xfa44, 0xfa44, 0xfa44, 0xfa44, 0xfa44,
  0xfa44, 0xfa44, 0xfa44, 0xfa44, 0xfa44, 0xfa44, 0xfa44, 0xfa44,
  0xfa44, 0xfa44, 0xfa44, 0xfa44, 0xfa44, 0xfa44, 0xfa44, 0xfa44,
  0xfa44, 0xfa44, 0xfa44, 0xfa44, 0xfa44, 0xfa44, 0xfa44, 0xfa44,
  0xfa44, 0xfa44, 0xfa44, 0xfa44, 0xfa44, 0xfa44, 0xfa44, 0xfa44,
  0xfa44, 0xfa44, 0xfa44, 0xfa44, 0xfa44, 0xfa44, 0xfa44, 0xfa44,
  0xfa44, 0xfa44, 0xfa44, 0xfa44, 0xfa44, 0xfa44, 0xfa44, 0xfa44,
  0xfa44, 0xfa44, 0xfa44, 0xfa44, 0xfa44, 0xfa44, 0xfa44, 0xfa44,
  0xfa44, 0xfa44, 0xfa44, 0xfa44, 0xfa44, 0xfa44, 0xfa44, 0xfa44,
  0xfa44, 0xfa44, 0xfa44, 0xfa44, 0xfa44, 0xfa44, 0xfa44, 0xfa44,
  0xfa44, 0xfa44, 0xfa44, 0xfa44, 0xfa44, 0xfa44, 0xfa44, 0xfa44,
  0xfa44, 0xfa44, 0xfa44, 0xfa44, 0xfa44, 0xfa44, 0xfa44, 0xfa44,
  0xfa44, 0xfa44, 0xfa44, 0xfa44, 0xfa44, 0xfa44, 0xfa44, 0xfa44,
  0xfa44, 0xfa44, 0xfa44, 0xfa44, 0xfa44, 0xfa44, 0xfa44, 0xfa44,
  0xfa44, 0xfa44, 0xfa44, 0xfa44, 0xfa44, 0xfa44, 0xfa44, 0xfa44,
  0xfa44, 0xfa44, 0xfa44, 0xfa44, 0xfa44, 0xfa44, 0xfa44, 0xfa44,
  0xfa44, 0xfa44, 0xfa44, 0xfa44, 0xfa44, 0xfa44, 0xfa44, 0xfa44,
  0xfa44, 0xfa44, 0xfa44, 0xfa44, 0xfa44, 0xfa44, 0xfa44, 0xfa44,
  0xfa44, 0xfa44, 0xfa44, 0xfa44, 0xfa44, 0xfa44, 0xfa44, 0xfa44,
  0xfa44, 0xfa44, 0xfa44, 0xfa44, 0xfa44, 0xfa44, 0xfa44, 0xfa44,
  0xfa44, 0xfa44, 0xfa44, 0xfa44, 0xfa44, 0xfa44, 0xfa44, 0xfa44,
  0xfa44, 0xfa44, 0xfa44, 0xfa44, 0xfa44, 0xfa44, 0xfa44, 0xfa44,
  0xfa44, 0xfa44, 0xfa44, 0xfa44, 0xfa44, 0xfa44, 0xfa44, 0xfa44,
  0xfa44, 0xfa44, 0xfa44, 0xfa44, 0xfa44, 0xfa44, 0xfa44, 0xfa44,
  0xfa44, 0xfa44, 0xfa44, 0xfa44, 0xfa44, 0xfa44, 0xfa44, 0xfa44,
  0xfa44, 0xfa44, 0xfa44, 0xfa44, 0xfa44, 0xfa44, 0xfa44, 0xfa44,
  0xfa44, 0xfa44, 0xfa44, 0xfa44, 0xfa44, 0xfa44, 0xfa44, 0xfa44,
  0xfa44, 0xfa44, 0xfa44, 0xfa44, 0xfa44, 0xfa44, 0xfa44, 0xfa44,
  0xfa44, 0xfa44, 0xfa44, 0xfa44, 0xfa44, 0xfa44, 0xfa44, 0xfa44,
  0xfa44, 0xfa44, 0xfa44, 0xfa44, 0xfa44, 0xfa44, 0xfa44, 0xfa44,
  0xfa44, 0xfa44, 0xfa44, 0xfa44, 0xfa44, 0xfa44, 0xfa44, 0xfa44,
  0xfa44, 0xfa44, 0xfa44, 0xfa44, 0xfa44, 0xfa44, 0xfa44, 0xfa44,
  0xfa44, 0xfa44, 0xfa44, 0xfa44, 0xfa44, 0xfa44, 0xfa44, 0xfa44,
  0xfa44, 0xfa44, 0xfa44, 0xfa44, 0xfa44, 0xfa44, 0xfa44, 0xfa44,
  0xfa44, 0xfa44, 0xfa44, 0xfa44, 0xfa44, 0xfa44, 0xfa44, 0xfa44,
  0xfa44, 0xfa44, 0xfa44, 0xfa44, 0xfa44, 0xfa44, 0xfa44, 0xfa44,
  0xfa44, 0xfa44, 0xfa44, 0xfa44, 0xfa44, 0xfa44, 0xfa44, 0xfa44,
  0xfa44, 0xfa44, 0xfa44, 0xfa44, 0xfa44, 0xfa44, 0xfa44, 0xfa44,
  0xfa44, 0xfa44, 0xfa44, 0xfa44, 0xfa44, 0xfa44, 0xfa44, 0xfa44,
  0xfa44, 0xfa44, 0xfa44, 0xfa44, 0xfa44, 0xfa44, 0xfa44, 0xfa44,
  0xfa44, 0xfa44, 0xfa44, 0xfa44, 0xfa44, 0xfa44, 0xfa44, 0xfa44,
  0xfa44, 0xfa44, 0xfa44, 0xfa44, 0xfa44, 0xfa44, 0xfa44, 0xfa44,
  0xfa44, 0xfa44, 0xfa44, 0xfa44, 0xfa44, 0xfa44, 0xfa44, 0xfa44,
  0xfa44, 0xfa44, 0xfa44, 0xfa44, 0xfa44, 0xfa44, 0xfa44, 0xfa44,
  0xfa44, 0xfa44, 0xfa44, 0xfa44, 0xfa44, 0xfa44, 0xfa44, 0xfa44,
  0xfa44, 0xfa44, 0xfa44, 0xfa44, 0xfa44, 0xfa44, 0xfa44, 0xfa44,
  0xfa44, 0xfa44, 0xfa44, 0xfa44, 0xfa44, 0xfa44, 0xfa44, 0xfa44,
  0xfa44, 0xfa44, 0xfa44, 0xfa44, 0xfa44, 0xfa44, 0xfa44, 0xfa44,
  0xfa44, 0xfa44, 0xfa44, 0xfa44, 0xfa44, 0xfa44, 0xfa44, 0xfa44,
  0xfa44, 0xfa44, 0xfa44, 0xfa44, 0xfa44, 0xfa44, 0xfa44, 0xfa44,
  0xfa44, 0xfa44, 0xfa44, 0xfa44, 0xfa44, 0xfa44, 0xfa44, 0xfa44,
  0xfa44, 0xfa44, 0xfa44, 0xfa44, 0xfa44, 0xfa44, 0xfa44, 0xfa44,
  0xfa44, 0xfa44, 0xfa44, 0xfa44, 0xfa44, 0xfa44, 0xfa44, 0xfa44,
  0xfa44, 0xfa44, 0xfa44, 0xfa44, 0xfa44, 0xfa44, 0xfa44, 0xfa44,
  0xfa44, 0xfa44, 0xfa44, 0xfa44, 0xfa44, 0xfa44, 0xfa44, 0xfa44,
  0xfa44, 0xfa44, 0xfa44, 0xfa44, 0xfa44, 0xfa44, 0xfa44, 0xfa44,
  0xfa44, 0xfa44, 0xfa44, 0xfa44, 0xfa44, 0xfa44, 0xfa44, 0xfa44,
  0xfa44, 0xfa44, 0xfa44, 0xfa44, 0xfa44, 0xfa44, 0xfa44, 0xfa44,
  0xfa44, 0xfa44, 0xfa44, 0xfa44, 0xfa44, 0xfa44, 0xfa44, 0xfa44,
  0xfa44, 0xfa44, 0xfa44, 0xfa44, 0xfa44, 0xfa44, 0xfa44, 0xfa44,
  0xfa44, 0xfa44, 0xfa44, 0xfa44, 0xfa44, 0xfa44, 0xfa44, 0xfa44,
  0xfa44, 0xfa44, 0xfa44, 0xfa44, 0xfa44, 0xfa44, 0xfa44, 0xfa44,
  0xfa44, 0xfa44, 0xfa44, 0xfa44, 0xfa44, 0xfa44, 0xfa44, 0xfa44,
  0xfa44, 0xfa44, 0xfa44, 0xfa44, 0xfa44, 0xfa44, 0xfa44, 0xfa44,
  0xfa44, 0xfa44, 0xfa44, 0xfa44, 0xfa44, 0xfa44, 0xfa44, 0xfa44,
  0xfa44, 0xfa44, 0xfa44, 0xfa44, 0xfa44, 0xfa44, 0xfa44, 0xfa44,
  0xfa44, 0xfa44, 0xfa44, 0xfa44, 0xfa44, 0xfa44, 0xfa44, 0xfa44,
  0xfa44, 0xfa44, 0xfa44, 0xfa44, 0xfa44, 0xfa44, 0xfa44, 0xfa44,
  0xfa44, 0xfa44, 0xfa44, 0xfa44, 0xfa44, 0xfa44, 0xfa44, 0xfa44,
  0xfa44, 0xfa44, 0xfa44, 0xfa44, 0xfa44, 0xfa44, 0xfa44, 0xfa44,
  0xfa44, 0xfa44, 0xfa44, 0xfa44, 0xfa44, 0xfa44, 0xfa44, 0xfa44,
  0xfa44, 0xfa44, 0xfa44, 0xfa44, 0xfa44, 0xfa44, 0xfa44, 0xfa44,
  0xfa44, 0xfa44, 0xfa44, 0xfa44, 0xfa44, 0xfa44, 0xfa44, 0xfa44,
  0xfa44, 0xfa44, 0xfa44, 0xfa44, 0xfa44, 0xfa44, 0xfa44, 0xfa44,
  0xfa44, 0xfa44, 0xfa44, 0xfa44, 0xfa44, 0xfa44, 0xfa44, 0xfa44,
  0xfa44, 0xfa44, 0xfa44, 0xfa44, 0xfa44, 0xfa44, 0xfa44, 0xfa44,
  0xfa44, 0xfa44, 0xfa44, 0xfa44, 0xfa44, 0xfa44, 0xfa44, 0xfa44,
  0xfa44, 0xfa44, 0xfa44, 0xfa44, 0xfa44, 0xfa44, 0xfa44, 0xfa44,
  0xfa44, 0xfa44, 0xfa44, 0xfa44, 0xfa44, 0xfa44, 0xfa44, 0xfa44,
  0xfa44, 0xfa44, 0xfa44, 0xfa44, 0xfa44, 0xfa44, 0xfa44, 0xfa44,
  0xfa44, 0xfa44, 0xfa44, 0xfa44, 0xfa44, 0xfa44, 0xfa44, 0xfa44,
  0xfa44, 0xfa44, 0xfa44, 0xfa44, 0xfa44, 0xfa44, 0xfa44, 0xfa44,
  0xfa44, 0xfa44, 0xfa44, 0xfa44, 0xfa44, 0xfa44, 0xfa44, 0xfa44,
  0xfa44, 0xfa44, 0xfa44, 0xfa44, 0xfa44, 0xfa44, 0xfa44, 0xfa44,
  0xfa44, 0xfa44, 0xfa44, 0xfa44, 0xfa44, 0xfa44, 0xfa44, 0xfa44,
  0xfa44, 0xfa44, 0xfa44, 0xfa44, 0xfa44, 0xfa44, 0xfa44, 0xfa44,
  0xfa44, 0xfa44, 0xfa44, 0xfa44, 0xfa44, 0xfa44, 0xfa44, 0xfa44,
  0xfa44, 0xfa44, 0xfa44, 0xfa44, 0xfa44, 0xfa44, 0xfa44, 0xfa44,
  0xfa44, 0xfa44, 0xfa44, 0xfa44, 0xfa44, 0xfa44, 0xfa44, 0xfa44,
  0xfa44, 0xfa44, 0xfa44, 0xfa44, 0xfa44, 0xfa44, 0xfa44, 0xfa44,
  0xfa44, 0xfa44, 0xfa44, 0xfa44, 0xfa44, 0xfa44, 0xfa44, 0xfa44,
  0xfa44, 0xfa44, 0xfa44, 0xfa44, 0xfa44, 0xfa44, 0xfa44, 0xfa44,
  0xfa44, 0xfa44, 0xfa44, 0xfa44, 0xfa44, 0xfa44, 0xfa44, 0xfa44,
  0xfa44, 0xfa44, 0xfa44, 0xfa44, 0xfa44, 0xfa44, 0xfa44, 0xfa44,
  0xfa44, 0xfa44, 0xfa44, 0xfa44, 0xfa44, 0xfa44, 0xfa44, 0xfa44,
  0xfa44, 0xfa44, 0xfa44, 0xfa44, 0xfa44, 0xfa44, 0xfa44, 0xfa44,
  0xfa44, 0xfa44, 0xfa44, 0xfa44, 0xfa44, 0xfa44, 0xfa44, 0xfa44,
  0xfa44, 0xfa44, 0xfa44, 0xfa44, 0xfa44, 0xfa44, 0xfa44, 0xfa44,
  0xfa44, 0xfa44, 0xfa44, 0xfa44, 0xfa44, 0xfa44, 0xfa44, 0xfa44,
  0xfa44, 0xfa44, 0xfa44, 0xfa44, 0xfa44, 0xfa44, 0xfa44, 0xfa44,
  0xfa44, 0xfa44, 0xfa44, 0xfa44, 0xfa44, 0xfa44, 0xfa44, 0xfa44,
  0xfa44, 0xfa44, 0xfa44, 0xfa44, 0xfa44, 0xfa44, 0xfa44, 0xfa44,
  0xfa44, 0xfa44, 0xfa44, 0xfa44, 0xfa44, 0xfa44, 0xfa44, 0xfa44,
  0xfa44, 0xfa44, 0xfa44, 0xfa44, 0xfa44, 0xfa44, 0xfa44, 0xfa44,
  0xfa44, 0xfa44, 0xfa44, 0xfa44, 0xfa44, 0xfa44, 0xfa44, 0xfa44,
  0xfa44, 0xfa44, 0xfa44, 0xfa44, 0xfa44, 0xfa44, 0xfa44, 0xfa44,
  0xfa44, 0xfa44, 0xfa44, 0xfa44, 0xfa44, 0xfa44, 0xfa44, 0xfa44,
  0xfa44, 0xfa44, 0xfa44, 0xfa44, 0xfa44, 0xfa44, 0xfa44, 0xfa44,
  0xfa44, 0xfa44, 0xfa44, 0xfa44, 0xfa44, 0xfa44, 0xfa44, 0xfa44,
  0xfa44, 0xfa44, 0xfa44, 0xfa44, 0xfa44, 0xfa44, 0xfa44, 0xfa44,
  0xfa44, 0xfa44, 0xfa44, 0xfa44, 0xfa44, 0xfa44, 0xfa44, 0xfa44,
  0xfa44, 0xfa44, 0xfa44, 0xfa44, 0xfa44, 0xfa44, 0xfa44, 0xfa44,
  0xfa44, 0xfa44, 0xfa44, 0xfa44, 0xfa44, 0xfa44, 0xfa44, 0xfa44,
  0xfa44, 0xfa44, 0xfa44, 0xfa44, 0xfa44, 0xfa44, 0xfa44, 0xfa44,
  0xfa44, 0xfa44, 0xfa44, 0xfa44, 0xfa44, 0xfa44, 0xfa44, 0xfa44,
  0xfa44, 0xfa44, 0xfa44, 0xfa44, 0xfa44, 0xfa44, 0xfa44, 0xfa44,
  0xfa44, 0xfa44, 0xfa44, 0xfa44, 0xfa44, 0xfa44, 0xfa44, 0xfa44,
  0xfa44, 0xfa44, 0xfa44, 0xfa44, 0xfa44, 0xfa44, 0xfa44, 0xfa44,
  0xfa44, 0xfa44, 0xfa44, 0xfa44, 0xfa44, 0xfa44, 0xfa44, 0xfa44,
  0xfa44, 0xfa44, 0xfa44, 0xfa44, 0xfa44, 0xfa44, 0xfa44, 0xfa44,
  0xfa44, 0xfa44, 0xfa44, 0xfa44, 0xfa44, 0xfa44, 0xfa44, 0xfa44,
  0xfa44, 0xfa44, 0xfa44, 0xfa44, 0xfa44, 0xfa44, 0xfa44, 0xfa44,
  0xfa44, 0xfa44, 0xfa44, 0xfa44, 0xfa44, 0xfa44, 0xfa44, 0xfa44,
  0xfa44, 0xfa44, 0xfa44, 0xfa44, 0xfa44, 0xfa44, 0xfa44, 0xfa44,
  0xfa44, 0xfa44, 0xfa44, 0xfa44, 0xfa44, 0xfa44, 0xfa44, 0xfa44,
  0xfa44, 0xfa44, 0xfa44, 0xfa44, 0xfa44, 0xfa44, 0xfa44, 0xfa44,
  0xfa44, 0xfa44, 0xfa44, 0xfa44, 0xfa44, 0xfa44, 0xfa44, 0xfa44,
  0xfa44, 0xfa44, 0xfa44, 0xfa44, 0xfa44, 0xfa44, 0xfa44, 0xfa44,
  0xfa44, 0xfa44, 0xfa44, 0xfa44, 0xfa44, 0xfa44, 0xfa44, 0xfa44,
  0xfa44, 0xfa44, 0xfa44, 0xfa44, 0xfa44, 0xfa44, 0xfa44, 0xfa44,
  0xfa44, 0xfa44, 0xfa44, 0xfa44, 0xfa44, 0xfa44, 0xfa44, 0xfa44,
  0xfa44, 0xfa44, 0xfa44, 0xfa44, 0xfa44, 0xfa44, 0xfa44, 0xfa44,
  0xfa44, 0xfa44, 0xfa44, 0xfa44, 0xfa44, 0xfa44, 0xfa44, 0xfa44,
  0xfa44, 0xfa44, 0xfa44, 0xfa44, 0xfa44, 0xfa44, 0xfa44, 0xfa44,
  0xfa44, 0xfa44, 0xfa44, 0xfa44, 0xfa44, 0xfa44, 0xfa44, 0xfa44,
  0xfa44, 0xfa44, 0xfa44, 0xfa44, 0xfa44, 0xfa44, 0xfa44, 0xfa44,
  0xfa44, 0xfa44, 0xfa44, 0xfa44, 0xfa44, 0xfa44, 0xfa44, 0xfa44,
  0xfa44, 0xfa44, 0xfa44, 0xfa44, 0xfa44, 0xfa44, 0xfa44, 0xfa44,
  0xfa44, 0xfa44, 0xfa44, 0xfa44, 0xfa44, 0xfa44, 0xfa44, 0xfa44,
  0xfa44, 0xfa44, 0xfa44, 0xfa44, 0xfa44, 0xfa44, 0xfa44, 0xfa44,
  0xfa44, 0xfa44, 0xfa44, 0xfa44, 0xfa44, 0xfa44, 0xfa44, 0xfa44,
  0xfa44, 0xfa44, 0xfa44, 0xfa44, 0xfa44, 0xfa44, 0xfa44, 0xfa44,
  0xfa44, 0xfa44, 0xfa44, 0xfa44, 0xfa44, 0xfa44, 0xfa44, 0xfa44,
  0xfa44, 0xfa44, 0xfa44, 0xfa44, 0xfa44, 0xfa44, 0xfa44, 0xfa44,
  0xfa44, 0xfa44, 0xfa44, 0xfa44, 0xfa44, 0xfa44, 0xfa44, 0xfa44,
  0xfa44, 0xfa44, 0xfa44, 0xfa44, 0xfa44, 0xfa44, 0xfa44, 0xfa44,
  0xfa44, 0xfa44, 0xfa44, 0xfa44, 0xfa44, 0xfa44, 0xfa44, 0xfa44,
  0xfa44, 0xfa44, 0xfa44, 0xfa44, 0xfa44, 0xfa44, 0xfa44, 0xfa44,
  0xfa44, 0xfa44, 0xfa44, 0xfa44, 0xfa44, 0xfa44, 0xfa44, 0xfa44,
  0xfa44, 0xfa44, 0xfa44, 0xfa44, 0xfa44, 0xfa44, 0xfa44, 0xfa44,
  0xfa44, 0xfa44, 0xfa44, 0xfa44, 0xfa44, 0xfa44, 0xfa44, 0xfa44,
  0xfa44, 0xfa44, 0xfa44, 0xfa44, 0xfa44, 0xfa44, 0xfa44, 0xfa44,
  0xfa44, 0xfa44, 0xfa44, 0xfa44, 0xfa44, 0xfa44, 0xfa44, 0xfa44,
  0xfa44, 0xfa44, 0xfa44, 0xfa44, 0xfa44, 0xfa44, 0xfa44, 0xfa44,
  0xfa44, 0xfa44, 0xfa44, 0xfa44, 0xfa44, 0xfa44, 0xfa44, 0xfa44,
  0xfa44, 0xfa44, 0xfa44, 0xfa44, 0xfa44, 0xfa44, 0xfa44, 0xfa44,
  0xfa44, 0xfa44, 0xfa44, 0xfa44, 0xfa44, 0xfa44, 0xfa44, 0xfa44,
  0xfa44, 0xfa44, 0xfa44, 0xfa44, 0xfa44, 0xfa44, 0xfa44, 0xfa44,
  0xfa44, 0xfa44, 0xfa44, 0xfa44, 0xfa44, 0xfa44, 0xfa44, 0xfa44,
  0xfa44, 0xfa44, 0xfa44, 0xfa44, 0xfa44, 0xfa44, 0xfa44, 0xfa44,
  0xfa44, 0xfa44, 0xfa44, 0xfa44, 0xfa44, 0xfa44, 0xfa44, 0xfa44,
  0xfa44, 0xfa44, 0xfa44, 0xfa44, 0xfa44, 0xfa44, 0xfa44, 0xfa44,
  0xfa44, 0xfa44, 0xfa44, 0xfa44, 0xfa44, 0xfa44, 0xfa44, 0xfa44,
  0xfa44, 0xfa44, 0xfa44, 0xfa44, 0xfa44, 0xfa44, 0xfa44, 0xfa44,
  0xfa44, 0xfa44, 0xfa44, 0xfa44, 0xfa44, 0xfa44, 0xfa44, 0xfa44,
  0xfa44, 0xfa44, 0xfa44, 0xfa44, 0xfa44, 0xfa44, 0xfa44, 0xfa44,
  0xfa44, 0xfa44, 0xfa44, 0xfa44, 0xfa44, 0xfa44, 0xfa44, 0xfa44,
  0xfa44, 0xfa44, 0xfa44, 0xfa44, 0xfa44, 0xfa44, 0xfa44, 0xfa44,
  0xfa44, 0xfa44, 0xfa44, 0xfa44, 0xfa44, 0xfa44, 0xfa44, 0xfa44,
  0xfa44, 0xfa44, 0xfa44, 0xfa44, 0xfa44, 0xfa44, 0xfa44, 0xfa44,
  0xfa44, 0xfa44, 0xfa44, 0xfa44, 0xfa44, 0xfa44, 0xfa44, 0xfa44,
  0xfa44, 0xfa44, 0xfa44, 0xfa44, 0xfa44, 0xfa44, 0xfa44, 0xfa44,
  0xfa44, 0xfa44, 0xfa44, 0xfa44, 0xfa44, 0xfa44, 0xfa44, 0xfa44,
  0xfa44, 0xfa44, 0xfa44, 0xfa44, 0xfa44, 0xfa44, 0xfa44, 0xfa44,
  0xfa44, 0xfa44, 0xfa44, 0xfa44, 0xfa44, 0xfa44, 0xfa44, 0xfa44,
  0xfa44, 0xfa44, 0xfa44, 0xfa44, 0xfa44, 0xfa44, 0xfa44, 0xfa44,
  0xfa44, 0xfa44, 0xfa44, 0xfa44, 0xfa44, 0xfa44, 0xfa44, 0xfa44,
  0xfa44, 0xfa44, 0xfa44, 0xfa44, 0xfa44, 0xfa44, 0xfa44, 0xfa44,
  0xfa44, 0xfa44, 0xfa44, 0xfa44, 0xfa44, 0xfa44, 0xfa44, 0xfa44,
  0xfa44, 0xfa44, 0xfa44, 0xfa44, 0xfa44, 0xfa44, 0xfa44, 0xfa44,
  0xfa44, 0xfa44, 0xfa44, 0xfa44, 0xfa44, 0xfa44, 0xfa44, 0xfa44,
  0xfa44, 0xfa44, 0xfa44, 0xfa44, 0xfa44, 0xfa44, 0xfa44, 0xfa44,
  0xfa44, 0xfa44, 0xfa44, 0xfa44, 0xfa44, 0xfa44, 0xfa44, 0xfa44,
  0xfa44, 0xfa44, 0xfa44, 0xfa44, 0xfa44, 0xfa44, 0xfa44, 0xfa44,
  0xfa44, 0xfa44, 0xfa44, 0xfa44, 0xfa44, 0xfa44, 0xfa44, 0xfa44,
  0xfa44, 0xfa44, 0xfa44, 0xfa44, 0xfa44, 0xfa44, 0xfa44, 0xfa44,
  0xfa44, 0xfa44, 0xfa44, 0xfa44, 0xfa44, 0xfa44, 0xfa44, 0xfa44,
  0xfa44, 0xfa44, 0xfa44, 0xfa44, 0xfa44, 0xfa44, 0xfa44, 0xfa44,
  0xfa44, 0xfa44, 0xfa44, 0xfa44, 0xfa44, 0xfa44, 0xfa44, 0xfa44,
  0xfa44, 0xfa44, 0xfa44, 0xfa44, 0xfa44, 0xfa44, 0xfa44, 0xfa44,
  0xfa44, 0xfa44, 0xfa44, 0xfa44, 0xfa44, 0xfa44, 0xfa44, 0xfa44,
  0xfa44, 0xfa44, 0xfa44, 0xfa44, 0xfa44, 0xfa44, 0xfa44, 0xfa44,
  0xfa44, 0xfa44, 0xfa44, 0xfa44, 0xfa44, 0xfa44, 0xfa44, 0xfa44,
  0xfa44, 0xfa44, 0xfa44, 0xfa44, 0xfa44, 0xfa44, 0xfa44, 0xfa44,
  0xfa44, 0xfa44, 0xfa44, 0xfa44, 0xfa44, 0xfa44, 0xfa44, 0xfa44,
  0xfa44, 0xfa44, 0xfa44, 0xfa44, 0xfa44, 0xfa44, 0xfa44, 0xfa44,
  0xfa44, 0xfa44, 0xfa44, 0xfa44, 0xfa44, 0xfa44, 0xfa44, 0xfa44,
  0xfa44, 0xfa44, 0xfa44, 0xfa44, 0xfa44, 0xfa44, 0xfa44, 0xfa44,
  0xfa44, 0xfa44, 0xfa44, 0xfa44, 0xfa44, 0xfa44, 0xfa44, 0xfa44,
  0xfa44, 0xfa44, 0xfa44, 0xfa44, 0xfa44, 0xfa44, 0xfa44, 0xfa44,
  0xfa44, 0xfa44, 0xfa44, 0xfa44, 0xfa44, 0xfa44, 0xfa44, 0xfa44,
  0xfa44, 0xfa44, 0xfa44, 0xfa44, 0xfa44, 0xfa44, 0xfa44, 0xfa44,
  0xfa44, 0xfa44, 0xfa44, 0xfa44, 0xfa44, 0xfa44, 0xfa44, 0xfa44,
  0xfa44, 0xfa44, 0xfa44, 0xfa44, 0xfa44, 0xfa44, 0xfa44, 0xfa44,
  0xfa44, 0xfa44, 0xfa44, 0xfa44, 0xfa44, 0xfa44, 0xfa44, 0xfa44,
  0xfa44, 0xfa44, 0xfa44, 0xfa44, 0xfa44, 0xfa44, 0xfa44, 0xfa44,
  0xfa44, 0xfa44, 0xfa44, 0xfa44, 0xfa44, 0xfa44, 0xfa44, 0xfa44,
  0xfa44, 0xfa44, 0xfa44, 0xfa44, 0xfa44, 0xfa44, 0xfa44, 0xfa44,
  0xfa44, 0xfa44, 0xfa44, 0xfa44, 0xfa44, 0xfa44, 0xfa44, 0xfa44,
  0xfa44, 0xfa44, 0xfa44, 0xfa44, 0xfa44, 0xfa44, 0xfa44, 0xfa44,
  0xfa44, 0xfa44, 0xfa44, 0xfa44, 0xfa44, 0xfa44, 0xfa44, 0xfa44,
  0xfa44, 0xfa44, 0xfa44, 0xfa44, 0xfa44, 0xfa44, 0xfa44, 0xfa44,
  0xfa44, 0xfa44, 0xfa44, 0xfa44, 0xfa44, 0xfa44, 0xfa44, 0xfa44,
  0xfa44, 0xfa44, 0xfa44, 0xfa44, 0xfa44, 0xfa44, 0xfa44, 0xfa44,
  0xfa44, 0xfa44, 0xfa44, 0xfa44, 0xfa44, 0xfa44, 0xfa44, 0xfa44,
  0xfa44, 0xfa44, 0xfa44, 0xfa44, 0xfa44, 0xfa44, 0xfa44, 0xfa44,
  0xfa44, 0xfa44, 0xfa44, 0xfa44, 0xfa44, 0xfa44, 0xfa44, 0xfa44,
  0xfa44, 0xfa44, 0xfa44, 0xfa44, 0xfa44, 0xfa44, 0xfa44, 0xfa44,
  0xfa44, 0xfa44, 0xfa44, 0xfa44, 0xfa44, 0xfa44, 0xfa44, 0xfa44,
  0xfa44, 0xfa44, 0xfa44, 0xfa44, 0xfa44, 0xfa44, 0xfa44, 0xfa44,
  0xfa44, 0xfa44, 0xfa44, 0xfa44, 0xfa44, 0xfa44, 0xfa44, 0xfa44,
  0xfa44, 0xfa44, 0xfa44, 0xfa44, 0xfa44, 0xfa44, 0xfa44, 0xfa44,
  0xfa44, 0xfa44, 0xfa44, 0xfa44, 0xfa44, 0xfa44, 0xfa44, 0xfa44,
  0xfa44, 0xfa44, 0xfa44, 0xfa44, 0xfa44, 0xfa44, 0xfa44, 0xfa44,
  0xfa44, 0xfa44, 0xfa44, 0xfa44, 0xfa44, 0xfa44, 0xfa44, 0xfa44,
  0xfa44, 0xfa44, 0xfa44, 0xfa44, 0xfa44, 0xfa44, 0xfa44, 0xfa44,
  0xfa44, 0xfa44, 0xfa44, 0xfa44, 0xfa44, 0xfa44, 0xfa44, 0xfa44,
  0xfa44, 0xfa44, 0xfa44, 0xfa44, 0xfa44, 0xfa44, 0xfa44, 0xfa44,
  0xfa44, 0xfa44, 0xfa44, 0xfa44, 0xfa44, 0xfa44, 0xfa44, 0xfa44,
  0xfa44, 0xfa44, 0xfa44, 0xfa44, 0xfa44, 0xfa44, 0xfa44, 0xfa44,
  0xfa44, 0xfa44, 0xfa44, 0xfa44, 0xfa44, 0xfa44, 0xfa44, 0xfa44,
  0xfa44, 0xfa44, 0xfa44, 0xfa44, 0xfa44, 0xfa44, 0xfa44, 0xfa44,
  0xfa44, 0xfa44, 0xfa44, 0xfa44, 0xfa44, 0xfa44, 0xfa44, 0xfa44,
  0xfa44, 0xfa44, 0xfa44, 0xfa44, 0xfa44, 0xfa44, 0xfa44, 0xfa44,
  0xfa44, 0xfa44, 0xfa44, 0xfa44, 0xfa44, 0xfa44, 0xfa44, 0xfa44,
  0xfa44, 0xfa44, 0xfa44, 0xfa44, 0xfa44, 0xfa44, 0xfa44, 0xfa44,
  0xfa44, 0xfa44, 0xfa44, 0xfa44, 0xfa44, 0xfa44, 0xfa44, 0xfa44,
  0xfa44, 0xfa44, 0xfa44, 0xfa44, 0xfa44, 0xfa44, 0xfa44, 0xfa44,
  0xfa44, 0xfa44, 0xfa44, 0xfa44, 0xfa44, 0xfa44, 0xfa44, 0xfa44,
  0xfa44, 0xfa44, 0xfa44, 0xfa44, 0xfa44, 0xfa44, 0xfa44, 0xfa44,
  0xfa44, 0xfa44, 0xfa44, 0xfa44, 0xfa44, 0xfa44, 0xfa44, 0xfa44,
  0xfa44, 0xfa44, 0xfa44, 0xfa44, 0xfa44, 0xfa44, 0xfa44, 0xfa44,
  0xfa44, 0xfa44, 0xfa44, 0xfa44, 0xfa44, 0xfa44, 0xfa44, 0xfa44,
  0xfa44, 0xfa44, 0xfa44, 0xfa44, 0xfa44, 0xfa44, 0xfa44, 0xfa44,
  0xfa44, 0xfa44, 0xfa44, 0xfa44, 0xfa44, 0xfa44, 0xfa44, 0xfa44,
  0xfa44, 0xfa44, 0xfa44, 0xfa44, 0xfa44, 0xfa44, 0xfa44, 0xfa44,
  0xfa44, 0xfa44, 0xfa44, 0xfa44, 0xfa44, 0xfa44, 0xfa44, 0xfa44,
  0xfa44, 0xfa44, 0xfa44, 0xfa44, 0xfa44, 0xfa44, 0xfa44, 0xfa44,
  0xfa44, 0xfa44, 0xfa44, 0xfa44, 0xfa44, 0xfa44, 0xfa44, 0xfa44,
  0xfa44, 0xfa44, 0xfa44, 0xfa44, 0xfa44, 0xfa44, 0xfa44, 0xfa44,
  0xfa44, 0xfa44, 0xfa44, 0xfa44, 0xfa44, 0xfa44, 0xfa44, 0xfa44,
  0xfa44, 0xfa44, 0xfa44, 0xfa44, 0xfa44, 0xfa44, 0xfa44, 0xfa44,
  0xfa44, 0xfa44, 0xfa44, 0xfa44, 0xfa44, 0xfa44, 0xfa44, 0xfa44,
  0xfa44, 0xfa44, 0xfa44, 0xfa44, 0xfa44, 0xfa44, 0xfa44, 0xfa44,
  0xfa44, 0xfa44, 0xfa44, 0xfa44, 0xfa44, 0xfa44, 0xfa44, 0xfa44,
  0xfa44, 0xfa44, 0xfa44, 0xfa44, 0xfa44, 0xfa44, 0xfa44, 0xfa44,
  0xfa44, 0xfa44, 0xfa44, 0xfa44, 0xfa44, 0xfa44, 0xfa44, 0xfa44,
  0xfa44, 0xfa44, 0xfa44, 0xfa44, 0xfa44, 0xfa44, 0xfa44, 0xfa44,
  0xfa44, 0xfa44, 0xfa44, 0xfa44, 0xfa44, 0xfa44, 0xfa44, 0xfa44,
  0xfa44, 0xfa44, 0xfa44, 0xfa44, 0xfa44, 0xfa44, 0xfa44, 0xfa44,
  0xfa44, 0xfa44, 0xfa44, 0xfa44, 0xfa44, 0xfa44, 0xfa44, 0xfa44,
  0xfa44, 0xfa44, 0xfa44, 0xfa44, 0xfa44, 0xfa44, 0xfa44, 0xfa44,
  0xfa44, 0xfa44, 0xfa44, 0xfa44, 0xfa44, 0xfa44, 0xfa44, 0xfa44,
  0xfa44, 0xfa44, 0xfa44, 0xfa44, 0xfa44, 0xfa44, 0xfa44, 0xfa44,
  0xfa44, 0xfa44, 0xfa44, 0xfa44, 0xfa44, 0xfa44, 0xfa44, 0xfa44,
  0xfa44, 0xfa44, 0xfa44, 0xfa44, 0xfa44, 0xfa44, 0xfa44, 0xfa44,
  0xfa44, 0xfa44, 0xfa44, 0xfa44, 0xfa44, 0xfa44, 0xfa44, 0xfa44,
  0xfa44, 0xfa44, 0xfa44, 0xfa44, 0xfa44, 0xfa44, 0xfa44, 0xfa44,
  0xfa44, 0xfa44, 0xfa44, 0xfa44, 0xfa44, 0xfa44, 0xfa44, 0xfa44,
  0xfa44, 0xfa44, 0xfa44, 0xfa44, 0xfa44, 0xfa44, 0xfa44, 0xfa44,
  0xfa44, 0xfa44, 0xfa44, 0xfa44, 0xfa44, 0xfa44, 0xfa44, 0xfa44,
  0xfa44, 0xfa44, 0xfa44, 0xfa44, 0xfa44, 0xfa44, 0xfa44, 0xfa44,
  0xfa44, 0xfa44, 0xfa44, 0xfa44, 0xfa44, 0xfa44, 0xfa44, 0xfa44,
  0xfa44, 0xfa44, 0xfa44, 0xfa44, 0xfa44, 0xfa44, 0xfa44, 0xfa44,
  0xfa44, 0xfa44, 0xfa44, 0xfa44, 0xfa44, 0xfa44, 0xfa44, 0xfa44,
  0xfa44, 0xfa44, 0xfa44, 0xfa44, 0xfa44, 0xfa44, 0xfa44, 0xfa44,
  0xfa44, 0xfa44, 0xfa44, 0xfa44, 0xfa44, 0xfa44, 0xfa44, 0xfa44,
  0xfa44, 0xfa44, 0xfa44, 0xfa44, 0xfa44, 0xfa44, 0xfa44, 0xfa44,
  0xfa44, 0xfa44, 0xfa44, 0xfa44, 0xfa44, 0xfa44, 0xfa44, 0xfa44,
  0xfa44, 0xfa44, 0xfa44, 0xfa44, 0xfa44, 0xfa44, 0xfa44, 0xfa44,
  0xfa44, 0xfa44, 0xfa44, 0xfa44, 0xfa44, 0xfa44, 0xfa44, 0xfa44,
  0xfa44, 0xfa44, 0xfa44, 0xfa44, 0xfa44, 0xfa44, 0xfa44, 0xfa44,
  0xfa44, 0xfa44, 0xfa44, 0xfa44, 0xfa44, 0xfa44, 0xfa44, 0xfa44,
  0xfa44, 0xfa44, 0xfa44, 0xfa44, 0xfa44, 0xfa44, 0xfa44, 0xfa44,
  0xfa44, 0xfa44, 0xfa44, 0xfa44, 0xfa44, 0xfa44, 0xfa44, 0xfa44,
  0xfa44, 0xfa44, 0xfa44, 0xfa44, 0xfa44, 0xfa44, 0xfa44, 0xfa44,
  0xfa44, 0xfa44, 0xfa44, 0xfa44, 0xfa44, 0xfa44, 0xfa44, 0xfa44,
  0xfa44, 0xfa44, 0xfa44, 0xfa44, 0xfa44, 0xfa44, 0xfa44, 0xfa44,
  0xfa44, 0xfa44, 0xfa44, 0xfa44, 0xfa44, 0xfa44, 0xfa44, 0xfa44,
  0xfa44, 0xfa44, 0xfa44, 0xfa44, 0xfa44, 0xfa44, 0xfa44, 0xfa44,
  0xfa44, 0xfa44, 0xfa44, 0xfa44, 0xfa44, 0xfa44, 0xfa44, 0xfa44,
  0xfa44, 0xfa44, 0xfa44, 0xfa44, 0xfa44, 0xfa44, 0xfa44, 0xfa44,
  0xfa44, 0xfa44, 0xfa44, 0xfa44, 0xfa44, 0xfa44, 0xfa44, 0xfa44,
  0xfa44, 0xfa44, 0xfa44, 0xfa44, 0xfa44, 0xfa44, 0xfa44, 0xfa44,
  0xfa44, 0xfa44, 0xfa44, 0xfa44, 0xfa44, 0xfa44, 0xfa44, 0xfa44,
  0xfa44, 0xfa44, 0xfa44, 0xfa44, 0xfa44, 0xfa44, 0xfa44, 0xfa44,
  0xfa44, 0xfa44, 0xfa44, 0xfa44, 0xfa44, 0xfa44, 0xfa44, 0xfa44,
  0xfa44, 0xfa44, 0xfa44, 0xfa44, 0xfa44, 0xfa44, 0xfa44, 0xfa44,
  0xfa44, 0xfa44, 0xfa44, 0xfa44, 0xfa44, 0xfa44, 0xfa44, 0xfa44,
  0xfa44, 0xfa44, 0xfa44, 0xfa44, 0xfa44, 0xfa44, 0xfa44, 0xfa44,
  0xfa44, 0xfa44, 0xfa44, 0xfa44, 0xfa44, 0xfa44, 0xfa44, 0xfa44,
  0xfa44, 0xfa44, 0xfa44, 0xfa44, 0xfa44, 0xfa44, 0xfa44, 0xfa44,
  0xfa44, 0xfa44, 0xfa44, 0xfa44, 0xfa44, 0xfa44, 0xfa44, 0xfa44,
  0xfa44, 0xfa44, 0xfa44, 0xfa44, 0xfa44, 0xfa44, 0xfa44, 0xfa44,
  0xfa44, 0xfa44, 0xfa44, 0xfa44, 0xfa44, 0xfa44, 0xfa44, 0xfa44,
  0xfa44, 0xfa44, 0xfa44, 0xfa44, 0xfa44, 0xfa44, 0xfa44, 0xfa44,
  0xfa44, 0xfa44, 0xfa44, 0xfa44, 0xfa44, 0xfa44, 0xfa44, 0xfa44,
  0xfa44, 0xfa44, 0xfa44, 0xfa44, 0xfa44, 0xfa44, 0xfa44, 0xfa44,
  0xfa44, 0xfa44, 0xfa44, 0xfa44, 0xfa44, 0xfa44, 0xfa44, 0xfa44,
  0xfa44, 0xfa44, 0xfa44, 0xfa44, 0xfa44, 0xfa44, 0xfa44, 0xfa44,
  0xfa44, 0xfa44, 0xfa44, 0xfa44, 0xfa44, 0xfa44, 0xfa44, 0xfa44,
  0xfa44, 0xfa44, 0xfa44, 0xfa44, 0xfa44, 0xfa44, 0xfa44, 0xfa44,
  0xfa44, 0xfa44, 0xfa44, 0xfa44, 0xfa44, 0xfa44, 0xfa44, 0xfa44,
  0xfa44, 0xfa44, 0xfa44, 0xfa44, 0xfa44, 0xfa44, 0xfa44, 0xfa44,
  0xfa44, 0xfa44, 0xfa44, 0xfa44, 0xfa44, 0xfa44, 0xfa44, 0xfa44,
  0xfa44, 0xfa44, 0xfa44, 0xfa44, 0xfa44, 0xfa44, 0xfa44, 0xfa44,
  0xfa44, 0xfa44, 0xfa44, 0xfa44, 0xfa44, 0xfa44, 0xfa44, 0xfa44,
  0xfa44, 0xfa44, 0xfa44, 0xfa44, 0xfa44, 0xfa44, 0xfa44, 0xfa44,
  0xfa44, 0xfa44, 0xfa44, 0xfa44, 0xfa44, 0xfa44, 0xfa44, 0xfa44,
  0xfa44, 0xfa44, 0xfa44, 0xfa44, 0xfa44, 0xfa44, 0xfa44, 0xfa44,
  0xfa44, 0xfa44, 0xfa44, 0xfa44, 0xfa44, 0xfa44, 0xfa44, 0xfa44,
  0xfa44, 0xfa44, 0xfa44, 0xfa44, 0xfa44, 0xfa44, 0xfa44, 0xfa44,
  0xfa44, 0xfa44, 0xfa44, 0xfa44, 0xfa44, 0xfa44, 0xfa44, 0xfa44,
  0xfa44, 0xfa44, 0xfa44, 0xfa44, 0xfa44, 0xfa44, 0xfa44, 0xfa44,
  0xfa44, 0xfa44, 0xfa44, 0xfa44, 0xfa44, 0xfa44, 0xfa44, 0xfa44,
  0xfa44, 0xfa44, 0xfa44, 0xfa44, 0xfa44, 0xfa44, 0xfa44, 0xfa44,
  0xfa44, 0xfa44, 0xfa44, 0xfa44, 0xfa44, 0xfa44, 0xfa44, 0xfa44,
  0xfa44, 0xfa44, 0xfa44, 0xfa44, 0xfa44, 0xfa44, 0xfa44, 0xfa44,
  0xfa44, 0xfa44, 0xfa44, 0xfa44, 0xfa44, 0xfa44, 0xfa44, 0xfa44,
  0xfa44, 0xfa44, 0xfa44, 0xfa44, 0xfa44, 0xfa44, 0xfa44, 0xfa44,
  0xfa44, 0xfa44, 0xfa44, 0xfa44, 0xfa44, 0xfa44, 0xfa44, 0xfa44,
  0xfa44, 0xfa44, 0xfa44, 0xfa44, 0xfa44, 0xfa44, 0xfa44, 0xfa44,
  0xfa44, 0xfa44, 0xfa44, 0xfa44, 0xfa44, 0xfa44, 0xfa44, 0xfa44,
  0xfa44, 0xfa44, 0xfa44, 0xfa44, 0xfa44, 0xfa44, 0xfa44, 0xfa44,
  0xfa44, 0xfa44, 0xfa44, 0xfa44, 0xfa44, 0xfa44, 0xfa44, 0xfa44,
  0xfa44, 0xfa44, 0xfa44, 0xfa44, 0xfa44, 0xfa44, 0xfa44, 0xfa44,
  0xfa44, 0xfa44, 0xfa44, 0xfa44, 0xfa44, 0xfa44, 0xfa44, 0xfa44,
  0xfa44, 0xfa44, 0xfa44, 0xfa44, 0xfa44, 0xfa44, 0xfa44, 0xfa44,
  0xfa44, 0xfa44, 0xfa44, 0xfa44, 0xfa44, 0xfa44, 0xfa44, 0xfa44,
  0xfa44, 0xfa44, 0xfa44, 0xfa44, 0xfa44, 0xfa44, 0xfa44, 0xfa44,
  0xfa44, 0xfa44, 0xfa44, 0xfa44, 0xfa44, 0xfa44, 0xfa44, 0xfa44,
  0xfa44, 0xfa44, 0xfa44, 0xfa44, 0xfa44, 0xfa44, 0xfa44, 0xfa44,
  0xfa44, 0xfa44, 0xfa44, 0xfa44, 0xfa44, 0xfa44, 0xfa44, 0xfa44,
  0xfa44, 0xfa44, 0xfa44, 0xfa44, 0xfa44, 0xfa44, 0xfa44, 0xfa44,
  0xfa44, 0xfa44, 0xfa44, 0xfa44, 0xfa44, 0xfa44, 0xfa44, 0xfa44,
  0xfa44, 0xfa44, 0xfa44, 0xfa44, 0xfa44, 0xfa44, 0xfa44, 0xfa44,
  0xfa44, 0xfa44, 0xfa44, 0xfa44, 0xfa44, 0xfa44, 0xfa44, 0xfa44,
  0xfa44, 0xfa44, 0xfa44, 0xfa44, 0xfa44, 0xfa44, 0xfa44, 0xfa44,
  0xfa44, 0xfa44, 0xfa44, 0xfa44, 0xfa44, 0xfa44, 0xfa44, 0xfa44,
  0xfa44, 0xfa44, 0xfa44, 0xfa44, 0xfa44, 0xfa44, 0xfa44, 0xfa44,
  0xfa44, 0xfa44, 0xfa44, 0xfa44, 0xfa44, 0xfa44, 0xfa44, 0xfa44,
  0xfa44, 0xfa44, 0xfa44, 0xfa44, 0xfa44, 0xfa44, 0xfa44, 0xfa44,
  0xfa44, 0xfa44, 0xfa44, 0xfa44, 0xfa44, 0xfa44, 0xfa44, 0xfa44,
  0xfa44, 0xfa44, 0xfa44, 0xfa44, 0xfa44, 0xfa44, 0xfa44, 0xfa44,
  0xfa44, 0xfa44, 0xfa44, 0xfa44, 0xfa44, 0xfa44, 0xfa44, 0xfa44,
  0xfa44, 0xfa44, 0xfa44, 0xfa44, 0xfa44, 0xfa44, 0xfa44, 0xfa44,
  0xfa44, 0xfa44, 0xfa44, 0xfa44, 0xfa44, 0xfa44, 0xfa44, 0xfa44,
  0xfa44, 0xfa44, 0xfa44, 0xfa44, 0xfa44, 0xfa44, 0xfa44, 0xfa44,
  0xfa44, 0xfa44, 0xfa44, 0xfa44, 0xfa44, 0xfa44, 0xfa44, 0xfa44,
  0xfa44, 0xfa44, 0xfa44, 0xfa44, 0xfa44, 0xfa44, 0xfa44, 0xfa44,
  0xfa44, 0xfa44, 0xfa44, 0xfa44, 0xfa44, 0xfa44, 0xfa44, 0xfa44,
  0xfa44, 0xfa44, 0xfa44, 0xfa44, 0xfa44, 0xfa44, 0xfa44, 0xfa44,
  0xfa44, 0xfa44, 0xfa44, 0xfa44, 0xfa44, 0xfa44, 0xfa44, 0xfa44,
  0xfa44, 0xfa44, 0xfa44, 0xfa44, 0xfa44, 0xfa44, 0xfa44, 0xfa44,
  0xfa44, 0xfa44, 0xfa44, 0xfa44, 0xfa44, 0xfa44, 0xfa44, 0xfa44,
  0xfa44, 0xfa44, 0xfa44, 0xfa44, 0xfa44, 0xfa44, 0xfa44, 0xfa44,
  0xfa44, 0xfa44, 0xfa44, 0xfa44, 0xfa44, 0xfa44, 0xfa44, 0xfa44,
  0xfa44, 0xfa44, 0xfa44, 0xfa44, 0xfa44, 0xfa44, 0xfa44, 0xfa44,
  0xfa44, 0xfa44, 0xfa44, 0xfa44, 0xfa44, 0xfa44, 0xfa44, 0xfa44,
  0xfa44, 0xfa44, 0xfa44, 0xfa44, 0xfa44, 0xfa44, 0xfa44, 0xfa44,
  0xfa44, 0xfa44, 0xfa44, 0xfa44, 0xfa44, 0xfa44, 0xfa44, 0xfa44,
  0xfa44, 0xfa44, 0xfa44, 0xfa44, 0xfa44, 0xfa44, 0xfa44, 0xfa44,
  0xfa44, 0xfa44, 0xfa44, 0xfa44, 0xfa44, 0xfa44, 0xfa44, 0xfa44,
  0xfa44, 0xfa44, 0xfa44, 0xfa44, 0xfa44, 0xfa44, 0xfa44, 0xfa44,
  0xfa44, 0xfa44, 0xfa44, 0xfa44, 0xfa44, 0xfa44, 0xfa44, 0xfa44,
  0xfa44, 0xfa44, 0xfa44, 0xfa44, 0xfa44, 0xfa44, 0xfa44, 0xfa44,
  0xfa44, 0xfa44, 0xfa44, 0xfa44, 0xfa44, 0xfa44, 0xfa44, 0xfa44,
  0xfa44, 0xfa44, 0xfa44, 0xfa44, 0xfa44, 0xfa44, 0xfa44, 0xfa44,
  0xfa44, 0xfa44, 0xfa44, 0xfa44, 0xfa44, 0xfa44, 0xfa44, 0xfa44,
  0xfa44, 0xfa44, 0xfa44, 0xfa44, 0xfa44, 0xfa44, 0xfa44, 0xfa44,
  0xfa44, 0xfa44, 0xfa44, 0xfa44, 0xfa44, 0xfa44, 0xfa44, 0xfa44,
  0xfa44, 0xfa44, 0xfa44, 0xfa44, 0xfa44, 0xfa44, 0xfa44, 0xfa44,
  0xfa44, 0xfa44, 0xfa44, 0xfa44, 0xfa44, 0xfa44, 0xfa44, 0xfa44,
  0xfa44, 0xfa44, 0xfa44, 0xfa44, 0xfa44, 0xfa44, 0xfa44, 0xfa44,
  0xfa44, 0xfa44, 0xfa44, 0xfa44, 0xfa44, 0xfa44, 0xfa44, 0xfa44,
  0xfa44, 0xfa44, 0xfa44, 0xfa44, 0xfa44, 0xfa44, 0xfa44, 0xfa44,
  0xfa44, 0xfa44, 0xfa44, 0xfa44, 0xfa44, 0xfa44, 0xfa44, 0xfa44,
  0xfa44, 0xfa44, 0xfa44, 0xfa44, 0xfa44, 0xfa44, 0xfa44, 0xfa44,
  0xfa44, 0xfa44, 0xfa44, 0xfa44, 0xfa44, 0xfa44, 0xfa44, 0xfa44,
  0xfa44, 0xfa44, 0xfa44, 0xfa44, 0xfa44, 0xfa44, 0xfa44, 0xfa44,
  0xfa44, 0xfa44, 0xfa44, 0xfa44, 0xfa44, 0xfa44, 0xfa44, 0xfa44,
  0xfa44, 0xfa44, 0xfa44, 0xfa44, 0xfa44, 0xfa44, 0xfa44, 0xfa44,
  0xfa44, 0xfa44, 0xfa44, 0xfa44, 0xfa44, 0xfa44, 0xfa44, 0xfa44,
  0xfa44, 0xfa44, 0xfa44, 0xfa44, 0xfa44, 0xfa44, 0xfa44, 0xfa44,
  0xfa44, 0xfa44, 0xfa44, 0xfa44, 0xfa44, 0xfa44, 0xfa44, 0xfa44,
  0xfa44, 0xfa44, 0xfa44, 0xfa44, 0xfa44, 0xfa44, 0xfa44, 0xfa44,
  0xfa44, 0xfa44, 0xfa44, 0xfa44, 0xfa44, 0xfa44, 0xfa44, 0xfa44,
  0xfa44, 0xfa44, 0xfa44, 0xfa44, 0xfa44, 0xfa44, 0xfa44, 0xfa44,
  0xfa44, 0xfa44, 0xfa44, 0xfa44, 0xfa44, 0xfa44, 0xfa44, 0xfa44,
  0xfa44, 0xfa44, 0xfa44, 0xfa44, 0xfa44, 0xfa44, 0xfa44, 0xfa44,
  0xfa44, 0xfa44, 0xfa44, 0xfa44, 0xfa44, 0xfa44, 0xfa44, 0xfa44,
  0xfa44, 0xfa44, 0xfa44, 0xfa44, 0xfa44, 0xfa44, 0xfa44, 0xfa44,
  0xfa44, 0xfa44, 0xfa44, 0xfa44, 0xfa44, 0xfa44, 0xfa44, 0xfa44,
  0xfa44, 0xfa44, 0xfa44, 0xfa44, 0xfa44, 0xfa44, 0xfa44, 0xfa44,
  0xfa44, 0xfa44, 0xfa44, 0xfa44, 0xfa44, 0xfa44, 0xfa44, 0xfa44,
  0xfa44, 0xfa44, 0xfa44, 0xfa44, 0xfa44, 0xfa44, 0xfa44, 0xfa44,
  0xfa44, 0xfa44, 0xfa44, 0xfa44, 0xfa44, 0xfa44, 0xfa44, 0xfa44,
  0xfa44, 0xfa44, 0xfa44, 0xfa44, 0xfa44, 0xfa44, 0xfa44, 0xfa44,
  0xfa44, 0xfa44, 0xfa44, 0xfa44, 0xfa44, 0xfa44, 0xfa44, 0xfa44,
  0xfa44, 0xfa44, 0xfa44, 0xfa44, 0xfa44, 0xfa44, 0xfa44, 0xfa44,
  0xfa44, 0xfa44, 0xfa44, 0xfa44, 0xfa44, 0xfa44, 0xfa44, 0xfa44,
  0xfa44, 0xfa44, 0xfa44, 0xfa44, 0xfa44, 0xfa44, 0xfa44, 0xfa44,
  0xfa44, 0xfa44, 0xfa44, 0xfa44, 0xfa44, 0xfa44, 0xfa44, 0xfa44,
  0xfa44, 0xfa44, 0xfa44, 0xfa44, 0xfa44, 0xfa44, 0xfa44, 0xfa44,
  0xfa44, 0xfa44, 0xfa44, 0xfa44, 0xfa44, 0xfa44, 0xfa44, 0xfa44,
  0xfa44, 0xfa44, 0xfa44, 0xfa44, 0xfa44, 0xfa44, 0xfa44, 0xfa44,
  0xfa44, 0xfa44, 0xfa44, 0xfa44, 0xfa44, 0xfa44, 0xfa44, 0xfa44,
  0xfa44, 0xfa44, 0xfa44, 0xfa44, 0xfa44, 0xfa44, 0xfa44, 0xfa44,
  0xfa44, 0xfa44, 0xfa44, 0xfa44, 0xfa44, 0xfa44, 0xfa44, 0xfa44,
  0xfa44, 0xfa44, 0xfa44, 0xfa44, 0xfa44, 0xfa44, 0xfa44, 0xfa44,
  0xfa44, 0xfa44, 0xfa44, 0xfa44, 0xfa44, 0xfa44, 0xfa44, 0xfa44,
  0xfa44, 0xfa44, 0xfa44, 0xfa44, 0xfa44, 0xfa44, 0xfa44, 0xfa44,
  0xfa44, 0xfa44, 0xfa44, 0xfa44, 0xfa44, 0xfa44, 0xfa44, 0xfa44,
  0xfa44, 0xfa44, 0xfa44, 0xfa44, 0xfa44, 0xfa44, 0xfa44, 0xfa44,
  0xfa44, 0xfa44, 0xfa44, 0xfa44, 0xfa44, 0xfa44, 0xfa44, 0xfa44,
  0xfa44, 0xfa44, 0xfa44, 0xfa44, 0xfa44, 0xfa44, 0xfa44, 0xfa44,
  0xfa44, 0xfa44, 0xfa44, 0xfa44, 0xfa44, 0xfa44, 0xfa44, 0xfa44,
  0xfa44, 0xfa44, 0xfa44, 0xfa44, 0xfa44, 0xfa44, 0xfa44, 0xfa44,
  0xfa44, 0xfa44, 0xfa44, 0xfa44, 0xfa44, 0xfa44, 0xfa44, 0xfa44,
  0xfa44, 0xfa44, 0xfa44, 0xfa44, 0xfa44, 0xfa44, 0xfa44, 0xfa44,
  0xfa44, 0xfa44, 0xfa44, 0xfa44, 0xfa44, 0xfa44, 0xfa44, 0xfa44,
  0xfa44, 0xfa44, 0xfa44, 0xfa44, 0xfa44, 0xfa44, 0xfa44, 0xfa44,
  0xfa44, 0xfa44, 0xfa44, 0xfa44, 0xfa44, 0xfa44, 0xfa44, 0xfa44,
  0xfa44, 0xfa44, 0xfa44, 0xfa44, 0xfa44, 0xfa44, 0xfa44, 0xfa44,
  0xfa44, 0xfa44, 0xfa44, 0xfa44, 0xfa44, 0xfa44, 0xfa44, 0xfa44,
  0xfa44, 0xfa44, 0xfa44, 0xfa44, 0xfa44, 0xfa44, 0xfa44, 0xfa44,
  0xfa44, 0xfa44, 0xfa44, 0xfa44, 0xfa44, 0xfa44, 0xfa44, 0xfa44,
  0xfa44, 0xfa44, 0xfa44, 0xfa44, 0xfa44, 0xfa44, 0xfa44, 0xfa44,
  0xfa44, 0xfa44, 0xfa44, 0xfa44, 0xfa44, 0xfa44, 0xfa44, 0xfa44,
  0xfa44, 0xfa44, 0xfa44, 0xfa44, 0xfa44, 0xfa44, 0xfa44, 0xfa44,
  0xfa44, 0xfa44, 0xfa44, 0xfa44, 0xfa44, 0xfa44, 0xfa44, 0xfa44,
  0xfa44, 0xfa44, 0xfa44, 0xfa44, 0xfa44, 0xfa44, 0xfa44, 0xfa44,
  0xfa44, 0xfa44, 0xfa44, 0xfa44, 0xfa44, 0xfa44, 0xfa44, 0xfa44,
  0xfa44, 0xfa44, 0xfa44, 0xfa44, 0xfa44, 0xfa44, 0xfa44, 0xfa44,
  0xfa44, 0xfa44, 0xfa44, 0xfa44, 0xfa44, 0xfa44, 0xfa44, 0xfa44,
  0xfa44, 0xfa44, 0xfa44, 0xfa44, 0xfa44, 0xfa44, 0xfa44, 0xfa44,
  0xfa44, 0xfa44, 0xfa44, 0xfa44, 0xfa44, 0xfa44, 0xfa44, 0xfa44,
  0xfa44, 0xfa44, 0xfa44, 0xfa44, 0xfa44, 0xfa44, 0xfa44, 0xfa44,
  0xfa44, 0xfa44, 0xfa44, 0xfa44, 0xfa44, 0xfa44, 0xfa44, 0xfa44,
  0xfa44, 0xfa44, 0xfa44, 0xfa44, 0xfa44, 0xfa44, 0xfa44, 0xfa44,
  0xfa44, 0xfa44, 0xfa44, 0xfa44, 0xfa44, 0xfa44, 0xfa44, 0xfa44,
  0xfa44, 0xfa44, 0xfa44, 0xfa44, 0xfa44, 0xfa44, 0xfa44, 0xfa44,
  0xfa44, 0xfa44, 0xfa44, 0xfa44, 0xfa44, 0xfa44, 0xfa44, 0xfa44,
  0xfa44, 0xfa44, 0xfa44, 0xfa44, 0xfa44, 0xfa44, 0xfa44, 0xfa44,
  0xfa44, 0xfa44, 0xfa44, 0xfa44, 0xfa44, 0xfa44, 0xfa44, 0xfa44,
  0xfa44, 0xfa44, 0xfa44, 0xfa44, 0xfa44, 0xfa44, 0xfa44, 0xfa44,
  0xfa44, 0xfa44, 0xfa44, 0xfa44, 0xfa44, 0xfa44, 0xfa44, 0xfa44,
  0xfa44, 0xfa44, 0xfa44, 0xfa44, 0xfa44, 0xfa44, 0xfa44, 0xfa44,
  0xfa44, 0xfa44, 0xfa44, 0xfa44, 0xfa44, 0xfa44, 0xfa44, 0xfa44,
  0xfa44, 0xfa44, 0xfa44, 0xfa44, 0xfa44, 0xfa44, 0xfa44, 0xfa44,
  0xfa44, 0xfa44, 0xfa44, 0xfa44, 0xfa44, 0xfa44, 0xfa44, 0xfa44,
  0xfa44, 0xfa44, 0xfa44, 0xfa44, 0xfa44, 0xfa44, 0xfa44, 0xfa44,
  0xfa44, 0xfa44, 0xfa44, 0xfa44, 0xfa44, 0xfa44, 0xfa44, 0xfa44,
  0xfa44, 0xfa44, 0xfa44, 0xfa44, 0xfa44, 0xfa44, 0xfa44, 0xfa44,
  0xfa44, 0xfa44, 0xfa44, 0xfa44, 0xfa44, 0xfa44, 0xfa44, 0xfa44,
  0xfa44, 0xfa44, 0xfa44, 0xfa44, 0xfa44, 0xfa44, 0xfa44, 0xfa44,
  0xfa44, 0xfa44, 0xfa44, 0xfa44, 0xfa44, 0xfa44, 0xfa44, 0xfa44,
  0xfa44, 0xfa44, 0xfa44, 0xfa44, 0xfa44, 0xfa44, 0xfa44, 0xfa44,
  0xfa44, 0xfa44, 0xfa44, 0xfa44, 0xfa44, 0xfa44, 0xfa44, 0xfa44,
  0xfa44, 0xfa44, 0xfa44, 0xfa44, 0xfa44, 0xfa44, 0xfa44, 0xfa44,
  0xfa44, 0xfa44, 0xfa44, 0xfa44, 0xfa44, 0xfa44, 0xfa44, 0xfa44,
  0xfa44, 0xfa44, 0xfa44, 0xfa44, 0xfa44, 0xfa44, 0xfa44, 0xfa44,
  0xfa44, 0xfa44, 0xfa44, 0xfa44, 0xfa44, 0xfa44, 0xfa44, 0xfa44,
  0xfa44, 0xfa44, 0xfa44, 0xfa44, 0xfa44, 0xfa44, 0xfa44, 0xfa44,
  0xfa44, 0xfa44, 0xfa44, 0xfa44, 0xfa44, 0xfa44, 0xfa44, 0xfa44,
  0xfa44, 0xfa44, 0xfa44, 0xfa44, 0xfa44, 0xfa44, 0xfa44, 0xfa44,
  0xfa44, 0xfa44, 0xfa44, 0xfa44, 0xfa44, 0xfa44, 0xfa44, 0xfa44,
  0xfa44, 0xfa44, 0xfa44, 0xfa44, 0xfa44, 0xfa44, 0xfa44, 0xfa44,
  0xfa44, 0xfa44, 0xfa44, 0xfa44, 0xfa44, 0xfa44, 0xfa44, 0xfa44,
  0xfa44, 0xfa44, 0xfa44, 0xfa44, 0xfa44, 0xfa44, 0xfa44, 0xfa44,
  0xfa44, 0xfa44, 0xfa44, 0xfa44, 0xfa44, 0xfa44, 0xfa44, 0xfa44,
  0xfa44, 0xfa44, 0xfa44, 0xfa44, 0xfa44, 0xfa44, 0xfa44, 0xfa44,
  0xfa44, 0xfa44, 0xfa44, 0xfa44, 0xfa44, 0xfa44, 0xfa44, 0xfa44,
  0xfa44, 0xfa44, 0xfa44, 0xfa44, 0xfa44, 0xfa44, 0xfa44, 0xfa44,
  0xfa44, 0xfa44, 0xfa44, 0xfa44, 0xfa44, 0xfa44, 0xfa44, 0xfa44,
  0xfa44, 0xfa44, 0xfa44, 0xfa44, 0xfa44, 0xfa44, 0xfa44, 0xfa44,
  0xfa44, 0xfa44, 0xfa44, 0xfa44, 0xfa44, 0xfa44, 0xfa44, 0xfa44,
  0xfa44, 0xfa44, 0xfa44, 0xfa44, 0xfa44, 0xfa44, 0xfa44, 0xfa44,
  0xfa44, 0xfa44, 0xfa44, 0xfa44, 0xfa44, 0xfa44, 0xfa44, 0xfa44,
  0xfa44, 0xfa44, 0xfa44, 0xfa44, 0xfa44, 0xfa44, 0xfa44, 0xfa44,
  0xfa44, 0xfa44, 0xfa44, 0xfa44, 0xfa44, 0xfa44, 0xfa44, 0xfa44,
  0xfa44, 0xfa44, 0xfa44, 0xfa44, 0xfa44, 0xfa44, 0xfa44, 0xfa44,
  0xfa44, 0xfa44, 0xfa44, 0xfa44, 0xfa44, 0xfa44, 0xfa44, 0xfa44,
  0xfa44, 0xfa44, 0xfa44, 0xfa44, 0xfa44, 0xfa44, 0xfa44, 0xfa44,
  0xfa44, 0xfa44, 0xfa44, 0xfa44, 0xfa44, 0xfa44, 0xfa44, 0xfa44,
  0xfa44, 0xfa44, 0xfa44, 0xfa44, 0xfa44, 0xfa44, 0xfa44, 0xfa44,
  0xfa44, 0xfa44, 0xfa44, 0xfa44, 0xfa44, 0xfa44, 0xfa44, 0xfa44,
  0xfa44, 0xfa44, 0xfa44, 0xfa44, 0xfa44, 0xfa44, 0xfa44, 0xfa44,
  0xfa44, 0xfa44, 0xfa44, 0xfa44, 0xfa44, 0xfa44, 0xfa44, 0xfa44,
  0xfa44, 0xfa44, 0xfa44, 0xfa44, 0xfa44, 0xfa44, 0xfa44, 0xfa44,
  0xfa44, 0xfa44, 0xfa44, 0xfa44, 0xfa44, 0xfa44, 0xfa44, 0xfa44,
  0xfa44, 0xfa44, 0xfa44, 0xfa44, 0xfa44, 0xfa44, 0xfa44, 0xfa44,
  0xfa44, 0xfa44, 0xfa44, 0xfa44, 0xfa44, 0xfa44, 0xfa44, 0xfa44,
  0xfa44, 0xfa44, 0xfa44, 0xfa44, 0xfa44, 0xfa44, 0xfa44, 0xfa44,
  0xfa44, 0xfa44, 0xfa44, 0xfa44, 0xfa44, 0xfa44, 0xfa44, 0xfa44,
  0xfa44, 0xfa44, 0xfa44, 0xfa44, 0xfa44, 0xfa44, 0xfa44, 0xfa44,
  0xfa44, 0xfa44, 0xfa44, 0xfa44, 0xfa44, 0xfa44, 0xfa44, 0xfa44,
  0xfa44, 0xfa44, 0xfa44, 0xfa44, 0xfa44, 0xfa44, 0xfa44, 0xfa44,
  0xfa44, 0xfa44, 0xfa44, 0xfa44, 0xfa44, 0xfa44, 0xfa44, 0xfa44,
  0xfa44, 0xfa44, 0xfa44, 0xfa44, 0xfa44, 0xfa44, 0xfa44, 0xfa44,
  0xfa44, 0xfa44, 0xfa44, 0xfa44, 0xfa44, 0xfa44, 0xfa44, 0xfa44,
  0xfa44, 0xfa44, 0xfa44, 0xfa44, 0xfa44, 0xfa44, 0xfa44, 0xfa44,
  0xfa44, 0xfa44, 0xfa44, 0xfa44, 0xfa44, 0xfa44, 0xfa44, 0xfa44,
  0xfa44, 0xfa44, 0xfa44, 0xfa44, 0xfa44, 0xfa44, 0xfa44, 0xfa44,
  0xfa44, 0xfa44, 0xfa44, 0xfa44, 0xfa44, 0xfa44, 0xfa44, 0xfa44,
  0xfa44, 0xfa44, 0xfa44, 0xfa44, 0xfa44, 0xfa44, 0xfa44, 0xfa44,
  0xfa44, 0xfa44, 0xfa44, 0xfa44, 0xfa44, 0xfa44, 0xfa44, 0xfa44,
  0xfa44, 0xfa44, 0xfa44, 0xfa44, 0xfa44, 0xfa44, 0xfa44, 0xfa44,
  0xfa44, 0xfa44, 0xfa44, 0xfa44, 0xfa44, 0xfa44, 0xfa44, 0xfa44,
  0xfa44, 0xfa44, 0xfa44, 0xfa44, 0xfa44, 0xfa44, 0xfa44, 0xfa44,
  0xfa44, 0xfa44, 0xfa44, 0xfa44, 0xfa44, 0xfa44, 0xfa44, 0xfa44,
  0xfa44, 0xfa44, 0xfa44, 0xfa44, 0xfa44, 0xfa44, 0xfa44, 0xfa44,
  0xfa44, 0xfa44, 0xfa44, 0xfa44, 0xfa44, 0xfa44, 0xfa44, 0xfa44,
  0xfa44, 0xfa44, 0xfa44, 0xfa44, 0xfa44, 0xfa44, 0xfa44, 0xfa44,
  0xfa44, 0xfa44, 0xfa44, 0xfa44, 0xfa44, 0xfa44, 0xfa44, 0xfa44,
  0xfa44, 0xfa44, 0xfa44, 0xfa44, 0xfa44, 0xfa44, 0xfa44, 0xfa44,
  0xfa44, 0xfa44, 0xfa44, 0xfa44, 0xfa44, 0xfa44, 0xfa44, 0xfa44,
  0xfa44, 0xfa44, 0xfa44, 0xfa44, 0xfa44, 0xfa44, 0xfa44, 0xfa44,
  0xfa44, 0xfa44, 0xfa44, 0xfa44, 0xfa44, 0xfa44, 0xfa44, 0xfa44,
  0xfa44, 0xfa44, 0xfa44, 0xfa44, 0xfa44, 0xfa44, 0xfa44, 0xfa44,
  0xfa44, 0xfa44, 0xfa44, 0xfa44, 0xfa44, 0xfa44, 0xfa44, 0xfa44,
  0xfa44, 0xfa44, 0xfa44, 0xfa44, 0xfa44, 0xfa44, 0xfa44, 0xfa44,
  0xfa44, 0xfa44, 0xfa44, 0xfa44, 0xfa44, 0xfa44, 0xfa44, 0xfa44,
  0xfa44, 0xfa44, 0xfa44, 0xfa44, 0xfa44, 0xfa44, 0xfa44, 0xfa44,
  0xfa44, 0xfa44, 0xfa44, 0xfa44, 0xfa44, 0xfa44, 0xfa44, 0xfa44,
  0xfa44, 0xfa44, 0xfa44, 0xfa44, 0xfa44, 0xfa44, 0xfa44, 0xfa44,
  0xfa44, 0xfa44, 0xfa44, 0xfa44, 0xfa44, 0xfa44, 0xfa44, 0xfa44,
  0xfa44, 0xfa44, 0xfa44, 0xfa44, 0xfa44, 0xfa44, 0xfa44, 0xfa44,
  0xfa44, 0xfa44, 0xfa44, 0xfa44, 0xfa44, 0xfa44, 0xfa44, 0xfa44,
  0xfa44, 0xfa44, 0xfa44, 0xfa44, 0xfa44, 0xfa44, 0xfa44, 0xfa44,
  0xfa44, 0xfa44, 0xfa44, 0xfa44, 0xfa44, 0xfa44, 0xfa44, 0xfa44,
  0xfa44, 0xfa44, 0xfa44, 0xfa44, 0xfa44, 0xfa44, 0xfa44, 0xfa44,
  0xfa44, 0xfa44, 0xfa44, 0xfa44, 0xfa44, 0xfa44, 0xfa44, 0xfa44,
  0xfa44, 0xfa44, 0xfa44, 0xfa44, 0xfa44, 0xfa44, 0xfa44, 0xfa44,
  0xfa44, 0xfa44, 0xfa44, 0xfa44, 0xfa44, 0xfa44, 0xfa44, 0xfa44,
  0xfa44, 0xfa44, 0xfa44, 0xfa44, 0xfa44, 0xfa44, 0xfa44, 0xfa44,
  0xfa44, 0xfa44, 0xfa44, 0xfa44, 0xfa44, 0xfa44, 0xfa44, 0xfa44,
  0xfa44, 0xfa44, 0xfa44, 0xfa44, 0xfa44, 0xfa44, 0xfa44, 0xfa44,
  0xfa44, 0xfa44, 0xfa44, 0xfa44, 0xfa44, 0xfa44, 0xfa44, 0xfa44,
  0xfa44, 0xfa44, 0xfa44, 0xfa44, 0xfa44, 0xfa44, 0xfa44, 0xfa44,
  0xfa44, 0xfa44, 0xfa44, 0xfa44, 0xfa44, 0xfa44, 0xfa44, 0xfa44,
  0xfa44, 0xfa44, 0xfa44, 0xfa44, 0xfa44, 0xfa44, 0xfa44, 0xfa44,
  0xfa44, 0xfa44, 0xfa44, 0xfa44, 0xfa44, 0xfa44, 0xfa44, 0xfa44,
  0xfa44, 0xfa44, 0xfa44, 0xfa44, 0xfa44, 0xfa44, 0xfa44, 0xfa44,
  0xfa44, 0xfa44, 0xfa44, 0xfa44, 0xfa44, 0xfa44, 0xfa44, 0xfa44,
  0xfa44, 0xfa44, 0xfa44, 0xfa44, 0xfa44, 0xfa44, 0xfa44, 0xfa44,
  0xfa44, 0xfa44, 0xfa44, 0xfa44, 0xfa44, 0xfa44, 0xfa44, 0xfa44,
  0xfa44, 0xfa44, 0xfa44, 0xfa44, 0xfa44, 0xfa44, 0xfa44, 0xfa44,
  0xfa44, 0xfa44, 0xfa44, 0xfa44, 0xfa44, 0xfa44, 0xfa44, 0xfa44,
  0xfa44, 0xfa44, 0xfa44, 0xfa44, 0xfa44, 0xfa44, 0xfa44, 0xfa44,
  0xfa44, 0xfa44, 0xfa44, 0xfa44, 0xfa44, 0xfa44, 0xfa44, 0xfa44,
  0xfa44, 0xfa44, 0xfa44, 0xfa44, 0xfa44, 0xfa44, 0xfa44, 0xfa44,
  0xfa44, 0xfa44, 0xfa44, 0xfa44, 0xfa44, 0xfa44, 0xfa44, 0xfa44,
  0xfa44, 0xfa44, 0xfa44, 0xfa44, 0xfa44, 0xfa44, 0xfa44, 0xfa44,
  0xfa44, 0xfa44, 0xfa44, 0xfa44, 0xfa44, 0xfa44, 0xfa44, 0xfa44,
  0xfa44, 0xfa44, 0xfa44, 0xfa44, 0xfa44, 0xfa44, 0xfa44, 0xfa44,
  0xfa44, 0xfa44, 0xfa44, 0xfa44, 0xfa44, 0xfa44, 0xfa44, 0xfa44,
  0xfa44, 0xfa44, 0xfa44, 0xfa44, 0xfa44, 0xfa44, 0xfa44, 0xfa44,
  0xfa44, 0xfa44, 0xfa44, 0xfa44, 0xfa44, 0xfa44, 0xfa44, 0xfa44,
  0xfa44, 0xfa44, 0xfa44, 0xfa44, 0xfa44, 0xfa44, 0xfa44, 0xfa44,
  0xfa44, 0xfa44, 0xfa44, 0xfa44, 0xfa44, 0xfa44, 0xfa44, 0xfa44,
  0xfa44, 0xfa44, 0xfa44, 0xfa44, 0xfa44, 0xfa44, 0xfa44, 0xfa44,
  0xfa44, 0xfa44, 0xfa44, 0xfa44, 0xfa44, 0xfa44, 0xfa44, 0xfa44,
  0xfa44, 0xfa44, 0xfa44, 0xfa44, 0xfa44, 0xfa44, 0xfa44, 0xfa44,
  0xfa44, 0xfa44, 0xfa44, 0xfa44, 0xfa44, 0xfa44, 0xfa44, 0xfa44,
  0xfa44, 0xfa44, 0xfa44, 0xfa44, 0xfa44, 0xfa44, 0xfa44, 0xfa44,
  0xfa44, 0xfa44, 0xfa44, 0xfa44, 0xfa44, 0xfa44, 0xfa44, 0xfa44,
  0xfa44, 0xfa44, 0xfa44, 0xfa44, 0xfa44, 0xfa44, 0xfa44, 0xfa44,
  0xfa44, 0xfa44, 0xfa44, 0xfa44, 0xfa44, 0xfa44, 0xfa44, 0xfa44,
  0xfa44, 0xfa44, 0xfa44, 0xfa44, 0xfa44, 0xfa44, 0xfa44, 0xfa44,
  0xfa44, 0xfa44, 0xfa44, 0xfa44, 0xfa44, 0xfa44, 0xfa44, 0xfa44,
  0xfa44, 0xfa44, 0xfa44, 0xfa44, 0xfa44, 0xfa44, 0xfa44, 0xfa44,
  0xfa44, 0xfa44, 0xfa44, 0xfa44, 0xfa44, 0xfa44, 0xfa44, 0xfa44,
  0xfa44, 0xfa44, 0xfa44, 0xfa44, 0xfa44, 0xfa44, 0xfa44, 0xfa44,
  0xfa44, 0xfa44, 0xfa44, 0xfa44, 0xfa44, 0xfa44, 0xfa44, 0xfa44,
  0xfa44, 0xfa44, 0xfa44, 0xfa44, 0xfa44, 0xfa44, 0xfa44, 0xfa44,
  0xfa44, 0xfa44, 0xfa44, 0xfa44, 0xfa44, 0xfa44, 0xfa44, 0xfa44,
  0xfa44, 0xfa44, 0xfa44, 0xfa44, 0xfa44, 0xfa44, 0xfa44, 0xfa44,
  0xfa44, 0xfa44, 0xfa44, 0xfa44, 0xfa44, 0xfa44, 0xfa44, 0xfa44,
  0xfa44, 0xfa44, 0xfa44, 0xfa44, 0xfa44, 0xfa44, 0xfa44, 0xfa44,
  0xfa44, 0xfa44, 0xfa44, 0xfa44, 0xfa44, 0xfa44, 0xfa44, 0xfa44,
  0xfa44, 0xfa44, 0xfa44, 0xfa44, 0xfa44, 0xfa44, 0xfa44, 0xfa44,
  0xfa44, 0xfa44, 0xfa44, 0xfa44, 0xfa44, 0xfa44, 0xfa44, 0xfa44,
  0xfa44, 0xfa44, 0xfa44, 0xfa44, 0xfa44, 0xfa44, 0xfa44, 0xfa44,
  0xfa44, 0xfa44, 0xfa44, 0xfa44, 0xfa44, 0xfa44, 0xfa44, 0xfa44,
  0xfa44, 0xfa44, 0xfa44, 0xfa44, 0xfa44, 0xfa44, 0xfa44, 0xfa44,
  0xfa44, 0xfa44, 0xfa44, 0xfa44, 0xfa44, 0xfa44, 0xfa44, 0xfa44,
  0xfa44, 0xfa44, 0xfa44, 0xfa44, 0xfa44, 0xfa44, 0xfa44, 0xfa44,
  0xfa44, 0xfa44, 0xfa44, 0xfa44, 0xfa44, 0xfa44, 0xfa44, 0xfa44,
  0xfa44, 0xfa44, 0xfa44, 0xfa44, 0xfa44, 0xfa44, 0xfa44, 0xfa44,
  0xfa44, 0xfa44, 0xfa44, 0xfa44, 0xfa44, 0xfa44, 0xfa44, 0xfa44,
  0xfa44, 0xfa44, 0xfa44, 0xfa44, 0xfa44, 0xfa44, 0xfa44, 0xfa44,
  0xfa44, 0xfa44, 0xfa44, 0xfa44, 0xfa44, 0xfa44, 0xfa44, 0xfa44,
  0xfa44, 0xfa44, 0xfa44, 0xfa44, 0xfa44, 0xfa44, 0xfa44, 0xfa44,
  0xfa44, 0xfa44, 0xfa44, 0xfa44, 0xfa44, 0xfa44, 0xfa44, 0xfa44,
  0xfa44, 0xfa44, 0xfa44, 0xfa44, 0xfa44, 0xfa44, 0xfa44, 0xfa44,
  0xfa44, 0xfa44, 0xfa44, 0xfa44, 0xfa44, 0xfa44, 0xfa44, 0xfa44,
  0xfa44, 0xfa44, 0xfa44, 0xfa44, 0xfa44, 0xfa44, 0xfa44, 0xfa44,
  0xfa44, 0xfa44, 0xfa44, 0xfa44, 0xfa44, 0xfa44, 0xfa44, 0xfa44,
  0xfa44, 0xfa44, 0xfa44, 0xfa44, 0xfa44, 0xfa44, 0xfa44, 0xfa44,
  0xfa44, 0xfa44, 0xfa44, 0xfa44, 0xfa44, 0xfa44, 0xfa44, 0xfa44,
  0xfa44, 0xfa44, 0xfa44, 0xfa44, 0xfa44, 0xfa44, 0xfa44, 0xfa44,
  0xfa44, 0xfa44, 0xfa44, 0xfa44, 0xfa44, 0xfa44, 0xfa44, 0xfa44,
  0xfa44, 0xfa44, 0xfa44, 0xfa44, 0xfa44, 0xfa44, 0xfa44, 0xfa44,
  0xfa44, 0xfa44, 0xfa44, 0xfa44, 0xfa44, 0xfa44, 0xfa44, 0xfa44,
  0xfa44, 0xfa44, 0xfa44, 0xfa44, 0xfa44, 0xfa44, 0xfa44, 0xfa44,
  0xfa44, 0xfa44, 0xfa44, 0xfa44, 0xfa44, 0xfa44, 0xfa44, 0xfa44,
  0xfa44, 0xfa44, 0xfa44, 0xfa44, 0xfa44, 0xfa44, 0xfa44, 0xfa44,
  0xfa44, 0xfa44, 0xfa44, 0xfa44, 0xfa44, 0xfa44, 0xfa44, 0xfa44,
  0xfa44, 0xfa44, 0xfa44, 0xfa44, 0xfa44, 0xfa44, 0xfa44, 0xfa44,
  0xfa44, 0xfa44, 0xfa44, 0xfa44, 0xfa44, 0xfa44, 0xfa44, 0xfa44,
  0xfa44, 0xfa44, 0xfa44, 0xfa44, 0xfa44, 0xfa44, 0xfa44, 0xfa44,
  0xfa44, 0xfa44, 0xfa44, 0xfa44, 0xfa44, 0xfa44, 0xfa44, 0xfa44,
  0xfa44, 0xfa44, 0xfa44, 0xfa44, 0xfa44, 0xfa44, 0xfa44, 0xfa44,
  0xfa44, 0xfa44, 0xfa44, 0xfa44, 0xfa44, 0xfa44, 0xfa44, 0xfa44,
  0xfa44, 0xfa44, 0xfa44, 0xfa44, 0xfa44, 0xfa44, 0xfa44, 0xfa44,
  0xfa44, 0xfa44, 0xfa44, 0xfa44, 0xfa44, 0xfa44, 0xfa44, 0xfa44,
  0xfa44, 0xfa44, 0xfa44, 0xfa44, 0xfa44, 0xfa44, 0xfa44, 0xfa44,
  0xfa44, 0xfa44, 0xfa44, 0xfa44, 0xfa44, 0xfa44, 0xfa44, 0xfa44,
  0xfa44, 0xfa44, 0xfa44, 0xfa44, 0xfa44, 0xfa44, 0xfa44, 0xfa44,
  0xfa44, 0xfa44, 0xfa44, 0xfa44, 0xfa44, 0xfa44, 0xfa44, 0xfa44,
  0xfa44, 0xfa44, 0xfa44, 0xfa44, 0xfa44, 0xfa44, 0xfa44, 0xfa44,
  0xfa44, 0xfa44, 0xfa44, 0xfa44, 0xfa44, 0xfa44, 0xfa44, 0xfa44,
  0xfa44, 0xfa44, 0xfa44, 0xfa44, 0xfa44, 0xfa44, 0xfa44, 0xfa44,
  0xfa44, 0xfa44, 0xfa44, 0xfa44, 0xfa44, 0xfa44, 0xfa44, 0xfa44,
  0xfa44, 0xfa44, 0xfa44, 0xfa44, 0xfa44, 0xfa44, 0xfa44, 0xfa44,
  0xfa44, 0xfa44, 0xfa44, 0xfa44, 0xfa44, 0xfa44, 0xfa44, 0xfa44,
  0xfa44, 0xfa44, 0xfa44, 0xfa44, 0xfa44, 0xfa44, 0xfa44, 0xfa44,
  0xfa44, 0xfa44, 0xfa44, 0xfa44, 0xfa44, 0xfa44, 0xfa44, 0xfa44,
  0xfa44, 0xfa44, 0xfa44, 0xfa44, 0xfa44, 0xfa44, 0xfa44, 0xfa44,
  0xfa44, 0xfa44, 0xfa44, 0xfa44, 0xfa44, 0xfa44, 0xfa44, 0xfa44,
  0xfa44, 0xfa44, 0xfa44, 0xfa44, 0xfa44, 0xfa44, 0xfa44, 0xfa44,
  0xfa44, 0xfa44, 0xfa44, 0xfa44, 0xfa44, 0xfa44, 0xfa44, 0xfa44,
  0xfa44, 0xfa44, 0xfa44, 0xfa44, 0xfa44, 0xfa44, 0xfa44, 0xfa44,
  0xfa44, 0xfa44, 0xfa44, 0xfa44, 0xfa44, 0xfa44, 0xfa44, 0xfa44,
  0xfa44, 0xfa44, 0xfa44, 0xfa44, 0xfa44, 0xfa44, 0xfa44, 0xfa44,
  0xfa44, 0xfa44, 0xfa44, 0xfa44, 0xfa44, 0xfa44, 0xfa44, 0xfa44,
  0xfa44, 0xfa44, 0xfa44, 0xfa44, 0xfa44, 0xfa44, 0xfa44, 0xfa44,
  0xfa44, 0xfa44, 0xfa44, 0xfa44, 0xfa44, 0xfa44, 0xfa44, 0xfa44,
  0xfa44, 0xfa44, 0xfa44, 0xfa44, 0xfa44, 0xfa44, 0xfa44, 0xfa44,
  0xfa44, 0xfa44, 0xfa44, 0xfa44, 0xfa44, 0xfa44, 0xfa44, 0xfa44,
  0xfa44, 0xfa44, 0xfa44, 0xfa44, 0xfa44, 0xfa44, 0xfa44, 0xfa44,
  0xfa44, 0xfa44, 0xfa44, 0xfa44, 0xfa44, 0xfa44, 0xfa44, 0xfa44,
  0xfa44, 0xfa44, 0xfa44, 0xfa44, 0xfa44, 0xfa44, 0xfa44, 0xfa44,
  0xfa44, 0xfa44, 0xfa44, 0xfa44, 0xfa44, 0xfa44, 0xfa44, 0xfa44,
  0xfa44, 0xfa44, 0xfa44, 0xfa44, 0xfa44, 0xfa44, 0xfa44, 0xfa44,
  0xfa44, 0xfa44, 0xfa44, 0xfa44, 0xfa44, 0xfa44, 0xfa44, 0xfa44,
  0xfa44, 0xfa44, 0xfa44, 0xfa44, 0xfa44, 0xfa44, 0xfa44, 0xfa44,
  0xfa44, 0xfa44, 0xfa44, 0xfa44, 0xfa44, 0xfa44, 0xfa44, 0xfa44,
  0xfa44, 0xfa44, 0xfa44, 0xfa44, 0xfa44, 0xfa44, 0xfa44, 0xfa44,
  0xfa44, 0xfa44, 0xfa44, 0xfa44, 0xfa44, 0xfa44, 0xfa44, 0xfa44,
  0xfa44, 0xfa44, 0xfa44, 0xfa44, 0xfa44, 0xfa44, 0xfa44, 0xfa44,
  0xfa44, 0xfa44, 0xfa44, 0xfa44, 0xfa44, 0xfa44, 0xfa44, 0xfa44,
  0xfa44, 0xfa44, 0xfa44, 0xfa44, 0xfa44, 0xfa44, 0xfa44, 0xfa44,
  0xfa44, 0xfa44, 0xfa44, 0xfa44, 0xfa44, 0xfa44, 0xfa44, 0xfa44,
  0xfa44, 0xfa44, 0xfa44, 0xfa44, 0xfa44, 0xfa44, 0xfa44, 0xfa44,
  0xfa44, 0xfa44, 0xfa44, 0xfa44, 0xfa44, 0xfa44, 0xfa44, 0xfa44,
  0xfa44, 0xfa44, 0xfa44, 0xfa44, 0xfa44, 0xfa44, 0xfa44, 0xfa44,
  0xfa44, 0xfa44, 0xfa44, 0xfa44, 0xfa44, 0xfa44, 0xfa44, 0xfa44,
  0xfa44, 0xfa44, 0xfa44, 0xfa44, 0xfa44, 0xfa44, 0xfa44, 0xfa44,
  0xfa44, 0xfa44, 0xfa44, 0xfa44, 0xfa44, 0xfa44, 0xfa44, 0xfa44,
  0xfa44, 0xfa44, 0xfa44, 0xfa44, 0xfa44, 0xfa44, 0xfa44, 0xfa44,
  0xfa44, 0xfa44, 0xfa44, 0xfa44, 0xfa44, 0xfa44, 0xfa44, 0xfa44,
  0xfa44, 0xfa44, 0xfa44, 0xfa44, 0xfa44, 0xfa44, 0xfa44, 0xfa44,
  0xfa44, 0xfa44, 0xfa44, 0xfa44, 0xfa44, 0xfa44, 0xfa44, 0xfa44,
  0xfa44, 0xfa44, 0xfa44, 0xfa44, 0xfa44, 0xfa44, 0xfa44, 0xfa44,
  0xfa44, 0xfa44, 0xfa44, 0xfa44, 0xfa44, 0xfa44, 0xfa44, 0xfa44,
  0xfa44, 0xfa44, 0xfa44, 0xfa44, 0xfa44, 0xfa44, 0xfa44, 0xfa44,
  0xfa44, 0xfa44, 0xfa44, 0xfa44, 0xfa44, 0xfa44, 0xfa44, 0xfa44,
  0xfa44, 0xfa44, 0xfa44, 0xfa44, 0xfa44, 0xfa44, 0xfa44, 0xfa44,
  0xfa44, 0xfa44, 0xfa44, 0xfa44, 0xfa44, 0xfa44, 0xfa44, 0xfa44,
  0xfa44, 0xfa44, 0xfa44, 0xfa44, 0xfa44, 0xfa44, 0xfa44, 0xfa44,
  0xfa44, 0xfa44, 0xfa44, 0xfa44, 0xfa44, 0xfa44, 0xfa44, 0xfa44,
  0xfa44, 0xfa44, 0xfa44, 0xfa44, 0xfa44, 0xfa44, 0xfa44, 0xfa44,
  0xfa44, 0xfa44, 0xfa44, 0xfa44, 0xfa44, 0xfa44, 0xfa44, 0xfa44,
  0xfa44, 0xfa44, 0xfa44, 0xfa44, 0xfa44, 0xfa44, 0xfa44, 0xfa44,
  0xfa44, 0xfa44, 0xfa44, 0xfa44, 0xfa44, 0xfa44, 0xfa44, 0xfa44,
  0xfa44, 0xfa44, 0xfa44, 0xfa44, 0xfa44, 0xfa44, 0xfa44, 0xfa44,
  0xfa44, 0xfa44, 0xfa44, 0xfa44, 0xfa44, 0xfa44, 0xfa44, 0xfa44,
  0xfa44, 0xfa44, 0xfa44, 0xfa44, 0xfa44, 0xfa44, 0xfa44, 0xfa44,
  0xfa44, 0xfa44, 0xfa44, 0xfa44, 0xfa44, 0xfa44, 0xfa44, 0xfa44,
  0xfa44, 0xfa44, 0xfa44, 0xfa44, 0xfa44, 0xfa44, 0xfa44, 0xfa44,
  0xfa44, 0xfa44, 0xfa44, 0xfa44, 0xfa44, 0xfa44, 0xfa44, 0xfa44,
  0xfa44, 0xfa44, 0xfa44, 0xfa44, 0xfa44, 0xfa44, 0xfa44, 0xfa44,
  0xfa44, 0xfa44, 0xfa44, 0xfa44, 0xfa44, 0xfa44, 0xfa44, 0xfa44,
  0xfa44, 0xfa44, 0xfa44, 0xfa44, 0xfa44, 0xfa44, 0xfa44, 0xfa44,
  0xfa44, 0xfa44, 0xfa44, 0xfa44, 0xfa44, 0xfa44, 0xfa44, 0xfa44,
  0xfa44, 0xfa44, 0xfa44, 0xfa44, 0xfa44, 0xfa44, 0xfa44, 0xfa44,
  0xfa44, 0xfa44, 0xfa44, 0xfa44, 0xfa44, 0xfa44, 0xfa44, 0xfa44,
  0xfa44, 0xfa44, 0xfa44, 0xfa44, 0xfa44, 0xfa44, 0xfa44, 0xfa44,
  0xfa44, 0xfa44, 0xfa44, 0xfa44, 0xfa44, 0xfa44, 0xfa44, 0xfa44,
  0xfa44, 0xfa44, 0xfa44, 0xfa44, 0xfa44, 0xfa44, 0xfa44, 0xfa44,
  0xfa44, 0xfa44, 0xfa44, 0xfa44, 0xfa44, 0xfa44, 0xfa44, 0xfa44,
  0xfa44, 0xfa44, 0xfa44, 0xfa44, 0xfa44, 0xfa44, 0xfa44, 0xfa44,
  0xfa44, 0xfa44, 0xfa44, 0xfa44, 0xfa44, 0xfa44, 0xfa44, 0xfa44,
  0xfa44, 0xfa44, 0xfa44, 0xfa44, 0xfa44, 0xfa44, 0xfa44, 0xfa44,
  0xfa44, 0xfa44, 0xfa44, 0xfa44, 0xfa44, 0xfa44, 0xfa44, 0xfa44,
  0xfa44, 0xfa44, 0xfa44, 0xfa44, 0xfa44, 0xfa44, 0xfa44, 0xfa44,
  0xfa44, 0xfa44, 0xfa44, 0xfa44, 0xfa44, 0xfa44, 0xfa44, 0xfa44,
  0xfa44, 0xfa44, 0xfa44, 0xfa44, 0xfa44, 0xfa44, 0xfa44, 0xfa44,
  0xfa44, 0xfa44, 0xfa44, 0xfa44, 0xfa44, 0xfa44, 0xfa44, 0xfa44,
  0xfa44, 0xfa44, 0xfa44, 0xfa44, 0xfa44, 0xfa44, 0xfa44, 0xfa44,
  0xfa44, 0xfa44, 0xfa44, 0xfa44, 0xfa44, 0xfa44, 0xfa44, 0xfa44,
  0xfa44, 0xfa44, 0xfa44, 0xfa44, 0xfa44, 0xfa44, 0xfa44, 0xfa44,
  0xfa44, 0xfa44, 0xfa44, 0xfa44, 0xfa44, 0xfa44, 0xfa44, 0xfa44,
  0xfa44, 0xfa44, 0xfa44, 0xfa44, 0xfa44, 0xfa44, 0xfa44, 0xfa44,
  0xfa44, 0xfa44, 0xfa44, 0xfa44, 0xfa44, 0xfa44, 0xfa44, 0xfa44,
  0xfa44, 0xfa44, 0xfa44, 0xfa44, 0xfa44, 0xfa44, 0xfa44, 0xfa44,
  0xfa44, 0xfa44, 0xfa44, 0xfa44, 0xfa44, 0xfa44, 0xfa44, 0xfa44,
  0xfa44, 0xfa44, 0xfa44, 0xfa44, 0xfa44, 0xfa44, 0xfa44, 0xfa44,
  0xfa44, 0xfa44, 0xfa44, 0xfa44, 0xfa44, 0xfa44, 0xfa44, 0xfa44,
  0xfa44, 0xfa44, 0xfa44, 0xfa44, 0xfa44, 0xfa44, 0xfa44, 0xfa44,
  0xfa44, 0xfa44, 0xfa44, 0xfa44, 0xfa44, 0xfa44, 0xfa44, 0xfa44,
  0xfa44, 0xfa44, 0xfa44, 0xfa44, 0xfa44, 0xfa44, 0xfa44, 0xfa44,
  0xfa44, 0xfa44, 0xfa44, 0xfa44, 0xfa44, 0xfa44, 0xfa44, 0xfa44,
  0xfa44, 0xfa44, 0xfa44, 0xfa44, 0xfa44, 0xfa44, 0xfa44, 0xfa44,
  0xfa44, 0xfa44, 0xfa44, 0xfa44, 0xfa44, 0xfa44, 0xfa44, 0xfa44,
  0xfa44, 0xfa44, 0xfa44, 0xfa44, 0xfa44, 0xfa44, 0xfa44, 0xfa44,
  0xfa44, 0xfa44, 0xfa44, 0xfa44, 0xfa44, 0xfa44, 0xfa44, 0xfa44,
  0xfa44, 0xfa44, 0xfa44, 0xfa44, 0xfa44, 0xfa44, 0xfa44, 0xfa44,
  0xfa44, 0xfa44, 0xfa44, 0xfa44, 0xfa44, 0xfa44, 0xfa44, 0xfa44,
  0xfa44, 0xfa44, 0xfa44, 0xfa44, 0xfa44, 0xfa44, 0xfa44, 0xfa44,
  0xfa44, 0xfa44, 0xfa44, 0xfa44, 0xfa44, 0xfa44, 0xfa44, 0xfa44,
  0xfa44, 0xfa44, 0xfa44, 0xfa44, 0xfa44, 0xfa44, 0xfa44, 0xfa44,
  0xfa44, 0xfa44, 0xfa44, 0xfa44, 0xfa44, 0xfa44, 0xfa44, 0xfa44,
  0xfa44, 0xfa44, 0xfa44, 0xfa44, 0xfa44, 0xfa44, 0xfa44, 0xfa44,
  0xfa44, 0xfa44, 0xfa44, 0xfa44, 0xfa44, 0xfa44, 0xfa44, 0xfa44,
  0xfa44, 0xfa44, 0xfa44, 0xfa44, 0xfa44, 0xfa44, 0xfa44, 0xfa44,
  0xfa44, 0xfa44, 0xfa44, 0xfa44, 0xfa44, 0xfa44, 0xfa44, 0xfa44,
  0xfa44, 0xfa44, 0xfa44, 0xfa44, 0xfa44, 0xfa44, 0xfa44, 0xfa44,
  0xfa44, 0xfa44, 0xfa44, 0xfa44, 0xfa44, 0xfa44, 0xfa44, 0xfa44,
  0xfa44, 0xfa44, 0xfa44, 0xfa44, 0xfa44, 0xfa44, 0xfa44, 0xfa44,
  0xfa44, 0xfa44, 0xfa44, 0xfa44, 0xfa44, 0xfa44, 0xfa44, 0xfa44,
  0xfa44, 0xfa44, 0xfa44, 0xfa44, 0xfa44, 0xfa44, 0xfa44, 0xfa44,
  0xfa44, 0xfa44, 0xfa44, 0xfa44, 0xfa44, 0xfa44, 0xfa44, 0xfa44,
  0xfa44, 0xfa44, 0xfa44, 0xfa44, 0xfa44, 0xfa44, 0xfa44, 0xfa44,
  0xfa44, 0xfa44, 0xfa44, 0xfa44, 0xfa44, 0xfa44, 0xfa44, 0xfa44,
  0xfa44, 0xfa44, 0xfa44, 0xfa44, 0xfa44, 0xfa44, 0xfa44, 0xfa44,
  0xfa44, 0xfa44, 0xfa44, 0xfa44, 0xfa44, 0xfa44, 0xfa44, 0xfa44,
  0xfa44, 0xfa44, 0xfa44, 0xfa44, 0xfa44, 0xfa44, 0xfa44, 0xfa44,
  0xfa44, 0xfa44, 0xfa44, 0xfa44, 0xfa44, 0xfa44, 0xfa44, 0xfa44,
  0xfa44, 0xfa44, 0xfa44, 0xfa44, 0xfa44, 0xfa44, 0xfa44, 0xfa44,
  0xfa44, 0xfa44, 0xfa44, 0xfa44, 0xfa44, 0xfa44, 0xfa44, 0xfa44,
  0xfa44, 0xfa44, 0xfa44, 0xfa44, 0xfa44, 0xfa44, 0xfa44, 0xfa44,
  0xfa44, 0xfa44, 0xfa44, 0xfa44, 0xfa44, 0xfa44, 0xfa44, 0xfa44,
  0xfa44, 0xfa44, 0xfa44, 0xfa44, 0xfa44, 0xfa44, 0xfa44, 0xfa44,
  0xfa44, 0xfa44, 0xfa44, 0xfa44, 0xfa44, 0xfa44, 0xfa44, 0xfa44,
  0xfa44, 0xfa44, 0xfa44, 0xfa44, 0xfa44, 0xfa44, 0xfa44, 0xfa44,
  0xfa44, 0xfa44, 0xfa44, 0xfa44, 0xfa44, 0xfa44, 0xfa44, 0xfa44,
  0xfa44, 0xfa44, 0xfa44, 0xfa44, 0xfa44, 0xfa44, 0xfa44, 0xfa44,
  0xfa44, 0xfa44, 0xfa44, 0xfa44, 0xfa44, 0xfa44, 0xfa44, 0xfa44,
  0xfa44, 0xfa44, 0xfa44, 0xfa44, 0xfa44, 0xfa44, 0xfa44, 0xfa44,
  0xfa44, 0xfa44, 0xfa44, 0xfa44, 0xfa44, 0xfa44, 0xfa44, 0xfa44,
  0xfa44, 0xfa44, 0xfa44, 0xfa44, 0xfa44, 0xfa44, 0xfa44, 0xfa44,
  0xfa44, 0xfa44, 0xfa44, 0xfa44, 0xfa44, 0xfa44, 0xfa44, 0xfa44,
  0xfa44, 0xfa44, 0xfa44, 0xfa44, 0xfa44, 0xfa44, 0xfa44, 0xfa44,
  0xfa44, 0xfa44, 0xfa44, 0xfa44, 0xfa44, 0xfa44, 0xfa44, 0xfa44,
  0xfa44, 0xfa44, 0xfa44, 0xfa44, 0xfa44, 0xfa44, 0xfa44, 0xfa44,
  0xfa44, 0xfa44, 0xfa44, 0xfa44, 0xfa44, 0xfa44, 0xfa44, 0xfa44,
  0xfa44, 0xfa44, 0xfa44, 0xfa44, 0xfa44, 0xfa44, 0xfa44, 0xfa44,
  0xfa44, 0xfa44, 0xfa44, 0xfa44, 0xfa44, 0xfa44, 0xfa44, 0xfa44,
  0xfa44, 0xfa44, 0xfa44, 0xfa44, 0xfa44, 0xfa44, 0xfa44, 0xfa44,
  0xfa44, 0xfa44, 0xfa44, 0xfa44, 0xfa44, 0xfa44, 0xfa44, 0xfa44,
  0xfa44, 0xfa44, 0xfa44, 0xfa44, 0xfa44, 0xfa44, 0xfa44, 0xfa44,
  0xfa44, 0xfa44, 0xfa44, 0xfa44, 0xfa44, 0xfa44, 0xfa44, 0xfa44,
  0xfa44, 0xfa44, 0xfa44, 0xfa44, 0xfa44, 0xfa44, 0xfa44, 0xfa44,
  0xfa44, 0xfa44, 0xfa44, 0xfa44, 0xfa44, 0xfa44, 0xfa44, 0xfa44,
  0xfa44, 0xfa44, 0xfa44, 0xfa44, 0xfa44, 0xfa44, 0xfa44, 0xfa44,
  0xfa44, 0xfa44, 0xfa44, 0xfa44, 0xfa44, 0xfa44, 0xfa44, 0xfa44,
  0xfa44, 0xfa44, 0xfa44, 0xfa44, 0xfa44, 0xfa44, 0xfa44, 0xfa44,
  0xfa44, 0xfa44, 0xfa44, 0xfa44, 0xfa44, 0xfa44, 0xfa44, 0xfa44,
  0xfa44, 0xfa44, 0xfa44, 0xfa44, 0xfa44, 0xfa44, 0xfa44, 0xfa44,
  0xfa44, 0xfa44, 0xfa44, 0xfa44, 0xfa44, 0xfa44, 0xfa44, 0xfa44,
  0xfa44, 0xfa44, 0xfa44, 0xfa44, 0xfa44, 0xfa44, 0xfa44, 0xfa44,
  0xfa44, 0xfa44, 0xfa44, 0xfa44, 0xfa44, 0xfa44, 0xfa44, 0xfa44,
  0xfa44, 0xfa44, 0xfa44, 0xfa44, 0xfa44, 0xfa44, 0xfa44, 0xfa44,
  0xfa44, 0xfa44, 0xfa44, 0xfa44, 0xfa44, 0xfa44, 0xfa44, 0xfa44,
  0xfa44, 0xfa44, 0xfa44, 0xfa44, 0xfa44, 0xfa44, 0xfa44, 0xfa44,
  0xfa44, 0xfa44, 0xfa44, 0xfa44, 0xfa44, 0xfa44, 0xfa44, 0xfa44,
  0xfa44, 0xfa44, 0xfa44, 0xfa44, 0xfa44, 0xfa44, 0xfa44, 0xfa44,
  0xfa44, 0xfa44, 0xfa44, 0xfa44, 0xfa44, 0xfa44, 0xfa44, 0xfa44,
  0xfa44, 0xfa44, 0xfa44, 0xfa44, 0xfa44, 0xfa44, 0xfa44, 0xfa44,
  0xfa44, 0xfa44, 0xfa44, 0xfa44, 0xfa44, 0xfa44, 0xfa44, 0xfa44,
  0xfa44, 0xfa44, 0xfa44, 0xfa44, 0xfa44, 0xfa44, 0xfa44, 0xfa44,
  0xfa44, 0xfa44, 0xfa44, 0xfa44, 0xfa44, 0xfa44, 0xfa44, 0xfa44,
  0xfa44, 0xfa44, 0xfa44, 0xfa44, 0xfa44, 0xfa44, 0xfa44, 0xfa44,
  0xfa44, 0xfa44, 0xfa44, 0xfa44, 0xfa44, 0xfa44, 0xfa44, 0xfa44,
  0xfa44, 0xfa44, 0xfa44, 0xfa44, 0xfa44, 0xfa44, 0xfa44, 0xfa44,
  0xfa44, 0xfa44, 0xfa44, 0xfa44, 0xfa44, 0xfa44, 0xfa44, 0xfa44,
  0xfa44, 0xfa44, 0xfa44, 0xfa44, 0xfa44, 0xfa44, 0xfa44, 0xfa44,
  0xfa44, 0xfa44, 0xfa44, 0xfa44, 0xfa44, 0xfa44, 0xfa44, 0xfa44,
  0xfa44, 0xfa44, 0xfa44, 0xfa44, 0xfa44, 0xfa44, 0xfa44, 0xfa44,
  0xfa44, 0xfa44, 0xfa44, 0xfa44, 0xfa44, 0xfa44, 0xfa44, 0xfa44,
  0xfa44, 0xfa44, 0xfa44, 0xfa44, 0xfa44, 0xfa44, 0xfa44, 0xfa44,
  0xfa44, 0xfa44, 0xfa44, 0xfa44, 0xfa44, 0xfa44, 0xfa44, 0xfa44,
  0xfa44, 0xfa44, 0xfa44, 0xfa44, 0xfa44, 0xfa44, 0xfa44, 0xfa44,
  0xfa44, 0xfa44, 0xfa44, 0xfa44, 0xfa44, 0xfa44, 0xfa44, 0xfa44,
  0xfa44, 0xfa44, 0xfa44, 0xfa44, 0xfa44, 0xfa44, 0xfa44, 0xfa44,
  0xfa44, 0xfa44, 0xfa44, 0xfa44, 0xfa44, 0xfa44, 0xfa44, 0xfa44,
  0xfa44, 0xfa44, 0xfa44, 0xfa44, 0xfa44, 0xfa44, 0xfa44, 0xfa44,
  0xfa44, 0xfa44, 0xfa44, 0xfa44, 0xfa44, 0xfa44, 0xfa44, 0xfa44,
  0xfa44, 0xfa44, 0xfa44, 0xfa44, 0xfa44, 0xfa44, 0xfa44, 0xfa44,
  0xfa44, 0xfa44, 0xfa44, 0xfa44, 0xfa44, 0xfa44, 0xfa44, 0xfa44,
  0xfa44, 0xfa44, 0xfa44, 0xfa44, 0xfa44, 0xfa44, 0xfa44, 0xfa44,
  0xfa44, 0xfa44, 0xfa44, 0xfa44, 0xfa44, 0xfa44, 0xfa44, 0xfa44,
  0xfa44, 0xfa44, 0xfa44, 0xfa44, 0xfa44, 0xfa44, 0xfa44, 0xfa44,
  0xfa44, 0xfa44, 0xfa44, 0xfa44, 0xfa44, 0xfa44, 0xfa44, 0xfa44,
  0xfa44, 0xfa44, 0xfa44, 0xfa44, 0xfa44, 0xfa44, 0xfa44, 0xfa44,
  0xfa44, 0xfa44, 0xfa44, 0xfa44, 0xfa44, 0xfa44, 0xfa44, 0xfa44,
  0xfa44, 0xfa44, 0xfa44, 0xfa44, 0xfa44, 0xfa44, 0xfa44, 0xfa44,
  0xfa44, 0xfa44, 0xfa44, 0xfa44, 0xfa44, 0xfa44, 0xfa44, 0xfa44,
  0xfa44, 0xfa44, 0xfa44, 0xfa44, 0xfa44, 0xfa44, 0xfa44, 0xfa44,
  0xfa44, 0xfa44, 0xfa44, 0xfa44, 0xfa44, 0xfa44, 0xfa44, 0xfa44,
  0xfa44, 0xfa44, 0xfa44, 0xfa44, 0xfa44, 0xfa44, 0xfa44, 0xfa44,
  0xfa44, 0xfa44, 0xfa44, 0xfa44, 0xfa44, 0xfa44, 0xfa44, 0xfa44,
  0xfa44, 0xfa44, 0xfa44, 0xfa44, 0xfa44, 0xfa44, 0xfa44, 0xfa44,
  0xfa44, 0xfa44, 0xfa44, 0xfa44, 0xfa44, 0xfa44, 0xfa44, 0xfa44,
  0xfa44, 0xfa44, 0xfa44, 0xfa44, 0xfa44, 0xfa44, 0xfa44, 0xfa44,
  0xfa44, 0xfa44, 0xfa44, 0xfa44, 0xfa44, 0xfa44, 0xfa44, 0xfa44,
  0xfa44, 0xfa44, 0xfa44, 0xfa44, 0xfa44, 0xfa44, 0xfa44, 0xfa44,
  0xfa44, 0xfa44, 0xfa44, 0xfa44, 0xfa44, 0xfa44, 0xfa44, 0xfa44,
  0xfa44, 0xfa44, 0xfa44, 0xfa44, 0xfa44, 0xfa44, 0xfa44, 0xfa44,
  0xfa44, 0xfa44, 0xfa44, 0xfa44, 0xfa44, 0xfa44, 0xfa44, 0xfa44,
  0xfa44, 0xfa44, 0xfa44, 0xfa44, 0xfa44, 0xfa44, 0xfa44, 0xfa44,
  0xfa44, 0xfa44, 0xfa44, 0xfa44, 0xfa44, 0xfa44, 0xfa44, 0xfa44,
  0xfa44, 0xfa44, 0xfa44, 0xfa44, 0xfa44, 0xfa44, 0xfa44, 0xfa44,
  0xfa44, 0xfa44, 0xfa44, 0xfa44, 0xfa44, 0xfa44, 0xfa44, 0xfa44,
  0xfa44, 0xfa44, 0xfa44, 0xfa44, 0xfa44, 0xfa44, 0xfa44, 0xfa44,
  0xfa44, 0xfa44, 0xfa44, 0xfa44, 0xfa44, 0xfa44, 0xfa44, 0xfa44,
  0xfa44, 0xfa44, 0xfa44, 0xfa44, 0xfa44, 0xfa44, 0xfa44, 0xfa44,
  0xfa44, 0xfa44, 0xfa44, 0xfa44, 0xfa44, 0xfa44, 0xfa44, 0xfa44,
  0xfa44, 0xfa44, 0xfa44, 0xfa44, 0xfa44, 0xfa44, 0xfa44, 0xfa44,
  0xfa44, 0xfa44, 0xfa44, 0xfa44, 0xfa44, 0xfa44, 0xfa44, 0xfa44,
  0xfa44, 0xfa44, 0xfa44, 0xfa44, 0xfa44, 0xfa44, 0xfa44, 0xfa44,
  0xfa44, 0xfa44, 0xfa44, 0xfa44, 0xfa44, 0xfa44, 0xfa44, 0xfa44,
  0xfa44, 0xfa44, 0xfa44, 0xfa44, 0xfa44, 0xfa44, 0xfa44, 0xfa44,
  0xfa44, 0xfa44, 0xfa44, 0xfa44, 0xfa44, 0xfa44, 0xfa44, 0xfa44,
  0xfa44, 0xfa44, 0xfa44, 0xfa44, 0xfa44, 0xfa44, 0xfa44, 0xfa44,
  0xfa44, 0xfa44, 0xfa44, 0xfa44, 0xfa44, 0xfa44, 0xfa44, 0xfa44,
  0xfa44, 0xfa44, 0xfa44, 0xfa44, 0xfa44, 0xfa44, 0xfa44, 0xfa44,
  0xfa44, 0xfa44, 0xfa44, 0xfa44, 0xfa44, 0xfa44, 0xfa44, 0xfa44,
  0xfa44, 0xfa44, 0xfa44, 0xfa44, 0xfa44, 0xfa44, 0xfa44, 0xfa44,
  0xfa44, 0xfa44, 0xfa44, 0xfa44, 0xfa44, 0xfa44, 0xfa44, 0xfa44,
  0xfa44, 0xfa44, 0xfa44, 0xfa44, 0xfa44, 0xfa44, 0xfa44, 0xfa44,
  0xfa44, 0xfa44, 0xfa44, 0xfa44, 0xfa44, 0xfa44, 0xfa44, 0xfa44,
  0xfa44, 0xfa44, 0xfa44, 0xfa44, 0xfa44, 0xfa44, 0xfa44, 0xfa44,
  0xfa44, 0xfa44, 0xfa44, 0xfa44, 0xfa44, 0xfa44, 0xfa44, 0xfa44,
  0xfa44, 0xfa44, 0xfa44, 0xfa44, 0xfa44, 0xfa44, 0xfa44, 0xfa44,
  0xfa44, 0xfa44, 0xfa44, 0xfa44, 0xfa44, 0xfa44, 0xfa44, 0xfa44,
  0xfa44, 0xfa44, 0xfa44, 0xfa44, 0xfa44, 0xfa44, 0xfa44, 0xfa44,
  0xfa44, 0xfa44, 0xfa44, 0xfa44, 0xfa44, 0xfa44, 0xfa44, 0xfa44,
  0xfa44, 0xfa44, 0xfa44, 0xfa44, 0xfa44, 0xfa44, 0xfa44, 0xfa44,
  0xfa44, 0xfa44, 0xfa44, 0xfa44, 0xfa44, 0xfa44, 0xfa44, 0xfa44,
  0xfa44, 0xfa44, 0xfa44, 0xfa44, 0xfa44, 0xfa44, 0xfa44, 0xfa44,
  0xfa44, 0xfa44, 0xfa44, 0xfa44, 0xfa44, 0xfa44, 0xfa44, 0xfa44,
  0xfa44, 0xfa44, 0xfa44, 0xfa44, 0xfa44, 0xfa44, 0xfa44, 0xfa44,
  0xfa44, 0xfa44, 0xfa44, 0xfa44, 0xfa44, 0xfa44, 0xfa44, 0xfa44,
  0xfa44, 0xfa44, 0xfa44, 0xfa44, 0xfa44, 0xfa44, 0xfa44, 0xfa44,
  0xfa44, 0xfa44, 0xfa44, 0xfa44, 0xfa44, 0xfa44, 0xfa44, 0xfa44,
  0xfa44, 0xfa44, 0xfa44, 0xfa44, 0xfa44, 0xfa44, 0xfa44, 0xfa44,
  0xfa44, 0xfa44, 0xfa44, 0xfa44, 0xfa44, 0xfa44, 0xfa44, 0xfa44,
  0xfa44, 0xfa44, 0xfa44, 0xfa44, 0xfa44, 0xfa44, 0xfa44, 0xfa44,
  0xfa44, 0xfa44, 0xfa44, 0xfa44, 0xfa44, 0xfa44, 0xfa44, 0xfa44,
  0xfa44, 0xfa44, 0xfa44, 0xfa44, 0xfa44, 0xfa44, 0xfa44, 0xfa44,
  0xfa44, 0xfa44, 0xfa44, 0xfa44, 0xfa44, 0xfa44, 0xfa44, 0xfa44,
  0xfa44, 0xfa44, 0xfa44, 0xfa44, 0xfa44, 0xfa44, 0xfa44, 0xfa44,
  0xfa44, 0xfa44, 0xfa44, 0xfa44, 0xfa44, 0xfa44, 0xfa44, 0xfa44,
  0xfa44, 0xfa44, 0xfa44, 0xfa44, 0xfa44, 0xfa44, 0xfa44, 0xfa44,
  0xfa44, 0xfa44, 0xfa44, 0xfa44, 0xfa44, 0xfa44, 0xfa44, 0xfa44,
  0xfa44, 0xfa44, 0xfa44, 0xfa44, 0xfa44, 0xfa44, 0xfa44, 0xfa44,
  0xfa44, 0xfa44, 0xfa44, 0xfa44, 0xfa44, 0xfa44, 0xfa44, 0xfa44,
  0xfa44, 0xfa44, 0xfa44, 0xfa44, 0xfa44, 0xfa44, 0xfa44, 0xfa44,
  0xfa44, 0xfa44, 0xfa44, 0xfa44, 0xfa44, 0xfa44, 0xfa44, 0xfa44,
  0xfa44, 0xfa44, 0xfa44, 0xfa44, 0xfa44, 0xfa44, 0xfa44, 0xfa44,
  0xfa44, 0xfa44, 0xfa44, 0xfa44, 0xfa44, 0xfa44, 0xfa44, 0xfa44,
  0xfa44, 0xfa44, 0xfa44, 0xfa44, 0xfa44, 0xfa44, 0xfa44, 0xfa44,
  0xfa44, 0xfa44, 0xfa44, 0xfa44, 0xfa44, 0xfa44, 0xfa44, 0xfa44,
  0xfa44, 0xfa44, 0xfa44, 0xfa44, 0xfa44, 0xfa44, 0xfa44, 0xfa44,
  0xfa44, 0xfa44, 0xfa44, 0xfa44, 0xfa44, 0xfa44, 0xfa44, 0xfa44,
  0xfa44, 0xfa44, 0xfa44, 0xfa44, 0xfa44, 0xfa44, 0xfa44, 0xfa44,
  0xfa44, 0xfa44, 0xfa44, 0xfa44, 0xfa44, 0xfa44, 0xfa44, 0xfa44,
  0xfa44, 0xfa44, 0xfa44, 0xfa44, 0xfa44, 0xfa44, 0xfa44, 0xfa44,
  0xfa44, 0xfa44, 0xfa44, 0xfa44, 0xfa44, 0xfa44, 0xfa44, 0xfa44,
  0xfa44, 0xfa44, 0xfa44, 0xfa44, 0xfa44, 0xfa44, 0xfa44, 0xfa44,
  0xfa44, 0xfa44, 0xfa44, 0xfa44, 0xfa44, 0xfa44, 0xfa44, 0xfa44,
  0xfa44, 0xfa44, 0xfa44, 0xfa44, 0xfa44, 0xfa44, 0xfa44, 0xfa44,
  0xfa44, 0xfa44, 0xfa44, 0xfa44, 0xfa44, 0xfa44, 0xfa44, 0xfa44,
  0xfa44, 0xfa44, 0xfa44, 0xfa44, 0xfa44, 0xfa44, 0xfa44, 0xfa44,
  0xfa44, 0xfa44, 0xfa44, 0xfa44, 0xfa44, 0xfa44, 0xfa44, 0xfa44,
  0xfa44, 0xfa44, 0xfa44, 0xfa44, 0xfa44, 0xfa44, 0xfa44, 0xfa44,
  0xfa44, 0xfa44, 0xfa44, 0xfa44, 0xfa44, 0xfa44, 0xfa44, 0xfa44,
  0xfa44, 0xfa44, 0xfa44, 0xfa44, 0xfa44, 0xfa44, 0xfa44, 0xfa44,
  0xfa44, 0xfa44, 0xfa44, 0xfa44, 0xfa44, 0xfa44, 0xfa44, 0xfa44,
  0xfa44, 0xfa44, 0xfa44, 0xfa44, 0xfa44, 0xfa44, 0xfa44, 0xfa44,
  0xfa44, 0xfa44, 0xfa44, 0xfa44, 0xfa44, 0xfa44, 0xfa44, 0xfa44,
  0xfa44, 0xfa44, 0xfa44, 0xfa44, 0xfa44, 0xfa44, 0xfa44, 0xfa44,
  0xfa44, 0xfa44, 0xfa44, 0xfa44, 0xfa44, 0xfa44, 0xfa44, 0xfa44,
  0xfa44, 0xfa44, 0xfa44, 0xfa44, 0xfa44, 0xfa44, 0xfa44, 0xfa44,
  0xfa44, 0xfa44, 0xfa44, 0xfa44, 0xfa44, 0xfa44, 0xfa44, 0xfa44,
  0xfa44, 0xfa44, 0xfa44, 0xfa44, 0xfa44, 0xfa44, 0xfa44, 0xfa44,
  0xfa44, 0xfa44, 0xfa44, 0xfa44, 0xfa44, 0xfa44, 0xfa44, 0xfa44,
  0xfa44, 0xfa44, 0xfa44, 0xfa44, 0xfa44, 0xfa44, 0xfa44, 0xfa44,
  0xfa44, 0xfa44, 0xfa44, 0xfa44, 0xfa44, 0xfa44, 0xfa44, 0xfa44,
  0xfa44, 0xfa44, 0xfa44, 0xfa44, 0xfa44, 0xfa44, 0xfa44, 0xfa44,
  0xfa44, 0xfa44, 0xfa44, 0xfa44, 0xfa44, 0xfa44, 0xfa44, 0xfa44,
  0xfa44, 0xfa44, 0xfa44, 0xfa44, 0xfa44, 0xfa44, 0xfa44, 0xfa44,
  0xfa44, 0xfa44, 0xfa44, 0xfa44, 0xfa44, 0xfa44, 0xfa44, 0xfa44,
  0xfa44, 0xfa44, 0xfa44, 0xfa44, 0xfa44, 0xfa44, 0xfa44, 0xfa44,
  0xfa44, 0xfa44, 0xfa44, 0xfa44, 0xfa44, 0xfa44, 0xfa44, 0xfa44,
  0xfa44, 0xfa44, 0xfa44, 0xfa44, 0xfa44, 0xfa44, 0xfa44, 0xfa44,
  0xfa44, 0xfa44, 0xfa44, 0xfa44, 0xfa44, 0xfa44, 0xfa44, 0xfa44,
  0xfa44, 0xfa44, 0xfa44, 0xfa44, 0xfa44, 0xfa44, 0xfa44, 0xfa44,
  0xfa44, 0xfa44, 0xfa44, 0xfa44, 0xfa44, 0xfa44, 0xfa44, 0xfa44,
  0xfa44, 0xfa44, 0xfa44, 0xfa44, 0xfa44, 0xfa44, 0xfa44, 0xfa44,
  0xfa44, 0xfa44, 0xfa44, 0xfa44, 0xfa44, 0xfa44, 0xfa44, 0xfa44,
  0xfa44, 0xfa44, 0xfa44, 0xfa44, 0xfa44, 0xfa44, 0xfa44, 0xfa44,
  0xfa44, 0xfa44, 0xfa44, 0xfa44, 0xfa44, 0xfa44, 0xfa44, 0xfa44,
  0xfa44, 0xfa44, 0xfa44, 0xfa44, 0xfa44, 0xfa44, 0xfa44, 0xfa44,
  0xfa44, 0xfa44, 0xfa44, 0xfa44, 0xfa44, 0xfa44, 0xfa44, 0xfa44,
  0xfa44, 0xfa44, 0xfa44, 0xfa44, 0xfa44, 0xfa44, 0xfa44, 0xfa44,
  0xfa44, 0xfa44, 0xfa44, 0xfa44, 0xfa44, 0xfa44, 0xfa44, 0xfa44,
  0xfa44, 0xfa44, 0xfa44, 0xfa44, 0xfa44, 0xfa44, 0xfa44, 0xfa44,
  0xfa44, 0xfa44, 0xfa44, 0xfa44, 0xfa44, 0xfa44, 0xfa44, 0xfa44,
  0xfa44, 0xfa44, 0xfa44, 0xfa44, 0xfa44, 0xfa44, 0xfa44, 0xfa44,
  0xfa44, 0xfa44, 0xfa44, 0xfa44, 0xfa44, 0xfa44, 0xfa44, 0xfa44,
  0xfa44, 0xfa44, 0xfa44, 0xfa44, 0xfa44, 0xfa44, 0xfa44, 0xfa44,
  0xfa44, 0xfa44, 0xfa44, 0xfa44, 0xfa44, 0xfa44, 0xfa44, 0xfa44,
  0xfa44, 0xfa44, 0xfa44, 0xfa44, 0xfa44, 0xfa44, 0xfa44, 0xfa44,
  0xfa44, 0xfa44, 0xfa44, 0xfa44, 0xfa44, 0xfa44, 0xfa44, 0xfa44,
  0xfa44, 0xfa44, 0xfa44, 0xfa44, 0xfa44, 0xfa44, 0xfa44, 0xfa44,
  0xfa44, 0xfa44, 0xfa44, 0xfa44, 0xfa44, 0xfa44, 0xfa44, 0xfa44,
  0xfa44, 0xfa44, 0xfa44, 0xfa44, 0xfa44, 0xfa44, 0xfa44, 0xfa44,
  0xfa44, 0xfa44, 0xfa44, 0xfa44, 0xfa44, 0xfa44, 0xfa44, 0xfa44,
  0xfa44, 0xfa44, 0xfa44, 0xfa44, 0xfa44, 0xfa44, 0xfa44, 0xfa44,
  0xfa44, 0xfa44, 0xfa44, 0xfa44, 0xfa44, 0xfa44, 0xfa44, 0xfa44,
  0xfa44, 0xfa44, 0xfa44, 0xfa44, 0xfa44, 0xfa44, 0xfa44, 0xfa44,
  0xfa44, 0xfa44, 0xfa44, 0xfa44, 0xfa44, 0xfa44, 0xfa44, 0xfa44,
  0xfa44, 0xfa44, 0xfa44, 0xfa44, 0xfa44, 0xfa44, 0xfa44, 0xfa44,
  0xfa44, 0xfa44, 0xfa44, 0xfa44, 0xfa44, 0xfa44, 0xfa44, 0xfa44,
  0xfa44, 0xfa44, 0xfa44, 0xfa44, 0xfa44, 0xfa44, 0xfa44, 0xfa44,
  0xfa44, 0xfa44, 0xfa44, 0xfa44, 0xfa44, 0xfa44, 0xfa44, 0xfa44,
  0xfa44, 0xfa44, 0xfa44, 0xfa44, 0xfa44, 0xfa44, 0xfa44, 0xfa44,
  0xfa44, 0xfa44, 0xfa44, 0xfa44, 0xfa44, 0xfa44, 0xfa44, 0xfa44,
  0xfa44, 0xfa44, 0xfa44, 0xfa44, 0xfa44, 0xfa44, 0xfa44, 0xfa44,
  0xfa44, 0xfa44, 0xfa44, 0xfa44, 0xfa44, 0xfa44, 0xfa44, 0xfa44,
  0xfa44, 0xfa44, 0xfa44, 0xfa44, 0xfa44, 0xfa44, 0xfa44, 0xfa44,
  0xfa44, 0xfa44, 0xfa44, 0xfa44, 0xfa44, 0xfa44, 0xfa44, 0xfa44,
  0xfa44, 0xfa44, 0xfa44, 0xfa44, 0xfa44, 0xfa44, 0xfa44, 0xfa44,
  0xfa44, 0xfa44, 0xfa44, 0xfa44, 0xfa44, 0xfa44, 0xfa44, 0xfa44,
  0xfa44, 0xfa44, 0xfa44, 0xfa44, 0xfa44, 0xfa44, 0xfa44, 0xfa44,
  0xfa44, 0xfa44, 0xfa44, 0xfa44, 0xfa44, 0xfa44, 0xfa44, 0xfa44,
  0xfa44, 0xfa44, 0xfa44, 0xfa44, 0xfa44, 0xfa44, 0xfa44, 0xfa44,
  0xfa44, 0xfa44, 0xfa44, 0xfa44, 0xfa44, 0xfa44, 0xfa44, 0xfa44,
  0xfa44, 0xfa44, 0xfa44, 0xfa44, 0xfa44, 0xfa44, 0xfa44, 0xfa44,
  0xfa44, 0xfa44, 0xfa44, 0xfa44, 0xfa44, 0xfa44, 0xfa44, 0xfa44,
  0xfa44, 0xfa44, 0xfa44, 0xfa44, 0xfa44, 0xfa44, 0xfa44, 0xfa44,
  0xfa44, 0xfa44, 0xfa44, 0xfa44, 0xfa44, 0xfa44, 0xfa44, 0xfa44,
  0xfa44, 0xfa44, 0xfa44, 0xfa44, 0xfa44, 0xfa44, 0xfa44, 0xfa44,
  0xfa44, 0xfa44, 0xfa44, 0xfa44, 0xfa44, 0xfa44, 0xfa44, 0xfa44,
  0xfa44, 0xfa44, 0xfa44, 0xfa44, 0xfa44, 0xfa44, 0xfa44, 0xfa44,
  0xfa44, 0xfa44, 0xfa44, 0xfa44, 0xfa44, 0xfa44, 0xfa44, 0xfa44,
  0xfa44, 0xfa44, 0xfa44, 0xfa44, 0xfa44, 0xfa44, 0xfa44, 0xfa44,
  0xfa44, 0xfa44, 0xfa44, 0xfa44, 0xfa44, 0xfa44, 0xfa44, 0xfa44,
  0xfa44, 0xfa44, 0xfa44, 0xfa44, 0xfa44, 0xfa44, 0xfa44, 0xfa44,
  0xfa44, 0xfa44, 0xfa44, 0xfa44, 0xfa44, 0xfa44, 0xfa44, 0xfa44,
  0xfa44, 0xfa44, 0xfa44, 0xfa44, 0xfa44, 0xfa44, 0xfa44, 0xfa44,
  0xfa44, 0xfa44, 0xfa44, 0xfa44, 0xfa44, 0xfa44, 0xfa44, 0xfa44,
  0xfa44, 0xfa44, 0xfa44, 0xfa44, 0xfa44, 0xfa44, 0xfa44, 0xfa44,
  0xfa44, 0xfa44, 0xfa44, 0xfa44, 0xfa44, 0xfa44, 0xfa44, 0xfa44,
  0xfa44, 0xfa44, 0xfa44, 0xfa44, 0xfa44, 0xfa44, 0xfa44, 0xfa44,
  0xfa44, 0xfa44, 0xfa44, 0xfa44, 0xfa44, 0xfa44, 0xfa44, 0xfa44,
  0xfa44, 0xfa44, 0xfa44, 0xfa44, 0xfa44, 0xfa44, 0xfa44, 0xfa44,
  0xfa44, 0xfa44, 0xfa44, 0xfa44, 0xfa44, 0xfa44, 0xfa44, 0xfa44,
  0xfa44, 0xfa44, 0xfa44, 0xfa44, 0xfa44, 0xfa44, 0xfa44, 0xfa44,
  0xfa44, 0xfa44, 0xfa44, 0xfa44, 0xfa44, 0xfa44, 0xfa44, 0xfa44,
  0xfa44, 0xfa44, 0xfa44, 0xfa44, 0xfa44, 0xfa44, 0xfa44, 0xfa44,
  0xfa44, 0xfa44, 0xfa44, 0xfa44, 0xfa44, 0xfa44, 0xfa44, 0xfa44,
  0xfa44, 0xfa44, 0xfa44, 0xfa44, 0xfa44, 0xfa44, 0xfa44, 0xfa44,
  0xfa44, 0xfa44, 0xfa44, 0xfa44, 0xfa44, 0xfa44, 0xfa44, 0xfa44,
  0xfa44, 0xfa44, 0xfa44, 0xfa44, 0xfa44, 0xfa44, 0xfa44, 0xfa44,
  0xfa44, 0xfa44, 0xfa44, 0xfa44, 0xfa44, 0xfa44, 0xfa44, 0xfa44,
  0xfa44, 0xfa44, 0xfa44, 0xfa44, 0xfa44, 0xfa44, 0xfa44, 0xfa44,
  0xfa44, 0xfa44, 0xfa44, 0xfa44, 0xfa44, 0xfa44, 0xfa44, 0xfa44,
  0xfa44, 0xfa44, 0xfa44, 0xfa44, 0xfa44, 0xfa44, 0xfa44, 0xfa44,
  0xfa44, 0xfa44, 0xfa44, 0xfa44, 0xfa44, 0xfa44, 0xfa44, 0xfa44,
  0xfa44, 0xfa44, 0xfa44, 0xfa44, 0xfa44, 0xfa44, 0xfa44, 0xfa44,
  0xfa44, 0xfa44, 0xfa44, 0xfa44, 0xfa44, 0xfa44, 0xfa44, 0xfa44,
  0xfa44, 0xfa44, 0xfa44, 0xfa44, 0xfa44, 0xfa44, 0xfa44, 0xfa44,
  0xfa44, 0xfa44, 0xfa44, 0xfa44, 0xfa44, 0xfa44, 0xfa44, 0xfa44,
  0xfa44, 0xfa44, 0xfa44, 0xfa44, 0xfa44, 0xfa44, 0xfa44, 0xfa44,
  0xfa44, 0xfa44, 0xfa44, 0xfa44, 0xfa44, 0xfa44, 0xfa44, 0xfa44,
  0xfa44, 0xfa44, 0xfa44, 0xfa44, 0xfa44, 0xfa44, 0xfa44, 0xfa44,
  0xfa44, 0xfa44, 0xfa44, 0xfa44, 0xfa44, 0xfa44, 0xfa44, 0xfa44,
  0xfa44, 0xfa44, 0xfa44, 0xfa44, 0xfa44, 0xfa44, 0xfa44, 0xfa44,
  0xfa44, 0xfa44, 0xfa44, 0xfa44, 0xfa44, 0xfa44, 0xfa44, 0xfa44,
  0xfa44, 0xfa44, 0xfa44, 0xfa44, 0xfa44, 0xfa44, 0xfa44, 0xfa44,
  0xfa44, 0xfa44, 0xfa44, 0xfa44, 0xfa44, 0xfa44, 0xfa44, 0xfa44,
  0xfa44, 0xfa44, 0xfa44, 0xfa44, 0xfa44, 0xfa44, 0xfa44, 0xfa44,
  0xfa44, 0xfa44, 0xfa44, 0xfa44, 0xfa44, 0xfa44, 0xfa44, 0xfa44,
  0xfa44, 0xfa44, 0xfa44, 0xfa44, 0xfa44, 0xfa44, 0xfa44, 0xfa44,
  0xfa44, 0xfa44, 0xfa44, 0xfa44, 0xfa44, 0xfa44, 0xfa44, 0xfa44,
  0xfa44, 0xfa44, 0xfa44, 0xfa44, 0xfa44, 0xfa44, 0xfa44, 0xfa44,
  0xfa44, 0xfa44, 0xfa44, 0xfa44, 0xfa44, 0xfa44, 0xfa44, 0xfa44,
  0xfa44, 0xfa44, 0xfa44, 0xfa44, 0xfa44, 0xfa44, 0xfa44, 0xfa44,
  0xfa44, 0xfa44, 0xfa44, 0xfa44, 0xfa44, 0xfa44, 0xfa44, 0xfa44,
  0xfa44, 0xfa44, 0xfa44, 0xfa44, 0xfa44, 0xfa44, 0xfa44, 0xfa44,
  0xfa44, 0xfa44, 0xfa44, 0xfa44, 0xfa44, 0xfa44, 0xfa44, 0xfa44,
  0xfa44, 0xfa44, 0xfa44, 0xfa44, 0xfa44, 0xfa44, 0xfa44, 0xfa44,
  0xfa44, 0xfa44, 0xfa44, 0xfa44, 0xfa44, 0xfa44, 0xfa44, 0xfa44,
  0xfa44, 0xfa44, 0xfa44, 0xfa44, 0xfa44, 0xfa44, 0xfa44, 0xfa44,
  0xfa44, 0xfa44, 0xfa44, 0xfa44, 0xfa44, 0xfa44, 0xfa44, 0xfa44,
  0xfa44, 0xfa44, 0xfa44, 0xfa44, 0xfa44, 0xfa44, 0xfa44, 0xfa44,
  0xfa44, 0xfa44, 0xfa44, 0xfa44, 0xfa44, 0xfa44, 0xfa44, 0xfa44,
  0xfa44, 0xfa44, 0xfa44, 0xfa44, 0xfa44, 0xfa44, 0xfa44, 0xfa44,
  0xfa44, 0xfa44, 0xfa44, 0xfa44, 0xfa44, 0xfa44, 0xfa44, 0xfa44,
  0xfa44, 0xfa44, 0xfa44, 0xfa44, 0xfa44, 0xfa44, 0xfa44, 0xfa44,
  0xfa44, 0xfa44, 0xfa44, 0xfa44, 0xfa44, 0xfa44, 0xfa44, 0xfa44,
  0xfa44, 0xfa44, 0xfa44, 0xfa44, 0xfa44, 0xfa44, 0xfa44, 0xfa44,
  0xfa44, 0xfa44, 0xfa44, 0xfa44, 0xfa44, 0xfa44, 0xfa44, 0xfa44,
  0xfa44, 0xfa44, 0xfa44, 0xfa44, 0xfa44, 0xfa44, 0xfa44, 0xfa44,
  0xfa44, 0xfa44, 0xfa44, 0xfa44, 0xfa44, 0xfa44, 0xfa44, 0xfa44,
  0xfa44, 0xfa44, 0xfa44, 0xfa44, 0xfa44, 0xfa44, 0xfa44, 0xfa44,
  0xfa44, 0xfa44, 0xfa44, 0xfa44, 0xfa44, 0xfa44, 0xfa44, 0xfa44,
  0xfa44, 0xfa44, 0xfa44, 0xfa44, 0xfa44, 0xfa44, 0xfa44, 0xfa44,
  0xfa44, 0xfa44, 0xfa44, 0xfa44, 0xfa44, 0xfa44, 0xfa44, 0xfa44,
  0xfa44, 0xfa44, 0xfa44, 0xfa44, 0xfa44, 0xfa44, 0xfa44, 0xfa44,
  0xfa44, 0xfa44, 0xfa44, 0xfa44, 0xfa44, 0xfa44, 0xfa44, 0xfa44,
  0xfa44, 0xfa44, 0xfa44, 0xfa44, 0xfa44, 0xfa44, 0xfa44, 0xfa44,
  0xfa44, 0xfa44, 0xfa44, 0xfa44, 0xfa44, 0xfa44, 0xfa44, 0xfa44,
  0xfa44, 0xfa44, 0xfa44, 0xfa44, 0xfa44, 0xfa44, 0xfa44, 0xfa44,
  0xfa44, 0xfa44, 0xfa44, 0xfa44, 0xfa44, 0xfa44, 0xfa44, 0xfa44,
  0xfa44, 0xfa44, 0xfa44, 0xfa44, 0xfa44, 0xfa44, 0xfa44, 0xfa44,
  0xfa44, 0xfa44, 0xfa44, 0xfa44, 0xfa44, 0xfa44, 0xfa44, 0xfa44,
  0xfa44, 0xfa44, 0xfa44, 0xfa44, 0xfa44, 0xfa44, 0xfa44, 0xfa44,
  0xfa44, 0xfa44, 0xfa44, 0xfa44, 0xfa44, 0xfa44, 0xfa44, 0xfa44,
  0xfa44, 0xfa44, 0xfa44, 0xfa44, 0xfa44, 0xfa44, 0xfa44, 0xfa44,
  0xfa44, 0xfa44, 0xfa44, 0xfa44, 0xfa44, 0xfa44, 0xfa44, 0xfa44,
  0xfa44, 0xfa44, 0xfa44, 0xfa44, 0xfa44, 0xfa44, 0xfa44, 0xfa44,
  0xfa44, 0xfa44, 0xfa44, 0xfa44, 0xfa44, 0xfa44, 0xfa44, 0xfa44,
  0xfa44, 0xfa44, 0xfa44, 0xfa44, 0xfa44, 0xfa44, 0xfa44, 0xfa44,
  0xfa44, 0xfa44, 0xfa44, 0xfa44, 0xfa44, 0xfa44, 0xfa44, 0xfa44,
  0xfa44, 0xfa44, 0xfa44, 0xfa44, 0xfa44, 0xfa44, 0xfa44, 0xfa44,
  0xfa44, 0xfa44, 0xfa44, 0xfa44, 0xfa44, 0xfa44, 0xfa44, 0xfa44,
  0xfa44, 0xfa44, 0xfa44, 0xfa44, 0xfa44, 0xfa44, 0xfa44, 0xfa44,
  0xfa44, 0xfa44, 0xfa44, 0xfa44, 0xfa44, 0xfa44, 0xfa44, 0xfa44,
  0xfa44, 0xfa44, 0xfa44, 0xfa44, 0xfa44, 0xfa44, 0xfa44, 0xfa44,
  0xfa44, 0xfa44, 0xfa44, 0xfa44, 0xfa44, 0xfa44, 0xfa44, 0xfa44,
  0xfa44, 0xfa44, 0xfa44, 0xfa44, 0xfa44, 0xfa44, 0xfa44, 0xfa44,
  0xfa44, 0xfa44, 0xfa44, 0xfa44, 0xfa44, 0xfa44, 0xfa44, 0xfa44,
  0xfa44, 0xfa44, 0xfa44, 0xfa44, 0xfa44, 0xfa44, 0xfa44, 0xfa44,
  0xfa44, 0xfa44, 0xfa44, 0xfa44, 0xfa44, 0xfa44, 0xfa44, 0xfa44,
  0xfa44, 0xfa44, 0xfa44, 0xfa44, 0xfa44, 0xfa44, 0xfa44, 0xfa44,
  0xfa44, 0xfa44, 0xfa44, 0xfa44, 0xfa44, 0xfa44, 0xfa44, 0xfa44,
  0xfa44, 0xfa44, 0xfa44, 0xfa44, 0xfa44, 0xfa44, 0xfa44, 0xfa44,
  0xfa44, 0xfa44, 0xfa44, 0xfa44, 0xfa44, 0xfa44, 0xfa44, 0xfa44,
  0xfa44, 0xfa44, 0xfa44, 0xfa44, 0xfa44, 0xfa44, 0xfa44, 0xfa44,
  0xfa44, 0xfa44, 0xfa44, 0xfa44, 0xfa44, 0xfa44, 0xfa44, 0xfa44,
  0xfa44, 0xfa44, 0xfa44, 0xfa44, 0xfa44, 0xfa44, 0xfa44, 0xfa44,
  0xfa44, 0xfa44, 0xfa44, 0xfa44, 0xfa44, 0xfa44, 0xfa44, 0xfa44,
  0xfa44, 0xfa44, 0xfa44, 0xfa44, 0xfa44, 0xfa44, 0xfa44, 0xfa44,
  0xfa44, 0xfa44, 0xfa44, 0xfa44, 0xfa44, 0xfa44, 0xfa44, 0xfa44,
  0xfa44, 0xfa44, 0xfa44, 0xfa44, 0xfa44, 0xfa44, 0xfa44, 0xfa44,
  0xfa44, 0xfa44, 0xfa44, 0xfa44, 0xfa44, 0xfa44, 0xfa44, 0xfa44,
  0xfa44, 0xfa44, 0xfa44, 0xfa44, 0xfa44, 0xfa44, 0xfa44, 0xfa44,
  0xfa44, 0xfa44, 0xfa44, 0xfa44, 0xfa44, 0xfa44, 0xfa44, 0xfa44,
  0xfa44, 0xfa44, 0xfa44, 0xfa44, 0xfa44, 0xfa44, 0xfa44, 0xfa44,
  0xfa44, 0xfa44, 0xfa44, 0xfa44, 0xfa44, 0xfa44, 0xfa44, 0xfa44,
  0xfa44, 0xfa44, 0xfa44, 0xfa44, 0xfa44, 0xfa44, 0xfa44, 0xfa44,
  0xfa44, 0xfa44, 0xfa44, 0xfa44, 0xfa44, 0xfa44, 0xfa44, 0xfa44,
  0xfa44, 0xfa44, 0xfa44, 0xfa44, 0xfa44, 0xfa44, 0xfa44, 0xfa44,
  0xfa44, 0xfa44, 0xfa44, 0xfa44, 0xfa44, 0xfa44, 0xfa44, 0xfa44,
  0xfa44, 0xfa44, 0xfa44, 0xfa44, 0xfa44, 0xfa44, 0xfa44, 0xfa44,
  0xfa44, 0xfa44, 0xfa44, 0xfa44, 0xfa44, 0xfa44, 0xfa44, 0xfa44,
  0xfa44, 0xfa44, 0xfa44, 0xfa44, 0xfa44, 0xfa44, 0xfa44, 0xfa44,
  0xfa44, 0xfa44, 0xfa44, 0xfa44, 0xfa44, 0xfa44, 0xfa44, 0xfa44,
  0xfa44, 0xfa44, 0xfa44, 0xfa44, 0xfa44, 0xfa44, 0xfa44, 0xfa44,
  0xfa44, 0xfa44, 0xfa44, 0xfa44, 0xfa44, 0xfa44, 0xfa44, 0xfa44,
  0xfa44, 0xfa44, 0xfa44, 0xfa44, 0xfa44, 0xfa44, 0xfa44, 0xfa44,
  0xfa44, 0xfa44, 0xfa44, 0xfa44, 0xfa44, 0xfa44, 0xfa44, 0xfa44,
  0xfa44, 0xfa44, 0xfa44, 0xfa44, 0xfa44, 0xfa44, 0xfa44, 0xfa44,
  0xfa44, 0xfa44, 0xfa44, 0xfa44, 0xfa44, 0xfa44, 0xfa44, 0xfa44,
  0xfa44, 0xfa44, 0xfa44, 0xfa44, 0xfa44, 0xfa44, 0xfa44, 0xfa44,
  0xfa44, 0xfa44, 0xfa44, 0xfa44, 0xfa44, 0xfa44, 0xfa44, 0xfa44,
  0xfa44, 0xfa44, 0xfa44, 0xfa44, 0xfa44, 0xfa44, 0xfa44, 0xfa44,
  0xfa44, 0xfa44, 0xfa44, 0xfa44, 0xfa44, 0xfa44, 0xfa44, 0xfa44,
  0xfa44, 0xfa44, 0xfa44, 0xfa44, 0xfa44, 0xfa44, 0xfa44, 0xfa44,
  0xfa44, 0xfa44, 0xfa44, 0xfa44, 0xfa44, 0xfa44, 0xfa44, 0xfa44,
  0xfa44, 0xfa44, 0xfa44, 0xfa44, 0xfa44, 0xfa44, 0xfa44, 0xfa44,
  0xfa44, 0xfa44, 0xfa44, 0xfa44, 0xfa44, 0xfa44, 0xfa44, 0xfa44,
  0xfa44, 0xfa44, 0xfa44, 0xfa44, 0xfa44, 0xfa44, 0xfa44, 0xfa44,
  0xfa44, 0xfa44, 0xfa44, 0xfa44, 0xfa44, 0xfa44, 0xfa44, 0xfa44,
  0xfa44, 0xfa44, 0xfa44, 0xfa44, 0xfa44, 0xfa44, 0xfa44, 0xfa44,
  0xfa44, 0xfa44, 0xfa44, 0xfa44, 0xfa44, 0xfa44, 0xfa44, 0xfa44,
  0xfa44, 0xfa44, 0xfa44, 0xfa44, 0xfa44, 0xfa44, 0xfa44, 0xfa44,
  0xfa44, 0xfa44, 0xfa44, 0xfa44, 0xfa44, 0xfa44, 0xfa44, 0xfa44,
  0xfa44, 0xfa44, 0xfa44, 0xfa44, 0xfa44, 0xfa44, 0xfa44, 0xfa44,
  0xfa44, 0xfa44, 0xfa44, 0xfa44, 0xfa44, 0xfa44, 0xfa44, 0xfa44,
  0xfa44, 0xfa44, 0xfa44, 0xfa44, 0xfa44, 0xfa44, 0xfa44, 0xfa44,
  0xfa44, 0xfa44, 0xfa44, 0xfa44, 0xfa44, 0xfa44, 0xfa44, 0xfa44,
  0xfa44, 0xfa44, 0xfa44, 0xfa44, 0xfa44, 0xfa44, 0xfa44, 0xfa44,
  0xfa44, 0xfa44, 0xfa44, 0xfa44, 0xfa44, 0xfa44, 0xfa44, 0xfa44,
  0xfa44, 0xfa44, 0xfa44, 0xfa44, 0xfa44, 0xfa44, 0xfa44, 0xfa44,
  0xfa44, 0xfa44, 0xfa44, 0xfa44, 0xfa44, 0xfa44, 0xfa44, 0xfa44,
  0xfa44, 0xfa44, 0xfa44, 0xfa44, 0xfa44, 0xfa44, 0xfa44, 0xfa44,
  0xfa44, 0xfa44, 0xfa44, 0xfa44, 0xfa44, 0xfa44, 0xfa44, 0xfa44,
  0xfa44, 0xfa44, 0xfa44, 0xfa44, 0xfa44, 0xfa44, 0xfa44, 0xfa44,
  0xfa44, 0xfa44, 0xfa44, 0xfa44, 0xfa44, 0xfa44, 0xfa44, 0xfa44,
  0xfa44, 0xfa44, 0xfa44, 0xfa44, 0xfa44, 0xfa44, 0xfa44, 0xfa44,
  0xfa44, 0xfa44, 0xfa44, 0xfa44, 0xfa44, 0xfa44, 0xfa44, 0xfa44,
  0xfa44, 0xfa44, 0xfa44, 0xfa44, 0xfa44, 0xfa44, 0xfa44, 0xfa44,
  0xfa44, 0xfa44, 0xfa44, 0xfa44, 0xfa44, 0xfa44, 0xfa44, 0xfa44,
  0xfa44, 0xfa44, 0xfa44, 0xfa44, 0xfa44, 0xfa44, 0xfa44, 0xfa44,
  0xfa44, 0xfa44, 0xfa44, 0xfa44, 0xfa44, 0xfa44, 0xfa44, 0xfa44,
  0xfa44, 0xfa44, 0xfa44, 0xfa44, 0xfa44, 0xfa44, 0xfa44, 0xfa44,
  0xfa44, 0xfa44, 0xfa44, 0xfa44, 0xfa44, 0xfa44, 0xfa44, 0xfa44,
  0xfa44, 0xfa44, 0xfa44, 0xfa44, 0xfa44, 0xfa44, 0xfa44, 0xfa44,
  0xfa44, 0xfa44, 0xfa44, 0xfa44, 0xfa44, 0xfa44, 0xfa44, 0xfa44,
  0xfa44, 0xfa44, 0xfa44, 0xfa44, 0xfa44, 0xfa44, 0xfa44, 0xfa44,
  0xfa44, 0xfa44, 0xfa44, 0xfa44, 0xfa44, 0xfa44, 0xfa44, 0xfa44,
  0xfa44, 0xfa44, 0xfa44, 0xfa44, 0xfa44, 0xfa44, 0xfa44, 0xfa44,
  0xfa44, 0xfa44, 0xfa44, 0xfa44, 0xfa44, 0xfa44, 0xfa44, 0xfa44,
  0xfa44, 0xfa44, 0xfa44, 0xfa44, 0xfa44, 0xfa44, 0xfa44, 0xfa44,
  0xfa44, 0xfa44, 0xfa44, 0xfa44, 0xfa44, 0xfa44, 0xfa44, 0xfa44,
  0xfa44, 0xfa44, 0xfa44, 0xfa44, 0xfa44, 0xfa44, 0xfa44, 0xfa44,
  0xfa44, 0xfa44, 0xfa44, 0xfa44, 0xfa44, 0xfa44, 0xfa44, 0xfa44,
  0xfa44, 0xfa44, 0xfa44, 0xfa44, 0xfa44, 0xfa44, 0xfa44, 0xfa44,
  0xfa44, 0xfa44, 0xfa44, 0xfa44, 0xfa44, 0xfa44, 0xfa44, 0xfa44,
  0xfa44, 0xfa44, 0xfa44, 0xfa44, 0xfa44, 0xfa44, 0xfa44, 0xfa44,
  0xfa44, 0xfa44, 0xfa44, 0xfa44, 0xfa44, 0xfa44, 0xfa44, 0xfa44,
  0xfa44, 0xfa44, 0xfa44, 0xfa44, 0xfa44, 0xfa44, 0xfa44, 0xfa44,
  0xfa44, 0xfa44, 0xfa44, 0xfa44, 0xfa44, 0xfa44, 0xfa44, 0xfa44,
  0xfa44, 0xfa44, 0xfa44, 0xfa44, 0xfa44, 0xfa44, 0xfa44, 0xfa44,
  0xfa44, 0xfa44, 0xfa44, 0xfa44, 0xfa44, 0xfa44, 0xfa44, 0xfa44,
  0xfa44, 0xfa44, 0xfa44, 0xfa44, 0xfa44, 0xfa44, 0xfa44, 0xfa44,
  0xfa44, 0xfa44, 0xfa44, 0xfa44, 0xfa44, 0xfa44, 0xfa44, 0xfa44,
  0xfa44, 0xfa44, 0xfa44, 0xfa44, 0xfa44, 0xfa44, 0xfa44, 0xfa44,
  0xfa44, 0xfa44, 0xfa44, 0xfa44, 0xfa44, 0xfa44, 0xfa44, 0xfa44,
  0xfa44, 0xfa44, 0xfa44, 0xfa44, 0xfa44, 0xfa44, 0xfa44, 0xfa44,
  0xfa44, 0xfa44, 0xfa44, 0xfa44, 0xfa44, 0xfa44, 0xfa44, 0xfa44,
  0xfa44, 0xfa44, 0xfa44, 0xfa44, 0xfa44, 0xfa44, 0xfa44, 0xfa44,
  0xfa44, 0xfa44, 0xfa44, 0xfa44, 0xfa44, 0xfa44, 0xfa44, 0xfa44,
  0xfa44, 0xfa44, 0xfa44, 0xfa44, 0xfa44, 0xfa44, 0xfa44, 0xfa44,
  0xfa44, 0xfa44, 0xfa44, 0xfa44, 0xfa44, 0xfa44, 0xfa44, 0xfa44,
  0xfa44, 0xfa44, 0xfa44, 0xfa44, 0xfa44, 0xfa44, 0xfa44, 0xfa44,
  0xfa44, 0xfa44, 0xfa44, 0xfa44, 0xfa44, 0xfa44, 0xfa44, 0xfa44,
  0xfa44, 0xfa44, 0xfa44, 0xfa44, 0xfa44, 0xfa44, 0xfa44, 0xfa44,
  0xfa44, 0xfa44, 0xfa44, 0xfa44, 0xfa44, 0xfa44, 0xfa44, 0xfa44,
  0xfa44, 0xfa44, 0xfa44, 0xfa44, 0xfa44, 0xfa44, 0xfa44, 0xfa44,
  0xfa44, 0xfa44, 0xfa44, 0xfa44, 0xfa44, 0xfa44, 0xfa44, 0xfa44,
  0xfa44, 0xfa44, 0xfa44, 0xfa44, 0xfa44, 0xfa44, 0xfa44, 0xfa44,
  0xfa44, 0xfa44, 0xfa44, 0xfa44, 0xfa44, 0xfa44, 0xfa44, 0xfa44,
  0xfa44, 0xfa44, 0xfa44, 0xfa44, 0xfa44, 0xfa44, 0xfa44, 0xfa44,
  0xfa44, 0xfa44, 0xfa44, 0xfa44, 0xfa44, 0xfa44, 0xfa44, 0xfa44,
  0xfa44, 0xfa44, 0xfa44, 0xfa44, 0xfa44, 0xfa44, 0xfa44, 0xfa44,
  0xfa44, 0xfa44, 0xfa44, 0xfa44, 0xfa44, 0xfa44, 0xfa44, 0xfa44,
  0xfa44, 0xfa44, 0xfa44, 0xfa44, 0xfa44, 0xfa44, 0xfa44, 0xfa44,
  0xfa44, 0xfa44, 0xfa44, 0xfa44, 0xfa44, 0xfa44, 0xfa44, 0xfa44,
  0xfa44, 0xfa44, 0xfa44, 0xfa44, 0xfa44, 0xfa44, 0xfa44, 0xfa44,
  0xfa44, 0xfa44, 0xfa44, 0xfa44, 0xfa44, 0xfa44, 0xfa44, 0xfa44,
  0xfa44, 0xfa44, 0xfa44, 0xfa44, 0xfa44, 0xfa44, 0xfa44, 0xfa44,
  0xfa44, 0xfa44, 0xfa44, 0xfa44, 0xfa44, 0xfa44, 0xfa44, 0xfa44,
  0xfa44, 0xfa44, 0xfa44, 0xfa44, 0xfa44, 0xfa44, 0xfa44, 0xfa44,
  0xfa44, 0xfa44, 0xfa44, 0xfa44, 0xfa44, 0xfa44, 0xfa44, 0xfa44,
  0xfa44, 0xfa44, 0xfa44, 0xfa44, 0xfa44, 0xfa44, 0xfa44, 0xfa44,
  0xfa44, 0xfa44, 0xfa44, 0xfa44, 0xfa44, 0xfa44, 0xfa44, 0xfa44,
  0xfa44, 0xfa44, 0xfa44, 0xfa44, 0xfa44, 0xfa44, 0xfa44, 0xfa44,
  0xfa44, 0xfa44, 0xfa44, 0xfa44, 0xfa44, 0xfa44, 0xfa44, 0xfa44,
  0xfa44, 0xfa44, 0xfa44, 0xfa44, 0xfa44, 0xfa44, 0xfa44, 0xfa44,
  0xfa44, 0xfa44, 0xfa44, 0xfa44, 0xfa44, 0xfa44, 0xfa44, 0xfa44,
  0xfa44, 0xfa44, 0xfa44, 0xfa44, 0xfa44, 0xfa44, 0xfa44, 0xfa44,
  0xfa44, 0xfa44, 0xfa44, 0xfa44, 0xfa44, 0xfa44, 0xfa44, 0xfa44,
  0xfa44, 0xfa44, 0xfa44, 0xfa44, 0xfa44, 0xfa44, 0xfa44, 0xfa44,
  0xfa44, 0xfa44, 0xfa44, 0xfa44, 0xfa44, 0xfa44, 0xfa44, 0xfa44,
  0xfa44, 0xfa44, 0xfa44, 0xfa44, 0xfa44, 0xfa44, 0xfa44, 0xfa44,
  0xfa44, 0xfa44, 0xfa44, 0xfa44, 0xfa44, 0xfa44, 0xfa44, 0xfa44,
  0xfa44, 0xfa44, 0xfa44, 0xfa44, 0xfa44, 0xfa44, 0xfa44, 0xfa44,
  0xfa44, 0xfa44, 0xfa44, 0xfa44, 0xfa44, 0xfa44, 0xfa44, 0xfa44,
  0xfa44, 0xfa44, 0xfa44, 0xfa44, 0xfa44, 0xfa44, 0xfa44, 0xfa44,
  0xfa44, 0xfa44, 0xfa44, 0xfa44, 0xfa44, 0xfa44, 0xfa44, 0xfa44,
  0xfa44, 0xfa44, 0xfa44, 0xfa44, 0xfa44, 0xfa44, 0xfa44, 0xfa44,
  0xfa44, 0xfa44, 0xfa44, 0xfa44, 0xfa44, 0xfa44, 0xfa44, 0xfa44,
  0xfa44, 0xfa44, 0xfa44, 0xfa44, 0xfa44, 0xfa44, 0xfa44, 0xfa44,
  0xfa44, 0xfa44, 0xfa44, 0xfa44, 0xfa44, 0xfa44, 0xfa44, 0xfa44,
  0xfa44, 0xfa44, 0xfa44, 0xfa44, 0xfa44, 0xfa44, 0xfa44, 0xfa44,
  0xfa44, 0xfa44, 0xfa44, 0xfa44, 0xfa44, 0xfa44, 0xfa44, 0xfa44,
  0xfa44, 0xfa44, 0xfa44, 0xfa44, 0xfa44, 0xfa44, 0xfa44, 0xfa44,
  0xfa44, 0xfa44, 0xfa44, 0xfa44, 0xfa44, 0xfa44, 0xfa44, 0xfa44,
  0xfa44, 0xfa44, 0xfa44, 0xfa44, 0xfa44, 0xfa44, 0xfa44, 0xfa44,
  0xfa44, 0xfa44, 0xfa44, 0xfa44, 0xfa44, 0xfa44, 0xfa44, 0xfa44,
  0xfa44, 0xfa44, 0xfa44, 0xfa44, 0xfa44, 0xfa44, 0xfa44, 0xfa44,
  0xfa44, 0xfa44, 0xfa44, 0xfa44, 0xfa44, 0xfa44, 0xfa44, 0xfa44,
  0xfa44, 0xfa44, 0xfa44, 0xfa44, 0xfa44, 0xfa44, 0xfa44, 0xfa44,
  0xfa44, 0xfa44, 0xfa44, 0xfa44, 0xfa44, 0xfa44, 0xfa44, 0xfa44,
  0xfa44, 0xfa44, 0xfa44, 0xfa44, 0xfa44, 0xfa44, 0xfa44, 0xfa44,
  0xfa44, 0xfa44, 0xfa44, 0xfa44, 0xfa44, 0xfa44, 0xfa44, 0xfa44,
  0xfa44, 0xfa44, 0xfa44, 0xfa44, 0xfa44, 0xfa44, 0xfa44, 0xfa44,
  0xfa44, 0xfa44, 0xfa44, 0xfa44, 0xfa44, 0xfa44, 0xfa44, 0xfa44,
  0xfa44, 0xfa44, 0xfa44, 0xfa44, 0xfa44, 0xfa44, 0xfa44, 0xfa44,
  0xfa44, 0xfa44, 0xfa44, 0xfa44, 0xfa44, 0xfa44, 0xfa44, 0xfa44,
  0xfa44, 0xfa44, 0xfa44, 0xfa44, 0xfa44, 0xfa44, 0xfa44, 0xfa44,
  0xfa44, 0xfa44, 0xfa44, 0xfa44, 0xfa44, 0xfa44, 0xfa44, 0xfa44,
  0xfa44, 0xfa44, 0xfa44, 0xfa44, 0xfa44, 0xfa44, 0xfa44, 0xfa44,
  0xfa44, 0xfa44, 0xfa44, 0xfa44, 0xfa44, 0xfa44, 0xfa44, 0xfa44,
  0xfa44, 0xfa44, 0xfa44, 0xfa44, 0xfa44, 0xfa44, 0xfa44, 0xfa44,
  0xfa44, 0xfa44, 0xfa44, 0xfa44, 0xfa44, 0xfa44, 0xfa44, 0xfa44,
  0xfa44, 0xfa44, 0xfa44, 0xfa44, 0xfa44, 0xfa44, 0xfa44, 0xfa44,
  0xfa44, 0xfa44, 0xfa44, 0xfa44, 0xfa44, 0xfa44, 0xfa44, 0xfa44,
  0xfa44, 0xfa44, 0xfa44, 0xfa44, 0xfa44, 0xfa44, 0xfa44, 0xfa44,
  0xfa44, 0xfa44, 0xfa44, 0xfa44, 0xfa44, 0xfa44, 0xfa44, 0xfa44,
  0xfa44, 0xfa44, 0xfa44, 0xfa44, 0xfa44, 0xfa44, 0xfa44, 0xfa44,
  0xfa44, 0xfa44, 0xfa44, 0xfa44, 0xfa44, 0xfa44, 0xfa44, 0xfa44,
  0xfa44, 0xfa44, 0xfa44, 0xfa44, 0xfa44, 0xfa44, 0xfa44, 0xfa44,
  0xfa44, 0xfa44, 0xfa44, 0xfa44, 0xfa44, 0xfa44, 0xfa44, 0xfa44,
  0xfa44, 0xfa44, 0xfa44, 0xfa44, 0xfa44, 0xfa44, 0xfa44, 0xfa44,
  0xfa44, 0xfa44, 0xfa44, 0xfa44, 0xfa44, 0xfa44, 0xfa44, 0xfa44,
  0xfa44, 0xfa44, 0xfa44, 0xfa44, 0xfa44, 0xfa44, 0xfa44, 0xfa44,
  0xfa44, 0xfa44, 0xfa44, 0xfa44, 0xfa44, 0xfa44, 0xfa44, 0xfa44,
  0xfa44, 0xfa44, 0xfa44, 0xfa44, 0xfa44, 0xfa44, 0xfa44, 0xfa44,
  0xfa44, 0xfa44, 0xfa44, 0xfa44, 0xfa44, 0xfa44, 0xfa44, 0xfa44,
  0xfa44, 0xfa44, 0xfa44, 0xfa44, 0xfa44, 0xfa44, 0xfa44, 0xfa44,
  0xfa44, 0xfa44, 0xfa44, 0xfa44, 0xfa44, 0xfa44, 0xfa44, 0xfa44,
  0xfa44, 0xfa44, 0xfa44, 0xfa44, 0xfa44, 0xfa44, 0xfa44, 0xfa44,
  0xfa44, 0xfa44, 0xfa44, 0xfa44, 0xfa44, 0xfa44, 0xfa44, 0xfa44,
  0xfa44, 0xfa44, 0xfa44, 0xfa44, 0xfa44, 0xfa44, 0xfa44, 0xfa44,
  0xfa44, 0xfa44, 0xfa44, 0xfa44, 0xfa44, 0xfa44, 0xfa44, 0xfa44,
  0xfa44, 0xfa44, 0xfa44, 0xfa44, 0xfa44, 0xfa44, 0xfa44, 0xfa44,
  0xfa44, 0xfa44, 0xfa44, 0xfa44, 0xfa44, 0xfa44, 0xfa44, 0xfa44,
  0xfa44, 0xfa44, 0xfa44, 0xfa44, 0xfa44, 0xfa44, 0xfa44, 0xfa44,
  0xfa44, 0xfa44, 0xfa44, 0xfa44, 0xfa44, 0xfa44, 0xfa44, 0xfa44,
  0xfa44, 0xfa44, 0xfa44, 0xfa44, 0xfa44, 0xfa44, 0xfa44, 0xfa44,
  0xfa44, 0xfa44, 0xfa44, 0xfa44, 0xfa44, 0xfa44, 0xfa44, 0xfa44,
  0xfa44, 0xfa44, 0xfa44, 0xfa44, 0xfa44, 0xfa44, 0xfa44, 0xfa44,
  0xfa44, 0xfa44, 0xfa44, 0xfa44, 0xfa44, 0xfa44, 0xfa44, 0xfa44,
  0xfa44, 0xfa44, 0xfa44, 0xfa44, 0xfa44, 0xfa44, 0xfa44, 0xfa44,
  0xfa44, 0xfa44, 0xfa44, 0xfa44, 0xfa44, 0xfa44, 0xfa44, 0xfa44,
  0xfa44, 0xfa44, 0xfa44, 0xfa44, 0xfa44, 0xfa44, 0xfa44, 0xfa44,
  0xfa44, 0xfa44, 0xfa44, 0xfa44, 0xfa44, 0xfa44, 0xfa44, 0xfa44,
  0xfa44, 0xfa44, 0xfa44, 0xfa44, 0xfa44, 0xfa44, 0xfa44, 0xfa44,
  0xfa44, 0xfa44, 0xfa44, 0xfa44, 0xfa44, 0xfa44, 0xfa44, 0xfa44,
  0xfa44, 0xfa44, 0xfa44, 0xfa44, 0xfa44, 0xfa44, 0xfa44, 0xfa44,
  0xfa44, 0xfa44, 0xfa44, 0xfa44, 0xfa44, 0xfa44, 0xfa44, 0xfa44,
  0xfa44, 0xfa44, 0xfa44, 0xfa44, 0xfa44, 0xfa44, 0xfa44, 0xfa44,
  0xfa44, 0xfa44, 0xfa44, 0xfa44, 0xfa44, 0xfa44, 0xfa44, 0xfa44,
  0xfa44, 0xfa44, 0xfa44, 0xfa44, 0xfa44, 0xfa44, 0xfa44, 0xfa44,
  0xfa44, 0xfa44, 0xfa44, 0xfa44, 0xfa44, 0xfa44, 0xfa44, 0xfa44,
  0xfa44, 0xfa44, 0xfa44, 0xfa44, 0xfa44, 0xfa44, 0xfa44, 0xfa44,
  0xfa44, 0xfa44, 0xfa44, 0xfa44, 0xfa44, 0xfa44, 0xfa44, 0xfa44,
  0xfa44, 0xfa44, 0xfa44, 0xfa44, 0xfa44, 0xfa44, 0xfa44, 0xfa44,
  0xfa44, 0xfa44, 0xfa44, 0xfa44, 0xfa44, 0xfa44, 0xfa44, 0xfa44,
  0xfa44, 0xfa44, 0xfa44, 0xfa44, 0xfa44, 0xfa44, 0xfa44, 0xfa44,
  0xfa44, 0xfa44, 0xfa44, 0xfa44, 0xfa44, 0xfa44, 0xfa44, 0xfa44,
  0xfa44, 0xfa44, 0xfa44, 0xfa44, 0xfa44, 0xfa44, 0xfa44, 0xfa44,
  0xfa44, 0xfa44, 0xfa44, 0xfa44, 0xfa44, 0xfa44, 0xfa44, 0xfa44,
  0xfa44, 0xfa44, 0xfa44, 0xfa44, 0xfa44, 0xfa44, 0xfa44, 0xfa44,
  0xfa44, 0xfa44, 0xfa44, 0xfa44, 0xfa44, 0xfa44, 0xfa44, 0xfa44,
  0xfa44, 0xfa44, 0xfa44, 0xfa44, 0xfa44, 0xfa44, 0xfa44, 0xfa44,
  0xfa44, 0xfa44, 0xfa44, 0xfa44, 0xfa44, 0xfa44, 0xfa44, 0xfa44,
  0xfa44, 0xfa44, 0xfa44, 0xfa44, 0xfa44, 0xfa44, 0xfa44, 0xfa44,
  0xfa44, 0xfa44, 0xfa44, 0xfa44, 0xfa44, 0xfa44, 0xfa44, 0xfa44,
  0xfa44, 0xfa44, 0xfa44, 0xfa44, 0xfa44, 0xfa44, 0xfa44, 0xfa44,
  0xfa44, 0xfa44, 0xfa44, 0xfa44, 0xfa44, 0xfa44, 0xfa44, 0xfa44,
  0xfa44, 0xfa44, 0xfa44, 0xfa44, 0xfa44, 0xfa44, 0xfa44, 0xfa44,
  0xfa44, 0xfa44, 0xfa44, 0xfa44, 0xfa44, 0xfa44, 0xfa44, 0xfa44,
  0xfa44, 0xfa44, 0xfa44, 0xfa44, 0xfa44, 0xfa44, 0xfa44, 0xfa44,
  0xfa44, 0xfa44, 0xfa44, 0xfa44, 0xfa44, 0xfa44, 0xfa44, 0xfa44,
  0xfa44, 0xfa44, 0xfa44, 0xfa44, 0xfa44, 0xfa44, 0xfa44, 0xfa44,
  0xfa44, 0xfa44, 0xfa44, 0xfa44, 0xfa44, 0xfa44, 0xfa44, 0xfa44,
  0xfa44, 0xfa44, 0xfa44, 0xfa44, 0xfa44, 0xfa44, 0xfa44, 0xfa44,
  0xfa44, 0xfa44, 0xfa44, 0xfa44, 0xfa44, 0xfa44, 0xfa44, 0xfa44,
  0xfa44, 0xfa44, 0xfa44, 0xfa44, 0xfa44, 0xfa44, 0xfa44, 0xfa44,
  0xfa44, 0xfa44, 0xfa44, 0xfa44, 0xfa44, 0xfa44, 0xfa44, 0xfa44,
  0xfa44, 0xfa44, 0xfa44, 0xfa44, 0xfa44, 0xfa44, 0xfa44, 0xfa44,
  0xfa44, 0xfa44, 0xfa44, 0xfa44, 0xfa44, 0xfa44, 0xfa44, 0xfa44,
  0xfa44, 0xfa44, 0xfa44, 0xfa44, 0xfa44, 0xfa44, 0xfa44, 0xfa44,
  0xfa44, 0xfa44, 0xfa44, 0xfa44, 0xfa44, 0xfa44, 0xfa44, 0xfa44,
  0xfa44, 0xfa44, 0xfa44, 0xfa44, 0xfa44, 0xfa44, 0xfa44, 0xfa44,
  0xfa44, 0xfa44, 0xfa44, 0xfa44, 0xfa44, 0xfa44, 0xfa44, 0xfa44,
  0xfa44, 0xfa44, 0xfa44, 0xfa44, 0xfa44, 0xfa44, 0xfa44, 0xfa44,
  0xfa44, 0xfa44, 0xfa44, 0xfa44, 0xfa44, 0xfa44, 0xfa44, 0xfa44,
  0xfa44, 0xfa44, 0xfa44, 0xfa44, 0xfa44, 0xfa44, 0xfa44, 0xfa44,
  0xfa44, 0xfa44, 0xfa44, 0xfa44, 0xfa44, 0xfa44, 0xfa44, 0xfa44,
  0xfa44, 0xfa44, 0xfa44, 0xfa44, 0xfa44, 0xfa44, 0xfa44, 0xfa44,
  0xfa44, 0xfa44, 0xfa44, 0xfa44, 0xfa44, 0xfa44, 0xfa44, 0xfa44,
  0xfa44, 0xfa44, 0xfa44, 0xfa44, 0xfa44, 0xfa44, 0xfa44, 0xfa44,
  0xfa44, 0xfa44, 0xfa44, 0xfa44, 0xfa44, 0xfa44, 0xfa44, 0xfa44,
  0xfa44, 0xfa44, 0xfa44, 0xfa44, 0xfa44, 0xfa44, 0xfa44, 0xfa44,
  0xfa44, 0xfa44, 0xfa44, 0xfa44, 0xfa44, 0xfa44, 0xfa44, 0xfa44,
  0xfa44, 0xfa44, 0xfa44, 0xfa44, 0xfa44, 0xfa44, 0xfa44, 0xfa44,
  0xfa44, 0xfa44, 0xfa44, 0xfa44, 0xfa44, 0xfa44, 0xfa44, 0xfa44,
  0xfa44, 0xfa44, 0xfa44, 0xfa44, 0xfa44, 0xfa44, 0xfa44, 0xfa44,
  0xfa44, 0xfa44, 0xfa44, 0xfa44, 0xfa44, 0xfa44, 0xfa44, 0xfa44,
  0xfa44, 0xfa44, 0xfa44, 0xfa44, 0xfa44, 0xfa44, 0xfa44, 0xfa44,
  0xfa44, 0xfa44, 0xfa44, 0xfa44, 0xfa44, 0xfa44, 0xfa44, 0xfa44,
  0xfa44, 0xfa44, 0xfa44, 0xfa44, 0xfa44, 0xfa44, 0xfa44, 0xfa44,
  0xfa44, 0xfa44, 0xfa44, 0xfa44, 0xfa44, 0xfa44, 0xfa44, 0xfa44,
  0xfa44, 0xfa44, 0xfa44, 0xfa44, 0xfa44, 0xfa44, 0xfa44, 0xfa44,
  0xfa44, 0xfa44, 0xfa44, 0xfa44, 0xfa44, 0xfa44, 0xfa44, 0xfa44,
  0xfa44, 0xfa44, 0xfa44, 0xfa44, 0xfa44, 0xfa44, 0xfa44, 0xfa44,
  0xfa44, 0xfa44, 0xfa44, 0xfa44, 0xfa44, 0xfa44, 0xfa44, 0xfa44,
  0xfa44, 0xfa44, 0xfa44, 0xfa44, 0xfa44, 0xfa44, 0xfa44, 0xfa44,
  0xfa44, 0xfa44, 0xfa44, 0xfa44, 0xfa44, 0xfa44, 0xfa44, 0xfa44,
  0xfa44, 0xfa44, 0xfa44, 0xfa44, 0xfa44, 0xfa44, 0xfa44, 0xfa44,
  0xfa44, 0xfa44, 0xfa44, 0xfa44, 0xfa44, 0xfa44, 0xfa44, 0xfa44,
  0xfa44, 0xfa44, 0xfa44, 0xfa44, 0xfa44, 0xfa44, 0xfa44, 0xfa44,
  0xfa44, 0xfa44, 0xfa44, 0xfa44, 0xfa44, 0xfa44, 0xfa44, 0xfa44,
  0xfa44, 0xfa44, 0xfa44, 0xfa44, 0xfa44, 0xfa44, 0xfa44, 0xfa44,
  0xfa44, 0xfa44, 0xfa44, 0xfa44, 0xfa44, 0xfa44, 0xfa44, 0xfa44,
  0xfa44, 0xfa44, 0xfa44, 0xfa44, 0xfa44, 0xfa44, 0xfa44, 0xfa44,
  0xfa44, 0xfa44, 0xfa44, 0xfa44, 0xfa44, 0xfa44, 0xfa44, 0xfa44,
  0xfa44, 0xfa44, 0xfa44, 0xfa44, 0xfa44, 0xfa44, 0xfa44, 0xfa44,
  0xfa44, 0xfa44, 0xfa44, 0xfa44, 0xfa44, 0xfa44, 0xfa44, 0xfa44,
  0xfa44, 0xfa44, 0xfa44, 0xfa44, 0xfa44, 0xfa44, 0xfa44, 0xfa44,
  0xfa44, 0xfa44, 0xfa44, 0xfa44, 0xfa44, 0xfa44, 0xfa44, 0xfa44,
  0xfa44, 0xfa44, 0xfa44, 0xfa44, 0xfa44, 0xfa44, 0xfa44, 0xfa44,
  0xfa44, 0xfa44, 0xfa44, 0xfa44, 0xfa44, 0xfa44, 0xfa44, 0xfa44,
  0xfa44, 0xfa44, 0xfa44, 0xfa44, 0xfa44, 0xfa44, 0xfa44, 0xfa44,
  0xfa44, 0xfa44, 0xfa44, 0xfa44, 0xfa44, 0xfa44, 0xfa44, 0xfa44,
  0xfa44, 0xfa44, 0xfa44, 0xfa44, 0xfa44, 0xfa44, 0xfa44, 0xfa44,
  0xfa44, 0xfa44, 0xfa44, 0xfa44, 0xfa44, 0xfa44, 0xfa44, 0xfa44,
  0xfa44, 0xfa44, 0xfa44, 0xfa44, 0xfa44, 0xfa44, 0xfa44, 0xfa44,
  0xfa44, 0xfa44, 0xfa44, 0xfa44, 0xfa44, 0xfa44, 0xfa44, 0xfa44,
  0xfa44, 0xfa44, 0xfa44, 0xfa44, 0xfa44, 0xfa44, 0xfa44, 0xfa44,
  0xfa44, 0xfa44, 0xfa44, 0xfa44, 0xfa44, 0xfa44, 0xfa44, 0xfa44,
  0xfa44, 0xfa44, 0xfa44, 0xfa44, 0xfa44, 0xfa44, 0xfa44, 0xfa44,
  0xfa44, 0xfa44, 0xfa44, 0xfa44, 0xfa44, 0xfa44, 0xfa44, 0xfa44,
  0xfa44, 0xfa44, 0xfa44, 0xfa44, 0xfa44, 0xfa44, 0xfa44, 0xfa44,
  0xfa44, 0xfa44, 0xfa44, 0xfa44, 0xfa44, 0xfa44, 0xfa44, 0xfa44,
  0xfa44, 0xfa44, 0xfa44, 0xfa44, 0xfa44, 0xfa44, 0xfa44, 0xfa44,
  0xfa44, 0xfa44, 0xfa44, 0xfa44, 0xfa44, 0xfa44, 0xfa44, 0xfa44,
  0xfa44, 0xfa44, 0xfa44, 0xfa44, 0xfa44, 0xfa44, 0xfa44, 0xfa44,
  0xfa44, 0xfa44, 0xfa44, 0xfa44, 0xfa44, 0xfa44, 0xfa44, 0xfa44,
  0xfa44, 0xfa44, 0xfa44, 0xfa44, 0xfa44, 0xfa44, 0xfa44, 0xfa44,
  0xfa44, 0xfa44, 0xfa44, 0xfa44, 0xfa44, 0xfa44, 0xfa44, 0xfa44,
  0xfa44, 0xfa44, 0xfa44, 0xfa44, 0xfa44, 0xfa44, 0xfa44, 0xfa44,
  0xfa44, 0xfa44, 0xfa44, 0xfa44, 0xfa44, 0xfa44, 0xfa44, 0xfa44,
  0xfa44, 0xfa44, 0xfa44, 0xfa44, 0xfa44, 0xfa44, 0xfa44, 0xfa44,
  0xfa44, 0xfa44, 0xfa44, 0xfa44, 0xfa44, 0xfa44, 0xfa44, 0xfa44,
  0xfa44, 0xfa44, 0xfa44, 0xfa44, 0xfa44, 0xfa44, 0xfa44, 0xfa44,
  0xfa44, 0xfa44, 0xfa44, 0xfa44, 0xfa44, 0xfa44, 0xfa44, 0xfa44,
  0xfa44, 0xfa44, 0xfa44, 0xfa44, 0xfa44, 0xfa44, 0xfa44, 0xfa44,
  0xfa44, 0xfa44, 0xfa44, 0xfa44, 0xfa44, 0xfa44, 0xfa44, 0xfa44,
  0xfa44, 0xfa44, 0xfa44, 0xfa44, 0xfa44, 0xfa44, 0xfa44, 0xfa44,
  0xfa44, 0xfa44, 0xfa44, 0xfa44, 0xfa44, 0xfa44, 0xfa44, 0xfa44,
  0xfa44, 0xfa44, 0xfa44, 0xfa44, 0xfa44, 0xfa44, 0xfa44, 0xfa44,
  0xfa44, 0xfa44, 0xfa44, 0xfa44, 0xfa44, 0xfa44, 0xfa44, 0xfa44,
  0xfa44, 0xfa44, 0xfa44, 0xfa44, 0xfa44, 0xfa44, 0xfa44, 0xfa44,
  0xfa44, 0xfa44, 0xfa44, 0xfa44, 0xfa44, 0xfa44, 0xfa44, 0xfa44,
  0xfa44, 0xfa44, 0xfa44, 0xfa44, 0xfa44, 0xfa44, 0xfa44, 0xfa44,
  0xfa44, 0xfa44, 0xfa44, 0xfa44, 0xfa44, 0xfa44, 0xfa44, 0xfa44,
  0xfa44, 0xfa44, 0xfa44, 0xfa44, 0xfa44, 0xfa44, 0xfa44, 0xfa44,
  0xfa44, 0xfa44, 0xfa44, 0xfa44, 0xfa44, 0xfa44, 0xfa44, 0xfa44,
  0xfa44, 0xfa44, 0xfa44, 0xfa44, 0xfa44, 0xfa44, 0xfa44, 0xfa44,
  0xfa44, 0xfa44, 0xfa44, 0xfa44, 0xfa44, 0xfa44, 0xfa44, 0xfa44,
  0xfa44, 0xfa44, 0xfa44, 0xfa44, 0xfa44, 0xfa44, 0xfa44, 0xfa44,
  0xfa44, 0xfa44, 0xfa44, 0xfa44, 0xfa44, 0xfa44, 0xfa44, 0xfa44,
  0xfa44, 0xfa44, 0xfa44, 0xfa44, 0xfa44, 0xfa44, 0xfa44, 0xfa44,
  0xfa44, 0xfa44, 0xfa44, 0xfa44, 0xfa44, 0xfa44, 0xfa44, 0xfa44,
  0xfa44, 0xfa44, 0xfa44, 0xfa44, 0xfa44, 0xfa44, 0xfa44, 0xfa44,
  0xfa44, 0xfa44, 0xfa44, 0xfa44, 0xfa44, 0xfa44, 0xfa44, 0xfa44,
  0xfa44, 0xfa44, 0xfa44, 0xfa44, 0xfa44, 0xfa44, 0xfa44, 0xfa44,
  0xfa44, 0xfa44, 0xfa44, 0xfa44, 0xfa44, 0xfa44, 0xfa44, 0xfa44,
  0xfa44, 0xfa44, 0xfa44, 0xfa44, 0xfa44, 0xfa44, 0xfa44, 0xfa44,
  0xfa44, 0xfa44, 0xfa44, 0xfa44, 0xfa44, 0xfa44, 0xfa44, 0xfa44,
  0xfa44, 0xfa44, 0xfa44, 0xfa44, 0xfa44, 0xfa44, 0xfa44, 0xfa44,
  0xfa44, 0xfa44, 0xfa44, 0xfa44, 0xfa44, 0xfa44, 0xfa44, 0xfa44,
  0xfa44, 0xfa44, 0xfa44, 0xfa44, 0xfa44, 0xfa44, 0xfa44, 0xfa44,
  0xfa44, 0xfa44, 0xfa44, 0xfa44, 0xfa44, 0xfa44, 0xfa44, 0xfa44,
  0xfa44, 0xfa44, 0xfa44, 0xfa44, 0xfa44, 0xfa44, 0xfa44, 0xfa44,
  0xfa44, 0xfa44, 0xfa44, 0xfa44, 0xfa44, 0xfa44, 0xfa44, 0xfa44,
  0xfa44, 0xfa44, 0xfa44, 0xfa44, 0xfa44, 0xfa44, 0xfa44, 0xfa44,
  0xfa44, 0xfa44, 0xfa44, 0xfa44, 0xfa44, 0xfa44, 0xfa44, 0xfa44,
  0xfa44, 0xfa44, 0xfa44, 0xfa44, 0xfa44, 0xfa44, 0xfa44, 0xfa44,
  0xfa44, 0xfa44, 0xfa44, 0xfa44, 0xfa44, 0xfa44, 0xfa44, 0xfa44,
  0xfa44, 0xfa44, 0xfa44, 0xfa44, 0xfa44, 0xfa44, 0xfa44, 0xfa44,
  0xfa44, 0xfa44, 0xfa44, 0xfa44, 0xfa44, 0xfa44, 0xfa44, 0xfa44,
  0xfa44, 0xfa44, 0xfa44, 0xfa44, 0xfa44, 0xfa44, 0xfa44, 0xfa44,
  0xfa44, 0xfa44, 0xfa44, 0xfa44, 0xfa44, 0xfa44, 0xfa44, 0xfa44,
  0xfa44, 0xfa44, 0xfa44, 0xfa44, 0xfa44, 0xfa44, 0xfa44, 0xfa44,
  0xfa44, 0xfa44, 0xfa44, 0xfa44, 0xfa44, 0xfa44, 0xfa44, 0xfa44,
  0xfa44, 0xfa44, 0xfa44, 0xfa44, 0xfa44, 0xfa44, 0xfa44, 0xfa44,
  0xfa44, 0xfa44, 0xfa44, 0xfa44, 0xfa44, 0xfa44, 0xfa44, 0xfa44,
  0xfa44, 0xfa44, 0xfa44, 0xfa44, 0xfa44, 0xfa44, 0xfa44, 0xfa44,
  0xfa44, 0xfa44, 0xfa44, 0xfa44, 0xfa44, 0xfa44, 0xfa44, 0xfa44,
  0xfa44, 0xfa44, 0xfa44, 0xfa44, 0xfa44, 0xfa44, 0xfa44, 0xfa44,
  0xfa44, 0xfa44, 0xfa44, 0xfa44, 0xfa44, 0xfa44, 0xfa44, 0xfa44,
  0xfa44, 0xfa44, 0xfa44, 0xfa44, 0xfa44, 0xfa44, 0xfa44, 0xfa44,
  0xfa44, 0xfa44, 0xfa44, 0xfa44, 0xfa44, 0xfa44, 0xfa44, 0xfa44,
  0xfa44, 0xfa44, 0xfa44, 0xfa44, 0xfa44, 0xfa44, 0xfa44, 0xfa44,
  0xfa44, 0xfa44, 0xfa44, 0xfa44, 0xfa44, 0xfa44, 0xfa44, 0xfa44,
  0xfa44, 0xfa44, 0xfa44, 0xfa44, 0xfa44, 0xfa44, 0xfa44, 0xfa44,
  0xfa44, 0xfa44, 0xfa44, 0xfa44, 0xfa44, 0xfa44, 0xfa44, 0xfa44,
  0xfa44, 0xfa44, 0xfa44, 0xfa44, 0xfa44, 0xfa44, 0xfa44, 0xfa44,
  0xfa44, 0xfa44, 0xfa44, 0xfa44, 0xfa44, 0xfa44, 0xfa44, 0xfa44,
  0xfa44, 0xfa44, 0xfa44, 0xfa44, 0xfa44, 0xfa44, 0xfa44, 0xfa44,
  0xfa44, 0xfa44, 0xfa44, 0xfa44, 0xfa44, 0xfa44, 0xfa44, 0xfa44,
  0xfa44, 0xfa44, 0xfa44, 0xfa44, 0xfa44, 0xfa44, 0xfa44, 0xfa44,
  0xfa44, 0xfa44, 0xfa44, 0xfa44, 0xfa44, 0xfa44, 0xfa44, 0xfa44,
  0xfa44, 0xfa44, 0xfa44, 0xfa44, 0xfa44, 0xfa44, 0xfa44, 0xfa44,
  0xfa44, 0xfa44, 0xfa44, 0xfa44, 0xfa44, 0xfa44, 0xfa44, 0xfa44,
  0xfa44, 0xfa44, 0xfa44, 0xfa44, 0xfa44, 0xfa44, 0xfa44, 0xfa44,
  0xfa44, 0xfa44, 0xfa44, 0xfa44, 0xfa44, 0xfa44, 0xfa44, 0xfa44,
  0xfa44, 0xfa44, 0xfa44, 0xfa44, 0xfa44, 0xfa44, 0xfa44, 0xfa44,
  0xfa44, 0xfa44, 0xfa44, 0xfa44, 0xfa44, 0xfa44, 0xfa44, 0xfa44,
  0xfa44, 0xfa44, 0xfa44, 0xfa44, 0xfa44, 0xfa44, 0xfa44, 0xfa44,
  0xfa44, 0xfa44, 0xfa44, 0xfa44, 0xfa44, 0xfa44, 0xfa44, 0xfa44,
  0xfa44, 0xfa44, 0xfa44, 0xfa44, 0xfa44, 0xfa44, 0xfa44, 0xfa44,
  0xfa44, 0xfa44, 0xfa44, 0xfa44, 0xfa44, 0xfa44, 0xfa44, 0xfa44,
  0xfa44, 0xfa44, 0xfa44, 0xfa44, 0xfa44, 0xfa44, 0xfa44, 0xfa44,
  0xfa44, 0xfa44, 0xfa44, 0xfa44, 0xfa44, 0xfa44, 0xfa44, 0xfa44,
  0xfa44, 0xfa44, 0xfa44, 0xfa44, 0xfa44, 0xfa44, 0xfa44, 0xfa44,
  0xfa44, 0xfa44, 0xfa44, 0xfa44, 0xfa44, 0xfa44, 0xfa44, 0xfa44,
  0xfa44, 0xfa44, 0xfa44, 0xfa44, 0xfa44, 0xfa44, 0xfa44, 0xfa44,
  0xfa44, 0xfa44, 0xfa44, 0xfa44, 0xfa44, 0xfa44, 0xfa44, 0xfa44,
  0xfa44, 0xfa44, 0xfa44, 0xfa44, 0xfa44, 0xfa44, 0xfa44, 0xfa44,
  0xfa44, 0xfa44, 0xfa44, 0xfa44, 0xfa44, 0xfa44, 0xfa44, 0xfa44,
  0xfa44, 0xfa44, 0xfa44, 0xfa44, 0xfa44, 0xfa44, 0xfa44, 0xfa44,
  0xfa44, 0xfa44, 0xfa44, 0xfa44, 0xfa44, 0xfa44, 0xfa44, 0xfa44,
  0xfa44, 0xfa44, 0xfa44, 0xfa44, 0xfa44, 0xfa44, 0xfa44, 0xfa44,
  0xfa44, 0xfa44, 0xfa44, 0xfa44, 0xfa44, 0xfa44, 0xfa44, 0xfa44,
  0xfa44, 0xfa44, 0xfa44, 0xfa44, 0xfa44, 0xfa44, 0xfa44, 0xfa44,
  0xfa44, 0xfa44, 0xfa44, 0xfa44, 0xfa44, 0xfa44, 0xfa44, 0xfa44,
  0xfa44, 0xfa44, 0xfa44, 0xfa44, 0xfa44, 0xfa44, 0xfa44, 0xfa44,
  0xfa44, 0xfa44, 0xfa44, 0xfa44, 0xfa44, 0xfa44, 0xfa44, 0xfa44,
  0xfa44, 0xfa44, 0xfa44, 0xfa44, 0xfa44, 0xfa44, 0xfa44, 0xfa44,
  0xfa44, 0xfa44, 0xfa44, 0xfa44, 0xfa44, 0xfa44, 0xfa44, 0xfa44,
  0xfa44, 0xfa44, 0xfa44, 0xfa44, 0xfa44, 0xfa44, 0xfa44, 0xfa44,
  0xfa44, 0xfa44, 0xfa44, 0xfa44, 0xfa44, 0xfa44, 0xfa44, 0xfa44,
  0xfa44, 0xfa44, 0xfa44, 0xfa44, 0xfa44, 0xfa44, 0xfa44, 0xfa44,
  0xfa44, 0xfa44, 0xfa44, 0xfa44, 0xfa44, 0xfa44, 0xfa44, 0xfa44,
  0xfa44, 0xfa44, 0xfa44, 0xfa44, 0xfa44, 0xfa44, 0xfa44, 0xfa44,
  0xfa44, 0xfa44, 0xfa44, 0xfa44, 0xfa44, 0xfa44, 0xfa44, 0xfa44,
  0xfa44, 0xfa44, 0xfa44, 0xfa44, 0xfa44, 0xfa44, 0xfa44, 0xfa44,
  0xfa44, 0xfa44, 0xfa44, 0xfa44, 0xfa44, 0xfa44, 0xfa44, 0xfa44,
  0xfa44, 0xfa44, 0xfa44, 0xfa44, 0xfa44, 0xfa44, 0xfa44, 0xfa44,
  0xfa44, 0xfa44, 0xfa44, 0xfa44, 0xfa44, 0xfa44, 0xfa44, 0xfa44,
  0xfa44, 0xfa44, 0xfa44, 0xfa44, 0xfa44, 0xfa44, 0xfa44, 0xfa44,
  0xfa44, 0xfa44, 0xfa44, 0xfa44, 0xfa44, 0xfa44, 0xfa44, 0xfa44,
  0xfa44, 0xfa44, 0xfa44, 0xfa44, 0xfa44, 0xfa44, 0xfa44, 0xfa44,
  0xfa44, 0xfa44, 0xfa44, 0xfa44, 0xfa44, 0xfa44, 0xfa44, 0xfa44,
  0xfa44, 0xfa44, 0xfa44, 0xfa44, 0xfa44, 0xfa44, 0xfa44, 0xfa44,
  0xfa44, 0xfa44, 0xfa44, 0xfa44, 0xfa44, 0xfa44, 0xfa44, 0xfa44,
  0xfa44, 0xfa44, 0xfa44, 0xfa44, 0xfa44, 0xfa44, 0xfa44, 0xfa44,
  0xfa44, 0xfa44, 0xfa44, 0xfa44, 0xfa44, 0xfa44, 0xfa44, 0xfa44,
  0xfa44, 0xfa44, 0xfa44, 0xfa44, 0xfa44, 0xfa44, 0xfa44, 0xfa44,
  0xfa44, 0xfa44, 0xfa44, 0xfa44, 0xfa44, 0xfa44, 0xfa44, 0xfa44,
  0xfa44, 0xfa44, 0xfa44, 0xfa44, 0xfa44, 0xfa44, 0xfa44, 0xfa44,
  0xfa44, 0xfa44, 0xfa44, 0xfa44, 0xfa44, 0xfa44, 0xfa44, 0xfa44,
  0xfa44, 0xfa44, 0xfa44, 0xfa44, 0xfa44, 0xfa44, 0xfa44, 0xfa44,
  0xfa44, 0xfa44, 0xfa44, 0xfa44, 0xfa44, 0xfa44, 0xfa44, 0xfa44,
  0xfa44, 0xfa44, 0xfa44, 0xfa44, 0xfa44, 0xfa44, 0xfa44, 0xfa44,
  0xfa44, 0xfa44, 0xfa44, 0xfa44, 0xfa44, 0xfa44, 0xfa44, 0xfa44,
  0xfa44, 0xfa44, 0xfa44, 0xfa44, 0xfa44, 0xfa44, 0xfa44, 0xfa44,
  0xfa44, 0xfa44, 0xfa44, 0xfa44, 0xfa44, 0xfa44, 0xfa44, 0xfa44,
  0xfa44, 0xfa44, 0xfa44, 0xfa44, 0xfa44, 0xfa44, 0xfa44, 0xfa44,
  0xfa44, 0xfa44, 0xfa44, 0xfa44, 0xfa44, 0xfa44, 0xfa44, 0xfa44,
  0xfa44, 0xfa44, 0xfa44, 0xfa44, 0xfa44, 0xfa44, 0xfa44, 0xfa44,
  0xfa44, 0xfa44, 0xfa44, 0xfa44, 0xfa44, 0xfa44, 0xfa44, 0xfa44,
  0xfa44, 0xfa44, 0xfa44, 0xfa44, 0xfa44, 0xfa44, 0xfa44, 0xfa44,
  0xfa44, 0xfa44, 0xfa44, 0xfa44, 0xfa44, 0xfa44, 0xfa44, 0xfa44,
  0xfa44, 0xfa44, 0xfa44, 0xfa44, 0xfa44, 0xfa44, 0xfa44, 0xfa44,
  0xfa44, 0xfa44, 0xfa44, 0xfa44, 0xfa44, 0xfa44, 0xfa44, 0xfa44,
  0xfa44, 0xfa44, 0xfa44, 0xfa44, 0xfa44, 0xfa44, 0xfa44, 0xfa44,
  0xfa44, 0xfa44, 0xfa44, 0xfa44, 0xfa44, 0xfa44, 0xfa44, 0xfa44,
  0xfa44, 0xfa44, 0xfa44, 0xfa44, 0xfa44, 0xfa44, 0xfa44, 0xfa44,
  0xfa44, 0xfa44, 0xfa44, 0xfa44, 0xfa44, 0xfa44, 0xfa44, 0xfa44,
  0xfa44, 0xfa44, 0xfa44, 0xfa44, 0xfa44, 0xfa44, 0xfa44, 0xfa44,
  0xfa44, 0xfa44, 0xfa44, 0xfa44, 0xfa44, 0xfa44, 0xfa44, 0xfa44,
  0xfa44, 0xfa44, 0xfa44, 0xfa44, 0xfa44, 0xfa44, 0xfa44, 0xfa44,
  0xfa44, 0xfa44, 0xfa44, 0xfa44, 0xfa44, 0xfa44, 0xfa44, 0xfa44,
  0xfa44, 0xfa44, 0xfa44, 0xfa44, 0xfa44, 0xfa44, 0xfa44, 0xfa44,
  0xfa44, 0xfa44, 0xfa44, 0xfa44, 0xfa44, 0xfa44, 0xfa44, 0xfa44,
  0xfa44, 0xfa44, 0xfa44, 0xfa44, 0xfa44, 0xfa44, 0xfa44, 0xfa44,
  0xfa44, 0xfa44, 0xfa44, 0xfa44, 0xfa44, 0xfa44, 0xfa44, 0xfa44,
  0xfa44, 0xfa44, 0xfa44, 0xfa44, 0xfa44, 0xfa44, 0xfa44, 0xfa44,
  0xfa44, 0xfa44, 0xfa44, 0xfa44, 0xfa44, 0xfa44, 0xfa44, 0xfa44,
  0xfa44, 0xfa44, 0xfa44, 0xfa44, 0xfa44, 0xfa44, 0xfa44, 0xfa44,
  0xfa44, 0xfa44, 0xfa44, 0xfa44, 0xfa44, 0xfa44, 0xfa44, 0xfa44,
  0xfa44, 0xfa44, 0xfa44, 0xfa44, 0xfa44, 0xfa44, 0xfa44, 0xfa44,
  0xfa44, 0xfa44, 0xfa44, 0xfa44, 0xfa44, 0xfa44, 0xfa44, 0xfa44,
  0xfa44, 0xfa44, 0xfa44, 0xfa44, 0xfa44, 0xfa44, 0xfa44, 0xfa44,
  0xfa44, 0xfa44, 0xfa44, 0xfa44, 0xfa44, 0xfa44, 0xfa44, 0xfa44,
  0xfa44, 0xfa44, 0xfa44, 0xfa44, 0xfa44, 0xfa44, 0xfa44, 0xfa44,
  0xfa44, 0xfa44, 0xfa44, 0xfa44, 0xfa44, 0xfa44, 0xfa44, 0xfa44,
  0xfa44, 0xfa44, 0xfa44, 0xfa44, 0xfa44, 0xfa44, 0xfa44, 0xfa44,
  0xfa44, 0xfa44, 0xfa44, 0xfa44, 0xfa44, 0xfa44, 0xfa44, 0xfa44,
  0xfa44, 0xfa44, 0xfa44, 0xfa44, 0xfa44, 0xfa44, 0xfa44, 0xfa44,
  0xfa44, 0xfa44, 0xfa44, 0xfa44, 0xfa44, 0xfa44, 0xfa44, 0xfa44,
  0xfa44, 0xfa44, 0xfa44, 0xfa44, 0xfa44, 0xfa44, 0xfa44, 0xfa44,
  0xfa44, 0xfa44, 0xfa44, 0xfa44, 0xfa44, 0xfa44, 0xfa44, 0xfa44,
  0xfa44, 0xfa44, 0xfa44, 0xfa44, 0xfa44, 0xfa44, 0xfa44, 0xfa44,
  0xfa44, 0xfa44, 0xfa44, 0xfa44, 0xfa44, 0xfa44, 0xfa44, 0xfa44,
  0xfa44, 0xfa44, 0xfa44, 0xfa44, 0xfa44, 0xfa44, 0xfa44, 0xfa44,
  0xfa44, 0xfa44, 0xfa44, 0xfa44, 0xfa44, 0xfa44, 0xfa44, 0xfa44,
  0xfa44, 0xfa44, 0xfa44, 0xfa44, 0xfa44, 0xfa44, 0xfa44, 0xfa44,
  0xfa44, 0xfa44, 0xfa44, 0xfa44, 0xfa44, 0xfa44, 0xfa44, 0xfa44,
  0xfa44, 0xfa44, 0xfa44, 0xfa44, 0xfa44, 0xfa44, 0xfa44, 0xfa44,
  0xfa44, 0xfa44, 0xfa44, 0xfa44, 0xfa44, 0xfa44, 0xfa44, 0xfa44,
  0xfa44, 0xfa44, 0xfa44, 0xfa44, 0xfa44, 0xfa44, 0xfa44, 0xfa44,
  0xfa44, 0xfa44, 0xfa44, 0xfa44, 0xfa44, 0xfa44, 0xfa44, 0xfa44,
  0xfa44, 0xfa44, 0xfa44, 0xfa44, 0xfa44, 0xfa44, 0xfa44, 0xfa44,
  0xfa44, 0xfa44, 0xfa44, 0xfa44, 0xfa44, 0xfa44, 0xfa44, 0xfa44,
  0xfa44, 0xfa44, 0xfa44, 0xfa44, 0xfa44, 0xfa44, 0xfa44, 0xfa44,
  0xfa44, 0xfa44, 0xfa44, 0xfa44, 0xfa44, 0xfa44, 0xfa44, 0xfa44,
  0xfa44, 0xfa44, 0xfa44, 0xfa44, 0xfa44, 0xfa44, 0xfa44, 0xfa44,
  0xfa44, 0xfa44, 0xfa44, 0xfa44, 0xfa44, 0xfa44, 0xfa44, 0xfa44,
  0xfa44, 0xfa44, 0xfa44, 0xfa44, 0xfa44, 0xfa44, 0xfa44, 0xfa44,
  0xfa44, 0xfa44, 0xfa44, 0xfa44, 0xfa44, 0xfa44, 0xfa44, 0xfa44,
  0xfa44, 0xfa44, 0xfa44, 0xfa44, 0xfa44, 0xfa44, 0xfa44, 0xfa44,
  0xfa44, 0xfa44, 0xfa44, 0xfa44, 0xfa44, 0xfa44, 0xfa44, 0xfa44,
  0xfa44, 0xfa44, 0xfa44, 0xfa44, 0xfa44, 0xfa44, 0xfa44, 0xfa44,
  0xfa44, 0xfa44, 0xfa44, 0xfa44, 0xfa44, 0xfa44, 0xfa44, 0xfa44,
  0xfa44, 0xfa44, 0xfa44, 0xfa44, 0xfa44, 0xfa44, 0xfa44, 0xfa44,
  0xfa44, 0xfa44, 0xfa44, 0xfa44, 0xfa44, 0xfa44, 0xfa44, 0xfa44,
  0xfa44, 0xfa44, 0xfa44, 0xfa44, 0xfa44, 0xfa44, 0xfa44, 0xfa44,
  0xfa44, 0xfa44, 0xfa44, 0xfa44, 0xfa44, 0xfa44, 0xfa44, 0xfa44,
  0xfa44, 0xfa44, 0xfa44, 0xfa44, 0xfa44, 0xfa44, 0xfa44, 0xfa44,
  0xfa44, 0xfa44, 0xfa44, 0xfa44, 0xfa44, 0xfa44, 0xfa44, 0xfa44,
  0xfa44, 0xfa44, 0xfa44, 0xfa44, 0xfa44, 0xfa44, 0xfa44, 0xfa44,
  0xfa44, 0xfa44, 0xfa44, 0xfa44, 0xfa44, 0xfa44, 0xfa44, 0xfa44,
  0xfa44, 0xfa44, 0xfa44, 0xfa44, 0xfa44, 0xfa44, 0xfa44, 0xfa44,
  0xfa44, 0xfa44, 0xfa44, 0xfa44, 0xfa44, 0xfa44, 0xfa44, 0xfa44,
  0xfa44, 0xfa44, 0xfa44, 0xfa44, 0xfa44, 0xfa44, 0xfa44, 0xfa44,
  0xfa44, 0xfa44, 0xfa44, 0xfa44, 0xfa44, 0xfa44, 0xfa44, 0xfa44,
  0xfa44, 0xfa44, 0xfa44, 0xfa44, 0xfa44, 0xfa44, 0xfa44, 0xfa44,
  0xfa44, 0xfa44, 0xfa44, 0xfa44, 0xfa44, 0xfa44, 0xfa44, 0xfa44,
  0xfa44, 0xfa44, 0xfa44, 0xfa44, 0xfa44, 0xfa44, 0xfa44, 0xfa44,
  0xfa44, 0xfa44, 0xfa44, 0xfa44, 0xfa44, 0xfa44, 0xfa44, 0xfa44,
  0xfa44, 0xfa44, 0xfa44, 0xfa44, 0xfa44, 0xfa44, 0xfa44, 0xfa44,
  0xfa44, 0xfa44, 0xfa44, 0xfa44, 0xfa44, 0xfa44, 0xfa44, 0xfa44,
  0xfa44, 0xfa44, 0xfa44, 0xfa44, 0xfa44, 0xfa44, 0xfa44, 0xfa44,
  0xfa44, 0xfa44, 0xfa44, 0xfa44, 0xfa44, 0xfa44, 0xfa44, 0xfa44,
  0xfa44, 0xfa44, 0xfa44, 0xfa44, 0xfa44, 0xfa44, 0xfa44, 0xfa44,
  0xfa44, 0xfa44, 0xfa44, 0xfa44, 0xfa44, 0xfa44, 0xfa44, 0xfa44,
  0xfa44, 0xfa44, 0xfa44, 0xfa44, 0xfa44, 0xfa44, 0xfa44, 0xfa44,
  0xfa44, 0xfa44, 0xfa44, 0xfa44, 0xfa44, 0xfa44, 0xfa44, 0xfa44,
  0xfa44, 0xfa44, 0xfa44, 0xfa44, 0xfa44, 0xfa44, 0xfa44, 0xfa44,
  0xfa44, 0xfa44, 0xfa44, 0xfa44, 0xfa44, 0xfa44, 0xfa44, 0xfa44,
  0xfa44, 0xfa44, 0xfa44, 0xfa44, 0xfa44, 0xfa44, 0xfa44, 0xfa44,
  0xfa44, 0xfa44, 0xfa44, 0xfa44, 0xfa44, 0xfa44, 0xfa44, 0xfa44,
  0xfa44, 0xfa44, 0xfa44, 0xfa44, 0xfa44, 0xfa44, 0xfa44, 0xfa44,
  0xfa44, 0xfa44, 0xfa44, 0xfa44, 0xfa44, 0xfa44, 0xfa44, 0xfa44,
  0xfa44, 0xfa44, 0xfa44, 0xfa44, 0xfa44, 0xfa44, 0xfa44, 0xfa44,
  0xfa44, 0xfa44, 0xfa44, 0xfa44, 0xfa44, 0xfa44, 0xfa44, 0xfa44,
  0xfa44, 0xfa44, 0xfa44, 0xfa44, 0xfa44, 0xfa44, 0xfa44, 0xfa44,
  0xfa44, 0xfa44, 0xfa44, 0xfa44, 0xfa44, 0xfa44, 0xfa44, 0xfa44,
  0xfa44, 0xfa44, 0xfa44, 0xfa44, 0xfa44, 0xfa44, 0xfa44, 0xfa44,
  0xfa44, 0xfa44, 0xfa44, 0xfa44, 0xfa44, 0xfa44, 0xfa44, 0xfa44,
  0xfa44, 0xfa44, 0xfa44, 0xfa44, 0xfa44, 0xfa44, 0xfa44, 0xfa44,
  0xfa44, 0xfa44, 0xfa44, 0xfa44, 0xfa44, 0xfa44, 0xfa44, 0xfa44,
  0xfa44, 0xfa44, 0xfa44, 0xfa44, 0xfa44, 0xfa44, 0xfa44, 0xfa44,
  0xfa44, 0xfa44, 0xfa44, 0xfa44, 0xfa44, 0xfa44, 0xfa44, 0xfa44,
  0xfa44, 0xfa44, 0xfa44, 0xfa44, 0xfa44, 0xfa44, 0xfa44, 0xfa44,
  0xfa44, 0xfa44, 0xfa44, 0xfa44, 0xfa44, 0xfa44, 0xfa44, 0xfa44,
  0xfa44, 0xfa44, 0xfa44, 0xfa44, 0xfa44, 0xfa44, 0xfa44, 0xfa44,
  0xfa44, 0xfa44, 0xfa44, 0xfa44, 0xfa44, 0xfa44, 0xfa44, 0xfa44,
  0xfa44, 0xfa44, 0xfa44, 0xfa44, 0xfa44, 0xfa44, 0xfa44, 0xfa44,
  0xfa44, 0xfa44, 0xfa44, 0xfa44, 0xfa44, 0xfa44, 0xfa44, 0xfa44,
  0xfa44, 0xfa44, 0xfa44, 0xfa44, 0xfa44, 0xfa44, 0xfa44, 0xfa44,
  0xfa44, 0xfa44, 0xfa44, 0xfa44, 0xfa44, 0xfa44, 0xfa44, 0xfa44,
  0xfa44, 0xfa44, 0xfa44, 0xfa44, 0xfa44, 0xfa44, 0xfa44, 0xfa44,
  0xfa44, 0xfa44, 0xfa44, 0xfa44, 0xfa44, 0xfa44, 0xfa44, 0xfa44,
  0xfa44, 0xfa44, 0xfa44, 0xfa44, 0xfa44, 0xfa44, 0xfa44, 0xfa44,
  0xfa44, 0xfa44, 0xfa44, 0xfa44, 0xfa44, 0xfa44, 0xfa44, 0xfa44,
  0xfa44, 0xfa44, 0xfa44, 0xfa44, 0xfa44, 0xfa44, 0xfa44, 0xfa44,
  0xfa44, 0xfa44, 0xfa44, 0xfa44, 0xfa44, 0xfa44, 0xfa44, 0xfa44,
  0xfa44, 0xfa44, 0xfa44, 0xfa44, 0xfa44, 0xfa44, 0xfa44, 0xfa44,
  0xfa44, 0xfa44, 0xfa44, 0xfa44, 0xfa44, 0xfa44, 0xfa44, 0xfa44,
  0xfa44, 0xfa44, 0xfa44, 0xfa44, 0xfa44, 0xfa44, 0xfa44, 0xfa44,
  0xfa44, 0xfa44, 0xfa44, 0xfa44, 0xfa44, 0xfa44, 0xfa44, 0xfa44,
  0xfa44, 0xfa44, 0xfa44, 0xfa44, 0xfa44, 0xfa44, 0xfa44, 0xfa44,
  0xfa44, 0xfa44, 0xfa44, 0xfa44, 0xfa44, 0xfa44, 0xfa44, 0xfa44,
  0xfa44, 0xfa44, 0xfa44, 0xfa44, 0xfa44, 0xfa44, 0xfa44, 0xfa44,
  0xfa44, 0xfa44, 0xfa44, 0xfa44, 0xfa44, 0xfa44, 0xfa44, 0xfa44,
  0xfa44, 0xfa44, 0xfa44, 0xfa44, 0xfa44, 0xfa44, 0xfa44, 0xfa44,
  0xfa44, 0xfa44, 0xfa44, 0xfa44, 0xfa44, 0xfa44, 0xfa44, 0xfa44,
  0xfa44, 0xfa44, 0xfa44, 0xfa44, 0xfa44, 0xfa44, 0xfa44, 0xfa44,
  0xfa44, 0xfa44, 0xfa44, 0xfa44, 0xfa44, 0xfa44, 0xfa44, 0xfa44,
  0xfa44, 0xfa44, 0xfa44, 0xfa44, 0xfa44, 0xfa44, 0xfa44, 0xfa44,
  0xfa44, 0xfa44, 0xfa44, 0xfa44, 0xfa44, 0xfa44, 0xfa44, 0xfa44,
  0xfa44, 0xfa44, 0xfa44, 0xfa44, 0xfa44, 0xfa44, 0xfa44, 0xfa44,
  0xfa44, 0xfa44, 0xfa44, 0xfa44, 0xfa44, 0xfa44, 0xfa44, 0xfa44,
  0xfa44, 0xfa44, 0xfa44, 0xfa44, 0xfa44, 0xfa44, 0xfa44, 0xfa44,
  0xfa44, 0xfa44, 0xfa44, 0xfa44, 0xfa44, 0xfa44, 0xfa44, 0xfa44,
  0xfa44, 0xfa44, 0xfa44, 0xfa44, 0xfa44, 0xfa44, 0xfa44, 0xfa44,
  0xfa44, 0xfa44, 0xfa44, 0xfa44, 0xfa44, 0xfa44, 0xfa44, 0xfa44,
  0xfa44, 0xfa44, 0xfa44, 0xfa44, 0xfa44, 0xfa44, 0xfa44, 0xfa44,
  0xfa44, 0xfa44, 0xfa44, 0xfa44, 0xfa44, 0xfa44, 0xfa44, 0xfa44,
  0xfa44, 0xfa44, 0xfa44, 0xfa44, 0xfa44, 0xfa44, 0xfa44, 0xfa44,
  0xfa44, 0xfa44, 0xfa44, 0xfa44, 0xfa44, 0xfa44, 0xfa44, 0xfa44,
  0xfa44, 0xfa44, 0xfa44, 0xfa44, 0xfa44, 0xfa44, 0xfa44, 0xfa44,
  0xfa44, 0xfa44, 0xfa44, 0xfa44, 0xfa44, 0xfa44, 0xfa44, 0xfa44,
  0xfa44, 0xfa44, 0xfa44, 0xfa44, 0xfa44, 0xfa44, 0xfa44, 0xfa44,
  0xfa44, 0xfa44, 0xfa44, 0xfa44, 0xfa44, 0xfa44, 0xfa44, 0xfa44,
  0xfa44, 0xfa44, 0xfa44, 0xfa44, 0xfa44, 0xfa44, 0xfa44, 0xfa44,
  0xfa44, 0xfa44, 0xfa44, 0xfa44, 0xfa44, 0xfa44, 0xfa44, 0xfa44,
  0xfa44, 0xfa44, 0xfa44, 0xfa44, 0xfa44, 0xfa44, 0xfa44, 0xfa44,
  0xfa44, 0xfa44, 0xfa44, 0xfa44, 0xfa44, 0xfa44, 0xfa44, 0xfa44,
  0xfa44, 0xfa44, 0xfa44, 0xfa44, 0xfa44, 0xfa44, 0xfa44, 0xfa44,
  0xfa44, 0xfa44, 0xfa44, 0xfa44, 0xfa44, 0xfa44, 0xfa44, 0xfa44,
  0xfa44, 0xfa44, 0xfa44, 0xfa44, 0xfa44, 0xfa44, 0xfa44, 0xfa44,
  0xfa44, 0xfa44, 0xfa44, 0xfa44, 0xfa44, 0xfa44, 0xfa44, 0xfa44,
  0xfa44, 0xfa44, 0xfa44, 0xfa44, 0xfa44, 0xfa44, 0xfa44, 0xfa44,
  0xfa44, 0xfa44, 0xfa44, 0xfa44, 0xfa44, 0xfa44, 0xfa44, 0xfa44,
  0xfa44, 0xfa44, 0xfa44, 0xfa44, 0xfa44, 0xfa44, 0xfa44, 0xfa44,
  0xfa44, 0xfa44, 0xfa44, 0xfa44, 0xfa44, 0xfa44, 0xfa44, 0xfa44,
  0xfa44, 0xfa44, 0xfa44, 0xfa44, 0xfa44, 0xfa44, 0xfa44, 0xfa44,
  0xfa44, 0xfa44, 0xfa44, 0xfa44, 0xfa44, 0xfa44, 0xfa44, 0xfa44,
  0xfa44, 0xfa44, 0xfa44, 0xfa44, 0xfa44, 0xfa44, 0xfa44, 0xfa44,
  0xfa44, 0xfa44, 0xfa44, 0xfa44, 0xfa44, 0xfa44, 0xfa44, 0xfa44,
  0xfa44, 0xfa44, 0xfa44, 0xfa44, 0xfa44, 0xfa44, 0xfa44, 0xfa44,
  0xfa44, 0xfa44, 0xfa44, 0xfa44, 0xfa44, 0xfa44, 0xfa44, 0xfa44,
  0xfa44, 0xfa44, 0xfa44, 0xfa44, 0xfa44, 0xfa44, 0xfa44, 0xfa44,
  0xfa44, 0xfa44, 0xfa44, 0xfa44, 0xfa44, 0xfa44, 0xfa44, 0xfa44,
  0xfa44, 0xfa44, 0xfa44, 0xfa44, 0xfa44, 0xfa44, 0xfa44, 0xfa44,
  0xfa44, 0xfa44, 0xfa44, 0xfa44, 0xfa44, 0xfa44, 0xfa44, 0xfa44,
  0xfa44, 0xfa44, 0xfa44, 0xfa44, 0xfa44, 0xfa44, 0xfa44, 0xfa44,
  0xfa44, 0xfa44, 0xfa44, 0xfa44, 0xfa44, 0xfa44, 0xfa44, 0xfa44,
  0xfa44, 0xfa44, 0xfa44, 0xfa44, 0xfa44, 0xfa44, 0xfa44, 0xfa44,
  0xfa44, 0xfa44, 0xfa44, 0xfa44, 0xfa44, 0xfa44, 0xfa44, 0xfa44,
  0xfa44, 0xfa44, 0xfa44, 0xfa44, 0xfa44, 0xfa44, 0xfa44, 0xfa44,
  0xfa44, 0xfa44, 0xfa44, 0xfa44, 0xfa44, 0xfa44, 0xfa44, 0xfa44,
  0xfa44, 0xfa44, 0xfa44, 0xfa44, 0xfa44, 0xfa44, 0xfa44, 0xfa44,
  0xfa44, 0xfa44, 0xfa44, 0xfa44, 0xfa44, 0xfa44, 0xfa44, 0xfa44,
  0xfa44, 0xfa44, 0xfa44, 0xfa44, 0xfa44, 0xfa44, 0xfa44, 0xfa44,
  0xfa44, 0xfa44, 0xfa44, 0xfa44, 0xfa44, 0xfa44, 0xfa44, 0xfa44,
  0xfa44, 0xfa44, 0xfa44, 0xfa44, 0xfa44, 0xfa44, 0xfa44, 0xfa44,
  0xfa44, 0xfa44, 0xfa44, 0xfa44, 0xfa44, 0xfa44, 0xfa44, 0xfa44,
  0xfa44, 0xfa44, 0xfa44, 0xfa44, 0xfa44, 0xfa44, 0xfa44, 0xfa44,
  0xfa44, 0xfa44, 0xfa44, 0xfa44, 0xfa44, 0xfa44, 0xfa44, 0xfa44,
  0xfa44, 0xfa44, 0xfa44, 0xfa44, 0xfa44, 0xfa44, 0xfa44, 0xfa44,
  0xfa44, 0xfa44, 0xfa44, 0xfa44, 0xfa44, 0xfa44, 0xfa44, 0xfa44,
  0xfa44, 0xfa44, 0xfa44, 0xfa44, 0xfa44, 0xfa44, 0xfa44, 0xfa44,
  0xfa44, 0xfa44, 0xfa44, 0xfa44, 0xfa44, 0xfa44, 0xfa44, 0xfa44,
  0xfa44, 0xfa44, 0xfa44, 0xfa44, 0xfa44, 0xfa44, 0xfa44, 0xfa44,
  0xfa44, 0xfa44, 0xfa44, 0xfa44, 0xfa44, 0xfa44, 0xfa44, 0xfa44,
  0xfa44, 0xfa44, 0xfa44, 0xfa44, 0xfa44, 0xfa44, 0xfa44, 0xfa44,
  0xfa44, 0xfa44, 0xfa44, 0xfa44, 0xfa44, 0xfa44, 0xfa44, 0xfa44,
  0xfa44, 0xfa44, 0xfa44, 0xfa44, 0xfa44, 0xfa44, 0xfa44, 0xfa44
};

const int Axum_width = 240;
const int Axum_height = 280;
const int Axum_size = 134400;
